"filename", "language", "XML", "Markdown", "Python", "Shell Script", "Java", "HTML", "Java Properties", "comment", "blank", "total"
"d:\KG\EA\NALA\.idea\PNAL.iml", "XML", 9, 0, 0, 0, 0, 0, 0, 0, 0, 9
"d:\KG\EA\NALA\.idea\misc.xml", "XML", 6, 0, 0, 0, 0, 0, 0, 0, 0, 6
"d:\KG\EA\NALA\.idea\modules.xml", "XML", 8, 0, 0, 0, 0, 0, 0, 0, 0, 8
"d:\KG\EA\NALA\.idea\vcs.xml", "XML", 6, 0, 0, 0, 0, 0, 0, 0, 0, 6
"d:\KG\EA\NALA\BERTunit\basic_bert_unit\Basic_Bert_Unit_model.py", "Python", 0, 0, 18, 0, 0, 0, 0, 3, 7, 28
"d:\KG\EA\NALA\BERTunit\basic_bert_unit\Batch_TrainData_Generator.py", "Python", 0, 0, 57, 0, 0, 0, 0, 3, 16, 76
"d:\KG\EA\NALA\BERTunit\basic_bert_unit\Param.py", "Python", 0, 0, 41, 0, 0, 0, 0, 0, 11, 52
"d:\KG\EA\NALA\BERTunit\basic_bert_unit\Read_data_func.py", "Python", 0, 0, 166, 0, 0, 0, 0, 16, 36, 218
"d:\KG\EA\NALA\BERTunit\basic_bert_unit\eval_function.py", "Python", 0, 0, 50, 0, 0, 0, 0, 2, 16, 68
"d:\KG\EA\NALA\BERTunit\basic_bert_unit\main.py", "Python", 0, 0, 56, 0, 0, 0, 0, 7, 16, 79
"d:\KG\EA\NALA\BERTunit\basic_bert_unit\train_func.py", "Python", 0, 0, 160, 0, 0, 0, 0, 17, 41, 218
"d:\KG\EA\NALA\BERTunit\data\README.md", "Markdown", 0, 1, 0, 0, 0, 0, 0, 0, 1, 2
"d:\KG\EA\NALA\BERTunit\embedding_model\Basic_Bert_Unit_model.py", "Python", 0, 0, 18, 0, 0, 0, 0, 0, 7, 25
"d:\KG\EA\NALA\BERTunit\embedding_model\Param.py", "Python", 0, 0, 36, 0, 0, 0, 0, 6, 13, 55
"d:\KG\EA\NALA\BERTunit\embedding_model\clean_attribute_data.py", "Python", 0, 0, 147, 0, 0, 0, 0, 10, 21, 178
"d:\KG\EA\NALA\BERTunit\embedding_model\get_attributeValue_embedding.py", "Python", 0, 0, 228, 0, 0, 0, 0, 20, 30, 278
"d:\KG\EA\NALA\BERTunit\embedding_model\get_entity_embedding.py", "Python", 0, 0, 174, 0, 0, 0, 0, 13, 42, 229
"d:\KG\EA\NALA\BERTunit\embedding_model\read_data_func.py", "Python", 0, 0, 117, 0, 0, 0, 0, 7, 15, 139
"d:\KG\EA\NALA\BERTunit\embedding_model\utils.py", "Python", 0, 0, 108, 0, 0, 0, 0, 4, 29, 141
"d:\KG\EA\NALA\NALAoverall\create_sup_pairs_for_bert.py", "Python", 0, 0, 55, 0, 0, 0, 0, 6, 11, 72
"d:\KG\EA\NALA\NALAoverall\inspect_result.py", "Python", 0, 0, 233, 0, 0, 0, 0, 11, 37, 281
"d:\KG\EA\NALA\NALAoverall\inspect_result2.py", "Python", 0, 0, 67, 0, 0, 0, 0, 4, 13, 84
"d:\KG\EA\NALA\NALAoverall\inspect_result3.py", "Python", 0, 0, 104, 0, 0, 0, 0, 2, 24, 130
"d:\KG\EA\NALA\NALAoverall\preprocess_datasets\create_k_folds.py", "Python", 0, 0, 37, 0, 0, 0, 0, 0, 5, 42
"d:\KG\EA\NALA\NALAoverall\preprocess_datasets\preprocess_D_W_15K_V2.py", "Python", 0, 0, 147, 0, 0, 0, 0, 6, 22, 175
"d:\KG\EA\NALA\NALAoverall\preprocess_datasets\preprocess_dbp15kfull.py", "Python", 0, 0, 231, 0, 0, 0, 0, 9, 25, 265
"d:\KG\EA\NALA\NALAoverall\preprocess_datasets\preprocess_entity_pairs.py", "Python", 0, 0, 147, 0, 0, 0, 0, 9, 17, 173
"d:\KG\EA\NALA\NALAoverall\run_experiment.py", "Python", 0, 0, 144, 0, 0, 0, 0, 14, 15, 173
"d:\KG\EA\NALA\NALAoverall\utils.py", "Python", 0, 0, 482, 0, 0, 0, 0, 27, 68, 577
"d:\KG\EA\NALA\README.md", "Markdown", 0, 21, 0, 0, 0, 0, 0, 0, 10, 31
"d:\KG\EA\NALA\datasets\README.md", "Markdown", 0, 1, 0, 0, 0, 0, 0, 0, 1, 2
"d:\KG\EA\NALA\nala\.idea\compiler.xml", "XML", 13, 0, 0, 0, 0, 0, 0, 0, 0, 13
"d:\KG\EA\NALA\nala\.idea\encodings.xml", "XML", 7, 0, 0, 0, 0, 0, 0, 0, 0, 7
"d:\KG\EA\NALA\nala\.idea\jarRepositories.xml", "XML", 20, 0, 0, 0, 0, 0, 0, 0, 0, 20
"d:\KG\EA\NALA\nala\.idea\misc.xml", "XML", 14, 0, 0, 0, 0, 0, 0, 0, 0, 14
"d:\KG\EA\NALA\nala\.idea\vcs.xml", "XML", 6, 0, 0, 0, 0, 0, 0, 0, 0, 6
"d:\KG\EA\NALA\nala\nala.iml", "XML", 8, 0, 0, 0, 0, 0, 0, 0, 0, 8
"d:\KG\EA\NALA\nala\pom.xml", "XML", 113, 0, 0, 0, 0, 0, 0, 4, 9, 126
"d:\KG\EA\NALA\nala\src\main\java\bak\pcj\AbstractBooleanCollection.java", "Java", 0, 0, 0, 0, 113, 0, 0, 51, 19, 183
"d:\KG\EA\NALA\nala\src\main\java\bak\pcj\AbstractByteCollection.java", "Java", 0, 0, 0, 0, 113, 0, 0, 51, 19, 183
"d:\KG\EA\NALA\nala\src\main\java\bak\pcj\AbstractCharCollection.java", "Java", 0, 0, 0, 0, 113, 0, 0, 51, 19, 183
"d:\KG\EA\NALA\nala\src\main\java\bak\pcj\AbstractDoubleCollection.java", "Java", 0, 0, 0, 0, 113, 0, 0, 51, 19, 183
"d:\KG\EA\NALA\nala\src\main\java\bak\pcj\AbstractFloatCollection.java", "Java", 0, 0, 0, 0, 113, 0, 0, 51, 19, 183
"d:\KG\EA\NALA\nala\src\main\java\bak\pcj\AbstractIntCollection.java", "Java", 0, 0, 0, 0, 113, 0, 0, 51, 19, 183
"d:\KG\EA\NALA\nala\src\main\java\bak\pcj\AbstractLongCollection.java", "Java", 0, 0, 0, 0, 113, 0, 0, 51, 19, 183
"d:\KG\EA\NALA\nala\src\main\java\bak\pcj\AbstractShortCollection.java", "Java", 0, 0, 0, 0, 113, 0, 0, 51, 19, 183
"d:\KG\EA\NALA\nala\src\main\java\bak\pcj\Adapter.java", "Java", 0, 0, 0, 0, 733, 0, 0, 4520, 372, 5625
"d:\KG\EA\NALA\nala\src\main\java\bak\pcj\BooleanCollection.java", "Java", 0, 0, 0, 0, 19, 0, 0, 209, 19, 247
"d:\KG\EA\NALA\nala\src\main\java\bak\pcj\BooleanComparator.java", "Java", 0, 0, 0, 0, 4, 0, 0, 42, 4, 50
"d:\KG\EA\NALA\nala\src\main\java\bak\pcj\BooleanIterator.java", "Java", 0, 0, 0, 0, 7, 0, 0, 59, 7, 73
"d:\KG\EA\NALA\nala\src\main\java\bak\pcj\ByteCollection.java", "Java", 0, 0, 0, 0, 19, 0, 0, 209, 19, 247
"d:\KG\EA\NALA\nala\src\main\java\bak\pcj\ByteComparator.java", "Java", 0, 0, 0, 0, 4, 0, 0, 42, 4, 50
"d:\KG\EA\NALA\nala\src\main\java\bak\pcj\ByteIterator.java", "Java", 0, 0, 0, 0, 7, 0, 0, 59, 7, 73
"d:\KG\EA\NALA\nala\src\main\java\bak\pcj\CharCollection.java", "Java", 0, 0, 0, 0, 19, 0, 0, 209, 19, 247
"d:\KG\EA\NALA\nala\src\main\java\bak\pcj\CharComparator.java", "Java", 0, 0, 0, 0, 4, 0, 0, 42, 4, 50
"d:\KG\EA\NALA\nala\src\main\java\bak\pcj\CharIterator.java", "Java", 0, 0, 0, 0, 7, 0, 0, 59, 7, 73
"d:\KG\EA\NALA\nala\src\main\java\bak\pcj\DoubleCollection.java", "Java", 0, 0, 0, 0, 19, 0, 0, 209, 19, 247
"d:\KG\EA\NALA\nala\src\main\java\bak\pcj\DoubleComparator.java", "Java", 0, 0, 0, 0, 4, 0, 0, 42, 4, 50
"d:\KG\EA\NALA\nala\src\main\java\bak\pcj\DoubleIterator.java", "Java", 0, 0, 0, 0, 7, 0, 0, 59, 7, 73
"d:\KG\EA\NALA\nala\src\main\java\bak\pcj\FloatCollection.java", "Java", 0, 0, 0, 0, 19, 0, 0, 209, 19, 247
"d:\KG\EA\NALA\nala\src\main\java\bak\pcj\FloatComparator.java", "Java", 0, 0, 0, 0, 4, 0, 0, 42, 4, 50
"d:\KG\EA\NALA\nala\src\main\java\bak\pcj\FloatIterator.java", "Java", 0, 0, 0, 0, 7, 0, 0, 59, 7, 73
"d:\KG\EA\NALA\nala\src\main\java\bak\pcj\IntCollection.java", "Java", 0, 0, 0, 0, 19, 0, 0, 209, 19, 247
"d:\KG\EA\NALA\nala\src\main\java\bak\pcj\IntComparator.java", "Java", 0, 0, 0, 0, 4, 0, 0, 42, 4, 50
"d:\KG\EA\NALA\nala\src\main\java\bak\pcj\IntIterator.java", "Java", 0, 0, 0, 0, 7, 0, 0, 59, 7, 73
"d:\KG\EA\NALA\nala\src\main\java\bak\pcj\LongCollection.java", "Java", 0, 0, 0, 0, 19, 0, 0, 209, 19, 247
"d:\KG\EA\NALA\nala\src\main\java\bak\pcj\LongComparator.java", "Java", 0, 0, 0, 0, 4, 0, 0, 42, 4, 50
"d:\KG\EA\NALA\nala\src\main\java\bak\pcj\LongIterator.java", "Java", 0, 0, 0, 0, 7, 0, 0, 59, 7, 73
"d:\KG\EA\NALA\nala\src\main\java\bak\pcj\ShortCollection.java", "Java", 0, 0, 0, 0, 19, 0, 0, 209, 19, 247
"d:\KG\EA\NALA\nala\src\main\java\bak\pcj\ShortComparator.java", "Java", 0, 0, 0, 0, 4, 0, 0, 42, 4, 50
"d:\KG\EA\NALA\nala\src\main\java\bak\pcj\ShortIterator.java", "Java", 0, 0, 0, 0, 7, 0, 0, 59, 7, 73
"d:\KG\EA\NALA\nala\src\main\java\bak\pcj\SynchronizedBooleanCollection.java", "Java", 0, 0, 0, 0, 44, 0, 0, 43, 23, 110
"d:\KG\EA\NALA\nala\src\main\java\bak\pcj\SynchronizedByteCollection.java", "Java", 0, 0, 0, 0, 44, 0, 0, 43, 23, 110
"d:\KG\EA\NALA\nala\src\main\java\bak\pcj\SynchronizedCharCollection.java", "Java", 0, 0, 0, 0, 44, 0, 0, 43, 23, 110
"d:\KG\EA\NALA\nala\src\main\java\bak\pcj\SynchronizedDoubleCollection.java", "Java", 0, 0, 0, 0, 44, 0, 0, 43, 23, 110
"d:\KG\EA\NALA\nala\src\main\java\bak\pcj\SynchronizedFloatCollection.java", "Java", 0, 0, 0, 0, 44, 0, 0, 43, 23, 110
"d:\KG\EA\NALA\nala\src\main\java\bak\pcj\SynchronizedIntCollection.java", "Java", 0, 0, 0, 0, 44, 0, 0, 43, 23, 110
"d:\KG\EA\NALA\nala\src\main\java\bak\pcj\SynchronizedLongCollection.java", "Java", 0, 0, 0, 0, 44, 0, 0, 43, 23, 110
"d:\KG\EA\NALA\nala\src\main\java\bak\pcj\SynchronizedShortCollection.java", "Java", 0, 0, 0, 0, 44, 0, 0, 43, 23, 110
"d:\KG\EA\NALA\nala\src\main\java\bak\pcj\UnmodifiableBooleanCollection.java", "Java", 0, 0, 0, 0, 51, 0, 0, 79, 24, 154
"d:\KG\EA\NALA\nala\src\main\java\bak\pcj\UnmodifiableByteCollection.java", "Java", 0, 0, 0, 0, 51, 0, 0, 79, 24, 154
"d:\KG\EA\NALA\nala\src\main\java\bak\pcj\UnmodifiableCharCollection.java", "Java", 0, 0, 0, 0, 51, 0, 0, 79, 24, 154
"d:\KG\EA\NALA\nala\src\main\java\bak\pcj\UnmodifiableDoubleCollection.java", "Java", 0, 0, 0, 0, 51, 0, 0, 79, 24, 154
"d:\KG\EA\NALA\nala\src\main\java\bak\pcj\UnmodifiableFloatCollection.java", "Java", 0, 0, 0, 0, 51, 0, 0, 79, 24, 154
"d:\KG\EA\NALA\nala\src\main\java\bak\pcj\UnmodifiableIntCollection.java", "Java", 0, 0, 0, 0, 51, 0, 0, 79, 24, 154
"d:\KG\EA\NALA\nala\src\main\java\bak\pcj\UnmodifiableLongCollection.java", "Java", 0, 0, 0, 0, 51, 0, 0, 79, 24, 154
"d:\KG\EA\NALA\nala\src\main\java\bak\pcj\UnmodifiableShortCollection.java", "Java", 0, 0, 0, 0, 51, 0, 0, 79, 24, 154
"d:\KG\EA\NALA\nala\src\main\java\bak\pcj\adapter\BooleanCollectionToCollectionAdapter.java", "Java", 0, 0, 0, 0, 54, 0, 0, 173, 15, 242
"d:\KG\EA\NALA\nala\src\main\java\bak\pcj\adapter\BooleanIteratorToIteratorAdapter.java", "Java", 0, 0, 0, 0, 18, 0, 0, 69, 9, 96
"d:\KG\EA\NALA\nala\src\main\java\bak\pcj\adapter\BooleanKeyBooleanMapToMapAdapter.java", "Java", 0, 0, 0, 0, 140, 0, 0, 219, 36, 395
"d:\KG\EA\NALA\nala\src\main\java\bak\pcj\adapter\BooleanKeyByteMapToMapAdapter.java", "Java", 0, 0, 0, 0, 140, 0, 0, 219, 36, 395
"d:\KG\EA\NALA\nala\src\main\java\bak\pcj\adapter\BooleanKeyCharMapToMapAdapter.java", "Java", 0, 0, 0, 0, 140, 0, 0, 219, 36, 395
"d:\KG\EA\NALA\nala\src\main\java\bak\pcj\adapter\BooleanKeyDoubleMapToMapAdapter.java", "Java", 0, 0, 0, 0, 140, 0, 0, 219, 36, 395
"d:\KG\EA\NALA\nala\src\main\java\bak\pcj\adapter\BooleanKeyFloatMapToMapAdapter.java", "Java", 0, 0, 0, 0, 140, 0, 0, 219, 36, 395
"d:\KG\EA\NALA\nala\src\main\java\bak\pcj\adapter\BooleanKeyIntMapToMapAdapter.java", "Java", 0, 0, 0, 0, 140, 0, 0, 219, 36, 395
"d:\KG\EA\NALA\nala\src\main\java\bak\pcj\adapter\BooleanKeyLongMapToMapAdapter.java", "Java", 0, 0, 0, 0, 140, 0, 0, 219, 36, 395
"d:\KG\EA\NALA\nala\src\main\java\bak\pcj\adapter\BooleanKeyMapToMapAdapter.java", "Java", 0, 0, 0, 0, 127, 0, 0, 210, 36, 373
"d:\KG\EA\NALA\nala\src\main\java\bak\pcj\adapter\BooleanKeyShortMapToMapAdapter.java", "Java", 0, 0, 0, 0, 140, 0, 0, 219, 36, 395
"d:\KG\EA\NALA\nala\src\main\java\bak\pcj\adapter\BooleanListIteratorToListIteratorAdapter.java", "Java", 0, 0, 0, 0, 30, 0, 0, 148, 15, 193
"d:\KG\EA\NALA\nala\src\main\java\bak\pcj\adapter\BooleanListToListAdapter.java", "Java", 0, 0, 0, 0, 49, 0, 0, 244, 17, 310
"d:\KG\EA\NALA\nala\src\main\java\bak\pcj\adapter\BooleanSetToSetAdapter.java", "Java", 0, 0, 0, 0, 49, 0, 0, 149, 15, 213
"d:\KG\EA\NALA\nala\src\main\java\bak\pcj\adapter\BooleanSortedSetToSortedSetAdapter.java", "Java", 0, 0, 0, 0, 25, 0, 0, 130, 12, 167
"d:\KG\EA\NALA\nala\src\main\java\bak\pcj\adapter\ByteCollectionToCollectionAdapter.java", "Java", 0, 0, 0, 0, 54, 0, 0, 173, 15, 242
"d:\KG\EA\NALA\nala\src\main\java\bak\pcj\adapter\ByteIteratorToIteratorAdapter.java", "Java", 0, 0, 0, 0, 18, 0, 0, 69, 9, 96
"d:\KG\EA\NALA\nala\src\main\java\bak\pcj\adapter\ByteKeyBooleanMapToMapAdapter.java", "Java", 0, 0, 0, 0, 140, 0, 0, 219, 36, 395
"d:\KG\EA\NALA\nala\src\main\java\bak\pcj\adapter\ByteKeyByteMapToMapAdapter.java", "Java", 0, 0, 0, 0, 140, 0, 0, 219, 36, 395
"d:\KG\EA\NALA\nala\src\main\java\bak\pcj\adapter\ByteKeyCharMapToMapAdapter.java", "Java", 0, 0, 0, 0, 140, 0, 0, 219, 36, 395
"d:\KG\EA\NALA\nala\src\main\java\bak\pcj\adapter\ByteKeyDoubleMapToMapAdapter.java", "Java", 0, 0, 0, 0, 140, 0, 0, 219, 36, 395
"d:\KG\EA\NALA\nala\src\main\java\bak\pcj\adapter\ByteKeyFloatMapToMapAdapter.java", "Java", 0, 0, 0, 0, 140, 0, 0, 219, 36, 395
"d:\KG\EA\NALA\nala\src\main\java\bak\pcj\adapter\ByteKeyIntMapToMapAdapter.java", "Java", 0, 0, 0, 0, 140, 0, 0, 219, 36, 395
"d:\KG\EA\NALA\nala\src\main\java\bak\pcj\adapter\ByteKeyLongMapToMapAdapter.java", "Java", 0, 0, 0, 0, 140, 0, 0, 219, 36, 395
"d:\KG\EA\NALA\nala\src\main\java\bak\pcj\adapter\ByteKeyMapToMapAdapter.java", "Java", 0, 0, 0, 0, 127, 0, 0, 210, 36, 373
"d:\KG\EA\NALA\nala\src\main\java\bak\pcj\adapter\ByteKeyShortMapToMapAdapter.java", "Java", 0, 0, 0, 0, 140, 0, 0, 219, 36, 395
"d:\KG\EA\NALA\nala\src\main\java\bak\pcj\adapter\ByteListIteratorToListIteratorAdapter.java", "Java", 0, 0, 0, 0, 30, 0, 0, 148, 15, 193
"d:\KG\EA\NALA\nala\src\main\java\bak\pcj\adapter\ByteListToListAdapter.java", "Java", 0, 0, 0, 0, 49, 0, 0, 244, 17, 310
"d:\KG\EA\NALA\nala\src\main\java\bak\pcj\adapter\ByteSetToSetAdapter.java", "Java", 0, 0, 0, 0, 49, 0, 0, 149, 15, 213
"d:\KG\EA\NALA\nala\src\main\java\bak\pcj\adapter\ByteSortedSetToSortedSetAdapter.java", "Java", 0, 0, 0, 0, 25, 0, 0, 130, 12, 167
"d:\KG\EA\NALA\nala\src\main\java\bak\pcj\adapter\CharCollectionToCollectionAdapter.java", "Java", 0, 0, 0, 0, 54, 0, 0, 173, 15, 242
"d:\KG\EA\NALA\nala\src\main\java\bak\pcj\adapter\CharIteratorToIteratorAdapter.java", "Java", 0, 0, 0, 0, 18, 0, 0, 69, 9, 96
"d:\KG\EA\NALA\nala\src\main\java\bak\pcj\adapter\CharKeyBooleanMapToMapAdapter.java", "Java", 0, 0, 0, 0, 140, 0, 0, 219, 36, 395
"d:\KG\EA\NALA\nala\src\main\java\bak\pcj\adapter\CharKeyByteMapToMapAdapter.java", "Java", 0, 0, 0, 0, 140, 0, 0, 219, 36, 395
"d:\KG\EA\NALA\nala\src\main\java\bak\pcj\adapter\CharKeyCharMapToMapAdapter.java", "Java", 0, 0, 0, 0, 140, 0, 0, 219, 36, 395
"d:\KG\EA\NALA\nala\src\main\java\bak\pcj\adapter\CharKeyDoubleMapToMapAdapter.java", "Java", 0, 0, 0, 0, 140, 0, 0, 219, 36, 395
"d:\KG\EA\NALA\nala\src\main\java\bak\pcj\adapter\CharKeyFloatMapToMapAdapter.java", "Java", 0, 0, 0, 0, 140, 0, 0, 219, 36, 395
"d:\KG\EA\NALA\nala\src\main\java\bak\pcj\adapter\CharKeyIntMapToMapAdapter.java", "Java", 0, 0, 0, 0, 140, 0, 0, 219, 36, 395
"d:\KG\EA\NALA\nala\src\main\java\bak\pcj\adapter\CharKeyLongMapToMapAdapter.java", "Java", 0, 0, 0, 0, 140, 0, 0, 219, 36, 395
"d:\KG\EA\NALA\nala\src\main\java\bak\pcj\adapter\CharKeyMapToMapAdapter.java", "Java", 0, 0, 0, 0, 127, 0, 0, 210, 36, 373
"d:\KG\EA\NALA\nala\src\main\java\bak\pcj\adapter\CharKeyShortMapToMapAdapter.java", "Java", 0, 0, 0, 0, 140, 0, 0, 219, 36, 395
"d:\KG\EA\NALA\nala\src\main\java\bak\pcj\adapter\CharListIteratorToListIteratorAdapter.java", "Java", 0, 0, 0, 0, 30, 0, 0, 148, 15, 193
"d:\KG\EA\NALA\nala\src\main\java\bak\pcj\adapter\CharListToListAdapter.java", "Java", 0, 0, 0, 0, 49, 0, 0, 244, 17, 310
"d:\KG\EA\NALA\nala\src\main\java\bak\pcj\adapter\CharSetToSetAdapter.java", "Java", 0, 0, 0, 0, 49, 0, 0, 149, 15, 213
"d:\KG\EA\NALA\nala\src\main\java\bak\pcj\adapter\CharSortedSetToSortedSetAdapter.java", "Java", 0, 0, 0, 0, 25, 0, 0, 130, 12, 167
"d:\KG\EA\NALA\nala\src\main\java\bak\pcj\adapter\CollectionToBooleanCollectionAdapter.java", "Java", 0, 0, 0, 0, 42, 0, 0, 110, 16, 168
"d:\KG\EA\NALA\nala\src\main\java\bak\pcj\adapter\CollectionToByteCollectionAdapter.java", "Java", 0, 0, 0, 0, 42, 0, 0, 110, 16, 168
"d:\KG\EA\NALA\nala\src\main\java\bak\pcj\adapter\CollectionToCharCollectionAdapter.java", "Java", 0, 0, 0, 0, 42, 0, 0, 110, 16, 168
"d:\KG\EA\NALA\nala\src\main\java\bak\pcj\adapter\CollectionToDoubleCollectionAdapter.java", "Java", 0, 0, 0, 0, 42, 0, 0, 110, 16, 168
"d:\KG\EA\NALA\nala\src\main\java\bak\pcj\adapter\CollectionToFloatCollectionAdapter.java", "Java", 0, 0, 0, 0, 42, 0, 0, 110, 16, 168
"d:\KG\EA\NALA\nala\src\main\java\bak\pcj\adapter\CollectionToIntCollectionAdapter.java", "Java", 0, 0, 0, 0, 42, 0, 0, 110, 16, 168
"d:\KG\EA\NALA\nala\src\main\java\bak\pcj\adapter\CollectionToLongCollectionAdapter.java", "Java", 0, 0, 0, 0, 42, 0, 0, 110, 16, 168
"d:\KG\EA\NALA\nala\src\main\java\bak\pcj\adapter\CollectionToShortCollectionAdapter.java", "Java", 0, 0, 0, 0, 42, 0, 0, 110, 16, 168
"d:\KG\EA\NALA\nala\src\main\java\bak\pcj\adapter\DoubleCollectionToCollectionAdapter.java", "Java", 0, 0, 0, 0, 54, 0, 0, 173, 15, 242
"d:\KG\EA\NALA\nala\src\main\java\bak\pcj\adapter\DoubleIteratorToIteratorAdapter.java", "Java", 0, 0, 0, 0, 18, 0, 0, 69, 9, 96
"d:\KG\EA\NALA\nala\src\main\java\bak\pcj\adapter\DoubleKeyBooleanMapToMapAdapter.java", "Java", 0, 0, 0, 0, 140, 0, 0, 219, 36, 395
"d:\KG\EA\NALA\nala\src\main\java\bak\pcj\adapter\DoubleKeyByteMapToMapAdapter.java", "Java", 0, 0, 0, 0, 140, 0, 0, 219, 36, 395
"d:\KG\EA\NALA\nala\src\main\java\bak\pcj\adapter\DoubleKeyCharMapToMapAdapter.java", "Java", 0, 0, 0, 0, 140, 0, 0, 219, 36, 395
"d:\KG\EA\NALA\nala\src\main\java\bak\pcj\adapter\DoubleKeyDoubleMapToMapAdapter.java", "Java", 0, 0, 0, 0, 140, 0, 0, 219, 36, 395
"d:\KG\EA\NALA\nala\src\main\java\bak\pcj\adapter\DoubleKeyFloatMapToMapAdapter.java", "Java", 0, 0, 0, 0, 140, 0, 0, 219, 36, 395
"d:\KG\EA\NALA\nala\src\main\java\bak\pcj\adapter\DoubleKeyIntMapToMapAdapter.java", "Java", 0, 0, 0, 0, 140, 0, 0, 219, 36, 395
"d:\KG\EA\NALA\nala\src\main\java\bak\pcj\adapter\DoubleKeyLongMapToMapAdapter.java", "Java", 0, 0, 0, 0, 140, 0, 0, 219, 36, 395
"d:\KG\EA\NALA\nala\src\main\java\bak\pcj\adapter\DoubleKeyMapToMapAdapter.java", "Java", 0, 0, 0, 0, 127, 0, 0, 210, 36, 373
"d:\KG\EA\NALA\nala\src\main\java\bak\pcj\adapter\DoubleKeyShortMapToMapAdapter.java", "Java", 0, 0, 0, 0, 140, 0, 0, 219, 36, 395
"d:\KG\EA\NALA\nala\src\main\java\bak\pcj\adapter\DoubleListIteratorToListIteratorAdapter.java", "Java", 0, 0, 0, 0, 30, 0, 0, 148, 15, 193
"d:\KG\EA\NALA\nala\src\main\java\bak\pcj\adapter\DoubleListToListAdapter.java", "Java", 0, 0, 0, 0, 49, 0, 0, 244, 17, 310
"d:\KG\EA\NALA\nala\src\main\java\bak\pcj\adapter\DoubleSetToSetAdapter.java", "Java", 0, 0, 0, 0, 49, 0, 0, 149, 15, 213
"d:\KG\EA\NALA\nala\src\main\java\bak\pcj\adapter\DoubleSortedSetToSortedSetAdapter.java", "Java", 0, 0, 0, 0, 25, 0, 0, 130, 12, 167
"d:\KG\EA\NALA\nala\src\main\java\bak\pcj\adapter\FloatCollectionToCollectionAdapter.java", "Java", 0, 0, 0, 0, 54, 0, 0, 173, 15, 242
"d:\KG\EA\NALA\nala\src\main\java\bak\pcj\adapter\FloatIteratorToIteratorAdapter.java", "Java", 0, 0, 0, 0, 18, 0, 0, 69, 9, 96
"d:\KG\EA\NALA\nala\src\main\java\bak\pcj\adapter\FloatKeyBooleanMapToMapAdapter.java", "Java", 0, 0, 0, 0, 140, 0, 0, 219, 36, 395
"d:\KG\EA\NALA\nala\src\main\java\bak\pcj\adapter\FloatKeyByteMapToMapAdapter.java", "Java", 0, 0, 0, 0, 140, 0, 0, 219, 36, 395
"d:\KG\EA\NALA\nala\src\main\java\bak\pcj\adapter\FloatKeyCharMapToMapAdapter.java", "Java", 0, 0, 0, 0, 140, 0, 0, 219, 36, 395
"d:\KG\EA\NALA\nala\src\main\java\bak\pcj\adapter\FloatKeyDoubleMapToMapAdapter.java", "Java", 0, 0, 0, 0, 140, 0, 0, 219, 36, 395
"d:\KG\EA\NALA\nala\src\main\java\bak\pcj\adapter\FloatKeyFloatMapToMapAdapter.java", "Java", 0, 0, 0, 0, 140, 0, 0, 219, 36, 395
"d:\KG\EA\NALA\nala\src\main\java\bak\pcj\adapter\FloatKeyIntMapToMapAdapter.java", "Java", 0, 0, 0, 0, 140, 0, 0, 219, 36, 395
"d:\KG\EA\NALA\nala\src\main\java\bak\pcj\adapter\FloatKeyLongMapToMapAdapter.java", "Java", 0, 0, 0, 0, 140, 0, 0, 219, 36, 395
"d:\KG\EA\NALA\nala\src\main\java\bak\pcj\adapter\FloatKeyMapToMapAdapter.java", "Java", 0, 0, 0, 0, 127, 0, 0, 210, 36, 373
"d:\KG\EA\NALA\nala\src\main\java\bak\pcj\adapter\FloatKeyShortMapToMapAdapter.java", "Java", 0, 0, 0, 0, 140, 0, 0, 219, 36, 395
"d:\KG\EA\NALA\nala\src\main\java\bak\pcj\adapter\FloatListIteratorToListIteratorAdapter.java", "Java", 0, 0, 0, 0, 30, 0, 0, 148, 15, 193
"d:\KG\EA\NALA\nala\src\main\java\bak\pcj\adapter\FloatListToListAdapter.java", "Java", 0, 0, 0, 0, 49, 0, 0, 244, 17, 310
"d:\KG\EA\NALA\nala\src\main\java\bak\pcj\adapter\FloatSetToSetAdapter.java", "Java", 0, 0, 0, 0, 49, 0, 0, 149, 15, 213
"d:\KG\EA\NALA\nala\src\main\java\bak\pcj\adapter\FloatSortedSetToSortedSetAdapter.java", "Java", 0, 0, 0, 0, 25, 0, 0, 130, 12, 167
"d:\KG\EA\NALA\nala\src\main\java\bak\pcj\adapter\IntCollectionToCollectionAdapter.java", "Java", 0, 0, 0, 0, 54, 0, 0, 173, 15, 242
"d:\KG\EA\NALA\nala\src\main\java\bak\pcj\adapter\IntIteratorToIteratorAdapter.java", "Java", 0, 0, 0, 0, 18, 0, 0, 69, 9, 96
"d:\KG\EA\NALA\nala\src\main\java\bak\pcj\adapter\IntKeyBooleanMapToMapAdapter.java", "Java", 0, 0, 0, 0, 140, 0, 0, 219, 36, 395
"d:\KG\EA\NALA\nala\src\main\java\bak\pcj\adapter\IntKeyByteMapToMapAdapter.java", "Java", 0, 0, 0, 0, 140, 0, 0, 219, 36, 395
"d:\KG\EA\NALA\nala\src\main\java\bak\pcj\adapter\IntKeyCharMapToMapAdapter.java", "Java", 0, 0, 0, 0, 140, 0, 0, 219, 36, 395
"d:\KG\EA\NALA\nala\src\main\java\bak\pcj\adapter\IntKeyDoubleMapToMapAdapter.java", "Java", 0, 0, 0, 0, 140, 0, 0, 219, 36, 395
"d:\KG\EA\NALA\nala\src\main\java\bak\pcj\adapter\IntKeyFloatMapToMapAdapter.java", "Java", 0, 0, 0, 0, 140, 0, 0, 219, 36, 395
"d:\KG\EA\NALA\nala\src\main\java\bak\pcj\adapter\IntKeyIntMapToMapAdapter.java", "Java", 0, 0, 0, 0, 140, 0, 0, 219, 36, 395
"d:\KG\EA\NALA\nala\src\main\java\bak\pcj\adapter\IntKeyLongMapToMapAdapter.java", "Java", 0, 0, 0, 0, 140, 0, 0, 219, 36, 395
"d:\KG\EA\NALA\nala\src\main\java\bak\pcj\adapter\IntKeyMapToMapAdapter.java", "Java", 0, 0, 0, 0, 127, 0, 0, 210, 36, 373
"d:\KG\EA\NALA\nala\src\main\java\bak\pcj\adapter\IntKeyShortMapToMapAdapter.java", "Java", 0, 0, 0, 0, 140, 0, 0, 219, 36, 395
"d:\KG\EA\NALA\nala\src\main\java\bak\pcj\adapter\IntListIteratorToListIteratorAdapter.java", "Java", 0, 0, 0, 0, 30, 0, 0, 148, 15, 193
"d:\KG\EA\NALA\nala\src\main\java\bak\pcj\adapter\IntListToListAdapter.java", "Java", 0, 0, 0, 0, 49, 0, 0, 244, 17, 310
"d:\KG\EA\NALA\nala\src\main\java\bak\pcj\adapter\IntSetToSetAdapter.java", "Java", 0, 0, 0, 0, 49, 0, 0, 149, 15, 213
"d:\KG\EA\NALA\nala\src\main\java\bak\pcj\adapter\IntSortedSetToSortedSetAdapter.java", "Java", 0, 0, 0, 0, 25, 0, 0, 130, 12, 167
"d:\KG\EA\NALA\nala\src\main\java\bak\pcj\adapter\IteratorToBooleanIteratorAdapter.java", "Java", 0, 0, 0, 0, 18, 0, 0, 72, 9, 99
"d:\KG\EA\NALA\nala\src\main\java\bak\pcj\adapter\IteratorToByteIteratorAdapter.java", "Java", 0, 0, 0, 0, 18, 0, 0, 72, 9, 99
"d:\KG\EA\NALA\nala\src\main\java\bak\pcj\adapter\IteratorToCharIteratorAdapter.java", "Java", 0, 0, 0, 0, 18, 0, 0, 72, 9, 99
"d:\KG\EA\NALA\nala\src\main\java\bak\pcj\adapter\IteratorToDoubleIteratorAdapter.java", "Java", 0, 0, 0, 0, 18, 0, 0, 72, 9, 99
"d:\KG\EA\NALA\nala\src\main\java\bak\pcj\adapter\IteratorToFloatIteratorAdapter.java", "Java", 0, 0, 0, 0, 18, 0, 0, 72, 9, 99
"d:\KG\EA\NALA\nala\src\main\java\bak\pcj\adapter\IteratorToIntIteratorAdapter.java", "Java", 0, 0, 0, 0, 18, 0, 0, 72, 9, 99
"d:\KG\EA\NALA\nala\src\main\java\bak\pcj\adapter\IteratorToLongIteratorAdapter.java", "Java", 0, 0, 0, 0, 18, 0, 0, 72, 9, 99
"d:\KG\EA\NALA\nala\src\main\java\bak\pcj\adapter\IteratorToShortIteratorAdapter.java", "Java", 0, 0, 0, 0, 18, 0, 0, 72, 9, 99
"d:\KG\EA\NALA\nala\src\main\java\bak\pcj\adapter\ListIteratorToBooleanListIteratorAdapter.java", "Java", 0, 0, 0, 0, 30, 0, 0, 61, 15, 106
"d:\KG\EA\NALA\nala\src\main\java\bak\pcj\adapter\ListIteratorToByteListIteratorAdapter.java", "Java", 0, 0, 0, 0, 30, 0, 0, 61, 15, 106
"d:\KG\EA\NALA\nala\src\main\java\bak\pcj\adapter\ListIteratorToCharListIteratorAdapter.java", "Java", 0, 0, 0, 0, 30, 0, 0, 61, 15, 106
"d:\KG\EA\NALA\nala\src\main\java\bak\pcj\adapter\ListIteratorToDoubleListIteratorAdapter.java", "Java", 0, 0, 0, 0, 30, 0, 0, 61, 15, 106
"d:\KG\EA\NALA\nala\src\main\java\bak\pcj\adapter\ListIteratorToFloatListIteratorAdapter.java", "Java", 0, 0, 0, 0, 30, 0, 0, 61, 15, 106
"d:\KG\EA\NALA\nala\src\main\java\bak\pcj\adapter\ListIteratorToIntListIteratorAdapter.java", "Java", 0, 0, 0, 0, 30, 0, 0, 61, 15, 106
"d:\KG\EA\NALA\nala\src\main\java\bak\pcj\adapter\ListIteratorToLongListIteratorAdapter.java", "Java", 0, 0, 0, 0, 30, 0, 0, 61, 15, 106
"d:\KG\EA\NALA\nala\src\main\java\bak\pcj\adapter\ListIteratorToShortListIteratorAdapter.java", "Java", 0, 0, 0, 0, 30, 0, 0, 61, 15, 106
"d:\KG\EA\NALA\nala\src\main\java\bak\pcj\adapter\ListToBooleanListAdapter.java", "Java", 0, 0, 0, 0, 38, 0, 0, 110, 16, 164
"d:\KG\EA\NALA\nala\src\main\java\bak\pcj\adapter\ListToByteListAdapter.java", "Java", 0, 0, 0, 0, 38, 0, 0, 110, 16, 164
"d:\KG\EA\NALA\nala\src\main\java\bak\pcj\adapter\ListToCharListAdapter.java", "Java", 0, 0, 0, 0, 38, 0, 0, 110, 16, 164
"d:\KG\EA\NALA\nala\src\main\java\bak\pcj\adapter\ListToDoubleListAdapter.java", "Java", 0, 0, 0, 0, 38, 0, 0, 110, 16, 164
"d:\KG\EA\NALA\nala\src\main\java\bak\pcj\adapter\ListToFloatListAdapter.java", "Java", 0, 0, 0, 0, 38, 0, 0, 110, 16, 164
"d:\KG\EA\NALA\nala\src\main\java\bak\pcj\adapter\ListToIntListAdapter.java", "Java", 0, 0, 0, 0, 38, 0, 0, 110, 16, 164
"d:\KG\EA\NALA\nala\src\main\java\bak\pcj\adapter\ListToLongListAdapter.java", "Java", 0, 0, 0, 0, 38, 0, 0, 110, 16, 164
"d:\KG\EA\NALA\nala\src\main\java\bak\pcj\adapter\ListToShortListAdapter.java", "Java", 0, 0, 0, 0, 38, 0, 0, 110, 16, 164
"d:\KG\EA\NALA\nala\src\main\java\bak\pcj\adapter\LongCollectionToCollectionAdapter.java", "Java", 0, 0, 0, 0, 54, 0, 0, 173, 15, 242
"d:\KG\EA\NALA\nala\src\main\java\bak\pcj\adapter\LongIteratorToIteratorAdapter.java", "Java", 0, 0, 0, 0, 18, 0, 0, 69, 9, 96
"d:\KG\EA\NALA\nala\src\main\java\bak\pcj\adapter\LongKeyBooleanMapToMapAdapter.java", "Java", 0, 0, 0, 0, 140, 0, 0, 219, 36, 395
"d:\KG\EA\NALA\nala\src\main\java\bak\pcj\adapter\LongKeyByteMapToMapAdapter.java", "Java", 0, 0, 0, 0, 140, 0, 0, 219, 36, 395
"d:\KG\EA\NALA\nala\src\main\java\bak\pcj\adapter\LongKeyCharMapToMapAdapter.java", "Java", 0, 0, 0, 0, 140, 0, 0, 219, 36, 395
"d:\KG\EA\NALA\nala\src\main\java\bak\pcj\adapter\LongKeyDoubleMapToMapAdapter.java", "Java", 0, 0, 0, 0, 140, 0, 0, 219, 36, 395
"d:\KG\EA\NALA\nala\src\main\java\bak\pcj\adapter\LongKeyFloatMapToMapAdapter.java", "Java", 0, 0, 0, 0, 140, 0, 0, 219, 36, 395
"d:\KG\EA\NALA\nala\src\main\java\bak\pcj\adapter\LongKeyIntMapToMapAdapter.java", "Java", 0, 0, 0, 0, 140, 0, 0, 219, 36, 395
"d:\KG\EA\NALA\nala\src\main\java\bak\pcj\adapter\LongKeyLongMapToMapAdapter.java", "Java", 0, 0, 0, 0, 140, 0, 0, 219, 36, 395
"d:\KG\EA\NALA\nala\src\main\java\bak\pcj\adapter\LongKeyMapToMapAdapter.java", "Java", 0, 0, 0, 0, 127, 0, 0, 210, 36, 373
"d:\KG\EA\NALA\nala\src\main\java\bak\pcj\adapter\LongKeyShortMapToMapAdapter.java", "Java", 0, 0, 0, 0, 140, 0, 0, 219, 36, 395
"d:\KG\EA\NALA\nala\src\main\java\bak\pcj\adapter\LongListIteratorToListIteratorAdapter.java", "Java", 0, 0, 0, 0, 30, 0, 0, 148, 15, 193
"d:\KG\EA\NALA\nala\src\main\java\bak\pcj\adapter\LongListToListAdapter.java", "Java", 0, 0, 0, 0, 49, 0, 0, 244, 17, 310
"d:\KG\EA\NALA\nala\src\main\java\bak\pcj\adapter\LongSetToSetAdapter.java", "Java", 0, 0, 0, 0, 49, 0, 0, 149, 15, 213
"d:\KG\EA\NALA\nala\src\main\java\bak\pcj\adapter\LongSortedSetToSortedSetAdapter.java", "Java", 0, 0, 0, 0, 25, 0, 0, 130, 12, 167
"d:\KG\EA\NALA\nala\src\main\java\bak\pcj\adapter\MapToBooleanKeyBooleanMapAdapter.java", "Java", 0, 0, 0, 0, 98, 0, 0, 118, 28, 244
"d:\KG\EA\NALA\nala\src\main\java\bak\pcj\adapter\MapToBooleanKeyByteMapAdapter.java", "Java", 0, 0, 0, 0, 98, 0, 0, 118, 28, 244
"d:\KG\EA\NALA\nala\src\main\java\bak\pcj\adapter\MapToBooleanKeyCharMapAdapter.java", "Java", 0, 0, 0, 0, 98, 0, 0, 118, 28, 244
"d:\KG\EA\NALA\nala\src\main\java\bak\pcj\adapter\MapToBooleanKeyDoubleMapAdapter.java", "Java", 0, 0, 0, 0, 98, 0, 0, 118, 28, 244
"d:\KG\EA\NALA\nala\src\main\java\bak\pcj\adapter\MapToBooleanKeyFloatMapAdapter.java", "Java", 0, 0, 0, 0, 98, 0, 0, 118, 28, 244
"d:\KG\EA\NALA\nala\src\main\java\bak\pcj\adapter\MapToBooleanKeyIntMapAdapter.java", "Java", 0, 0, 0, 0, 98, 0, 0, 118, 28, 244
"d:\KG\EA\NALA\nala\src\main\java\bak\pcj\adapter\MapToBooleanKeyLongMapAdapter.java", "Java", 0, 0, 0, 0, 98, 0, 0, 118, 28, 244
"d:\KG\EA\NALA\nala\src\main\java\bak\pcj\adapter\MapToBooleanKeyMapAdapter.java", "Java", 0, 0, 0, 0, 76, 0, 0, 110, 25, 211
"d:\KG\EA\NALA\nala\src\main\java\bak\pcj\adapter\MapToBooleanKeyShortMapAdapter.java", "Java", 0, 0, 0, 0, 98, 0, 0, 118, 28, 244
"d:\KG\EA\NALA\nala\src\main\java\bak\pcj\adapter\MapToByteKeyBooleanMapAdapter.java", "Java", 0, 0, 0, 0, 98, 0, 0, 118, 28, 244
"d:\KG\EA\NALA\nala\src\main\java\bak\pcj\adapter\MapToByteKeyByteMapAdapter.java", "Java", 0, 0, 0, 0, 98, 0, 0, 118, 28, 244
"d:\KG\EA\NALA\nala\src\main\java\bak\pcj\adapter\MapToByteKeyCharMapAdapter.java", "Java", 0, 0, 0, 0, 98, 0, 0, 118, 28, 244
"d:\KG\EA\NALA\nala\src\main\java\bak\pcj\adapter\MapToByteKeyDoubleMapAdapter.java", "Java", 0, 0, 0, 0, 98, 0, 0, 118, 28, 244
"d:\KG\EA\NALA\nala\src\main\java\bak\pcj\adapter\MapToByteKeyFloatMapAdapter.java", "Java", 0, 0, 0, 0, 98, 0, 0, 118, 28, 244
"d:\KG\EA\NALA\nala\src\main\java\bak\pcj\adapter\MapToByteKeyIntMapAdapter.java", "Java", 0, 0, 0, 0, 98, 0, 0, 118, 28, 244
"d:\KG\EA\NALA\nala\src\main\java\bak\pcj\adapter\MapToByteKeyLongMapAdapter.java", "Java", 0, 0, 0, 0, 98, 0, 0, 118, 28, 244
"d:\KG\EA\NALA\nala\src\main\java\bak\pcj\adapter\MapToByteKeyMapAdapter.java", "Java", 0, 0, 0, 0, 76, 0, 0, 110, 25, 211
"d:\KG\EA\NALA\nala\src\main\java\bak\pcj\adapter\MapToByteKeyShortMapAdapter.java", "Java", 0, 0, 0, 0, 98, 0, 0, 118, 28, 244
"d:\KG\EA\NALA\nala\src\main\java\bak\pcj\adapter\MapToCharKeyBooleanMapAdapter.java", "Java", 0, 0, 0, 0, 98, 0, 0, 118, 28, 244
"d:\KG\EA\NALA\nala\src\main\java\bak\pcj\adapter\MapToCharKeyByteMapAdapter.java", "Java", 0, 0, 0, 0, 98, 0, 0, 118, 28, 244
"d:\KG\EA\NALA\nala\src\main\java\bak\pcj\adapter\MapToCharKeyCharMapAdapter.java", "Java", 0, 0, 0, 0, 98, 0, 0, 118, 28, 244
"d:\KG\EA\NALA\nala\src\main\java\bak\pcj\adapter\MapToCharKeyDoubleMapAdapter.java", "Java", 0, 0, 0, 0, 98, 0, 0, 118, 28, 244
"d:\KG\EA\NALA\nala\src\main\java\bak\pcj\adapter\MapToCharKeyFloatMapAdapter.java", "Java", 0, 0, 0, 0, 98, 0, 0, 118, 28, 244
"d:\KG\EA\NALA\nala\src\main\java\bak\pcj\adapter\MapToCharKeyIntMapAdapter.java", "Java", 0, 0, 0, 0, 98, 0, 0, 118, 28, 244
"d:\KG\EA\NALA\nala\src\main\java\bak\pcj\adapter\MapToCharKeyLongMapAdapter.java", "Java", 0, 0, 0, 0, 98, 0, 0, 118, 28, 244
"d:\KG\EA\NALA\nala\src\main\java\bak\pcj\adapter\MapToCharKeyMapAdapter.java", "Java", 0, 0, 0, 0, 76, 0, 0, 110, 25, 211
"d:\KG\EA\NALA\nala\src\main\java\bak\pcj\adapter\MapToCharKeyShortMapAdapter.java", "Java", 0, 0, 0, 0, 98, 0, 0, 118, 28, 244
"d:\KG\EA\NALA\nala\src\main\java\bak\pcj\adapter\MapToDoubleKeyBooleanMapAdapter.java", "Java", 0, 0, 0, 0, 98, 0, 0, 118, 28, 244
"d:\KG\EA\NALA\nala\src\main\java\bak\pcj\adapter\MapToDoubleKeyByteMapAdapter.java", "Java", 0, 0, 0, 0, 98, 0, 0, 118, 28, 244
"d:\KG\EA\NALA\nala\src\main\java\bak\pcj\adapter\MapToDoubleKeyCharMapAdapter.java", "Java", 0, 0, 0, 0, 98, 0, 0, 118, 28, 244
"d:\KG\EA\NALA\nala\src\main\java\bak\pcj\adapter\MapToDoubleKeyDoubleMapAdapter.java", "Java", 0, 0, 0, 0, 98, 0, 0, 118, 28, 244
"d:\KG\EA\NALA\nala\src\main\java\bak\pcj\adapter\MapToDoubleKeyFloatMapAdapter.java", "Java", 0, 0, 0, 0, 98, 0, 0, 118, 28, 244
"d:\KG\EA\NALA\nala\src\main\java\bak\pcj\adapter\MapToDoubleKeyIntMapAdapter.java", "Java", 0, 0, 0, 0, 98, 0, 0, 118, 28, 244
"d:\KG\EA\NALA\nala\src\main\java\bak\pcj\adapter\MapToDoubleKeyLongMapAdapter.java", "Java", 0, 0, 0, 0, 98, 0, 0, 118, 28, 244
"d:\KG\EA\NALA\nala\src\main\java\bak\pcj\adapter\MapToDoubleKeyMapAdapter.java", "Java", 0, 0, 0, 0, 76, 0, 0, 110, 25, 211
"d:\KG\EA\NALA\nala\src\main\java\bak\pcj\adapter\MapToDoubleKeyShortMapAdapter.java", "Java", 0, 0, 0, 0, 98, 0, 0, 118, 28, 244
"d:\KG\EA\NALA\nala\src\main\java\bak\pcj\adapter\MapToFloatKeyBooleanMapAdapter.java", "Java", 0, 0, 0, 0, 98, 0, 0, 118, 28, 244
"d:\KG\EA\NALA\nala\src\main\java\bak\pcj\adapter\MapToFloatKeyByteMapAdapter.java", "Java", 0, 0, 0, 0, 98, 0, 0, 118, 28, 244
"d:\KG\EA\NALA\nala\src\main\java\bak\pcj\adapter\MapToFloatKeyCharMapAdapter.java", "Java", 0, 0, 0, 0, 98, 0, 0, 118, 28, 244
"d:\KG\EA\NALA\nala\src\main\java\bak\pcj\adapter\MapToFloatKeyDoubleMapAdapter.java", "Java", 0, 0, 0, 0, 98, 0, 0, 118, 28, 244
"d:\KG\EA\NALA\nala\src\main\java\bak\pcj\adapter\MapToFloatKeyFloatMapAdapter.java", "Java", 0, 0, 0, 0, 98, 0, 0, 118, 28, 244
"d:\KG\EA\NALA\nala\src\main\java\bak\pcj\adapter\MapToFloatKeyIntMapAdapter.java", "Java", 0, 0, 0, 0, 98, 0, 0, 118, 28, 244
"d:\KG\EA\NALA\nala\src\main\java\bak\pcj\adapter\MapToFloatKeyLongMapAdapter.java", "Java", 0, 0, 0, 0, 98, 0, 0, 118, 28, 244
"d:\KG\EA\NALA\nala\src\main\java\bak\pcj\adapter\MapToFloatKeyMapAdapter.java", "Java", 0, 0, 0, 0, 76, 0, 0, 110, 25, 211
"d:\KG\EA\NALA\nala\src\main\java\bak\pcj\adapter\MapToFloatKeyShortMapAdapter.java", "Java", 0, 0, 0, 0, 98, 0, 0, 118, 28, 244
"d:\KG\EA\NALA\nala\src\main\java\bak\pcj\adapter\MapToIntKeyBooleanMapAdapter.java", "Java", 0, 0, 0, 0, 98, 0, 0, 118, 28, 244
"d:\KG\EA\NALA\nala\src\main\java\bak\pcj\adapter\MapToIntKeyByteMapAdapter.java", "Java", 0, 0, 0, 0, 98, 0, 0, 118, 28, 244
"d:\KG\EA\NALA\nala\src\main\java\bak\pcj\adapter\MapToIntKeyCharMapAdapter.java", "Java", 0, 0, 0, 0, 98, 0, 0, 118, 28, 244
"d:\KG\EA\NALA\nala\src\main\java\bak\pcj\adapter\MapToIntKeyDoubleMapAdapter.java", "Java", 0, 0, 0, 0, 98, 0, 0, 118, 28, 244
"d:\KG\EA\NALA\nala\src\main\java\bak\pcj\adapter\MapToIntKeyFloatMapAdapter.java", "Java", 0, 0, 0, 0, 98, 0, 0, 118, 28, 244
"d:\KG\EA\NALA\nala\src\main\java\bak\pcj\adapter\MapToIntKeyIntMapAdapter.java", "Java", 0, 0, 0, 0, 98, 0, 0, 118, 28, 244
"d:\KG\EA\NALA\nala\src\main\java\bak\pcj\adapter\MapToIntKeyLongMapAdapter.java", "Java", 0, 0, 0, 0, 98, 0, 0, 118, 28, 244
"d:\KG\EA\NALA\nala\src\main\java\bak\pcj\adapter\MapToIntKeyMapAdapter.java", "Java", 0, 0, 0, 0, 76, 0, 0, 110, 25, 211
"d:\KG\EA\NALA\nala\src\main\java\bak\pcj\adapter\MapToIntKeyShortMapAdapter.java", "Java", 0, 0, 0, 0, 98, 0, 0, 118, 28, 244
"d:\KG\EA\NALA\nala\src\main\java\bak\pcj\adapter\MapToLongKeyBooleanMapAdapter.java", "Java", 0, 0, 0, 0, 98, 0, 0, 118, 28, 244
"d:\KG\EA\NALA\nala\src\main\java\bak\pcj\adapter\MapToLongKeyByteMapAdapter.java", "Java", 0, 0, 0, 0, 98, 0, 0, 118, 28, 244
"d:\KG\EA\NALA\nala\src\main\java\bak\pcj\adapter\MapToLongKeyCharMapAdapter.java", "Java", 0, 0, 0, 0, 98, 0, 0, 118, 28, 244
"d:\KG\EA\NALA\nala\src\main\java\bak\pcj\adapter\MapToLongKeyDoubleMapAdapter.java", "Java", 0, 0, 0, 0, 98, 0, 0, 118, 28, 244
"d:\KG\EA\NALA\nala\src\main\java\bak\pcj\adapter\MapToLongKeyFloatMapAdapter.java", "Java", 0, 0, 0, 0, 98, 0, 0, 118, 28, 244
"d:\KG\EA\NALA\nala\src\main\java\bak\pcj\adapter\MapToLongKeyIntMapAdapter.java", "Java", 0, 0, 0, 0, 98, 0, 0, 118, 28, 244
"d:\KG\EA\NALA\nala\src\main\java\bak\pcj\adapter\MapToLongKeyLongMapAdapter.java", "Java", 0, 0, 0, 0, 98, 0, 0, 118, 28, 244
"d:\KG\EA\NALA\nala\src\main\java\bak\pcj\adapter\MapToLongKeyMapAdapter.java", "Java", 0, 0, 0, 0, 76, 0, 0, 110, 25, 211
"d:\KG\EA\NALA\nala\src\main\java\bak\pcj\adapter\MapToLongKeyShortMapAdapter.java", "Java", 0, 0, 0, 0, 98, 0, 0, 118, 28, 244
"d:\KG\EA\NALA\nala\src\main\java\bak\pcj\adapter\MapToObjectKeyBooleanMapAdapter.java", "Java", 0, 0, 0, 0, 99, 0, 0, 113, 28, 240
"d:\KG\EA\NALA\nala\src\main\java\bak\pcj\adapter\MapToObjectKeyByteMapAdapter.java", "Java", 0, 0, 0, 0, 99, 0, 0, 113, 28, 240
"d:\KG\EA\NALA\nala\src\main\java\bak\pcj\adapter\MapToObjectKeyCharMapAdapter.java", "Java", 0, 0, 0, 0, 99, 0, 0, 113, 28, 240
"d:\KG\EA\NALA\nala\src\main\java\bak\pcj\adapter\MapToObjectKeyDoubleMapAdapter.java", "Java", 0, 0, 0, 0, 99, 0, 0, 113, 28, 240
"d:\KG\EA\NALA\nala\src\main\java\bak\pcj\adapter\MapToObjectKeyFloatMapAdapter.java", "Java", 0, 0, 0, 0, 99, 0, 0, 113, 28, 240
"d:\KG\EA\NALA\nala\src\main\java\bak\pcj\adapter\MapToObjectKeyIntMapAdapter.java", "Java", 0, 0, 0, 0, 99, 0, 0, 113, 28, 240
"d:\KG\EA\NALA\nala\src\main\java\bak\pcj\adapter\MapToObjectKeyLongMapAdapter.java", "Java", 0, 0, 0, 0, 99, 0, 0, 113, 28, 240
"d:\KG\EA\NALA\nala\src\main\java\bak\pcj\adapter\MapToObjectKeyShortMapAdapter.java", "Java", 0, 0, 0, 0, 99, 0, 0, 113, 28, 240
"d:\KG\EA\NALA\nala\src\main\java\bak\pcj\adapter\MapToShortKeyBooleanMapAdapter.java", "Java", 0, 0, 0, 0, 98, 0, 0, 118, 28, 244
"d:\KG\EA\NALA\nala\src\main\java\bak\pcj\adapter\MapToShortKeyByteMapAdapter.java", "Java", 0, 0, 0, 0, 98, 0, 0, 118, 28, 244
"d:\KG\EA\NALA\nala\src\main\java\bak\pcj\adapter\MapToShortKeyCharMapAdapter.java", "Java", 0, 0, 0, 0, 98, 0, 0, 118, 28, 244
"d:\KG\EA\NALA\nala\src\main\java\bak\pcj\adapter\MapToShortKeyDoubleMapAdapter.java", "Java", 0, 0, 0, 0, 98, 0, 0, 118, 28, 244
"d:\KG\EA\NALA\nala\src\main\java\bak\pcj\adapter\MapToShortKeyFloatMapAdapter.java", "Java", 0, 0, 0, 0, 98, 0, 0, 118, 28, 244
"d:\KG\EA\NALA\nala\src\main\java\bak\pcj\adapter\MapToShortKeyIntMapAdapter.java", "Java", 0, 0, 0, 0, 98, 0, 0, 118, 28, 244
"d:\KG\EA\NALA\nala\src\main\java\bak\pcj\adapter\MapToShortKeyLongMapAdapter.java", "Java", 0, 0, 0, 0, 98, 0, 0, 118, 28, 244
"d:\KG\EA\NALA\nala\src\main\java\bak\pcj\adapter\MapToShortKeyMapAdapter.java", "Java", 0, 0, 0, 0, 76, 0, 0, 110, 25, 211
"d:\KG\EA\NALA\nala\src\main\java\bak\pcj\adapter\MapToShortKeyShortMapAdapter.java", "Java", 0, 0, 0, 0, 98, 0, 0, 118, 28, 244
"d:\KG\EA\NALA\nala\src\main\java\bak\pcj\adapter\ObjectKeyBooleanMapToMapAdapter.java", "Java", 0, 0, 0, 0, 129, 0, 0, 202, 35, 366
"d:\KG\EA\NALA\nala\src\main\java\bak\pcj\adapter\ObjectKeyByteMapToMapAdapter.java", "Java", 0, 0, 0, 0, 129, 0, 0, 202, 35, 366
"d:\KG\EA\NALA\nala\src\main\java\bak\pcj\adapter\ObjectKeyCharMapToMapAdapter.java", "Java", 0, 0, 0, 0, 129, 0, 0, 202, 35, 366
"d:\KG\EA\NALA\nala\src\main\java\bak\pcj\adapter\ObjectKeyDoubleMapToMapAdapter.java", "Java", 0, 0, 0, 0, 129, 0, 0, 202, 35, 366
"d:\KG\EA\NALA\nala\src\main\java\bak\pcj\adapter\ObjectKeyFloatMapToMapAdapter.java", "Java", 0, 0, 0, 0, 129, 0, 0, 202, 35, 366
"d:\KG\EA\NALA\nala\src\main\java\bak\pcj\adapter\ObjectKeyIntMapToMapAdapter.java", "Java", 0, 0, 0, 0, 129, 0, 0, 202, 35, 366
"d:\KG\EA\NALA\nala\src\main\java\bak\pcj\adapter\ObjectKeyLongMapToMapAdapter.java", "Java", 0, 0, 0, 0, 129, 0, 0, 202, 35, 366
"d:\KG\EA\NALA\nala\src\main\java\bak\pcj\adapter\ObjectKeyShortMapToMapAdapter.java", "Java", 0, 0, 0, 0, 129, 0, 0, 202, 35, 366
"d:\KG\EA\NALA\nala\src\main\java\bak\pcj\adapter\SetToBooleanSetAdapter.java", "Java", 0, 0, 0, 0, 43, 0, 0, 110, 17, 170
"d:\KG\EA\NALA\nala\src\main\java\bak\pcj\adapter\SetToByteSetAdapter.java", "Java", 0, 0, 0, 0, 43, 0, 0, 110, 17, 170
"d:\KG\EA\NALA\nala\src\main\java\bak\pcj\adapter\SetToCharSetAdapter.java", "Java", 0, 0, 0, 0, 43, 0, 0, 110, 17, 170
"d:\KG\EA\NALA\nala\src\main\java\bak\pcj\adapter\SetToDoubleSetAdapter.java", "Java", 0, 0, 0, 0, 43, 0, 0, 110, 17, 170
"d:\KG\EA\NALA\nala\src\main\java\bak\pcj\adapter\SetToFloatSetAdapter.java", "Java", 0, 0, 0, 0, 43, 0, 0, 110, 17, 170
"d:\KG\EA\NALA\nala\src\main\java\bak\pcj\adapter\SetToIntSetAdapter.java", "Java", 0, 0, 0, 0, 43, 0, 0, 110, 17, 170
"d:\KG\EA\NALA\nala\src\main\java\bak\pcj\adapter\SetToLongSetAdapter.java", "Java", 0, 0, 0, 0, 43, 0, 0, 110, 17, 170
"d:\KG\EA\NALA\nala\src\main\java\bak\pcj\adapter\SetToShortSetAdapter.java", "Java", 0, 0, 0, 0, 43, 0, 0, 110, 17, 170
"d:\KG\EA\NALA\nala\src\main\java\bak\pcj\adapter\ShortCollectionToCollectionAdapter.java", "Java", 0, 0, 0, 0, 54, 0, 0, 173, 15, 242
"d:\KG\EA\NALA\nala\src\main\java\bak\pcj\adapter\ShortIteratorToIteratorAdapter.java", "Java", 0, 0, 0, 0, 18, 0, 0, 69, 9, 96
"d:\KG\EA\NALA\nala\src\main\java\bak\pcj\adapter\ShortKeyBooleanMapToMapAdapter.java", "Java", 0, 0, 0, 0, 140, 0, 0, 219, 36, 395
"d:\KG\EA\NALA\nala\src\main\java\bak\pcj\adapter\ShortKeyByteMapToMapAdapter.java", "Java", 0, 0, 0, 0, 140, 0, 0, 219, 36, 395
"d:\KG\EA\NALA\nala\src\main\java\bak\pcj\adapter\ShortKeyCharMapToMapAdapter.java", "Java", 0, 0, 0, 0, 140, 0, 0, 219, 36, 395
"d:\KG\EA\NALA\nala\src\main\java\bak\pcj\adapter\ShortKeyDoubleMapToMapAdapter.java", "Java", 0, 0, 0, 0, 140, 0, 0, 219, 36, 395
"d:\KG\EA\NALA\nala\src\main\java\bak\pcj\adapter\ShortKeyFloatMapToMapAdapter.java", "Java", 0, 0, 0, 0, 140, 0, 0, 219, 36, 395
"d:\KG\EA\NALA\nala\src\main\java\bak\pcj\adapter\ShortKeyIntMapToMapAdapter.java", "Java", 0, 0, 0, 0, 140, 0, 0, 219, 36, 395
"d:\KG\EA\NALA\nala\src\main\java\bak\pcj\adapter\ShortKeyLongMapToMapAdapter.java", "Java", 0, 0, 0, 0, 140, 0, 0, 219, 36, 395
"d:\KG\EA\NALA\nala\src\main\java\bak\pcj\adapter\ShortKeyMapToMapAdapter.java", "Java", 0, 0, 0, 0, 127, 0, 0, 210, 36, 373
"d:\KG\EA\NALA\nala\src\main\java\bak\pcj\adapter\ShortKeyShortMapToMapAdapter.java", "Java", 0, 0, 0, 0, 140, 0, 0, 219, 36, 395
"d:\KG\EA\NALA\nala\src\main\java\bak\pcj\adapter\ShortListIteratorToListIteratorAdapter.java", "Java", 0, 0, 0, 0, 30, 0, 0, 148, 15, 193
"d:\KG\EA\NALA\nala\src\main\java\bak\pcj\adapter\ShortListToListAdapter.java", "Java", 0, 0, 0, 0, 49, 0, 0, 244, 17, 310
"d:\KG\EA\NALA\nala\src\main\java\bak\pcj\adapter\ShortSetToSetAdapter.java", "Java", 0, 0, 0, 0, 49, 0, 0, 149, 15, 213
"d:\KG\EA\NALA\nala\src\main\java\bak\pcj\adapter\ShortSortedSetToSortedSetAdapter.java", "Java", 0, 0, 0, 0, 25, 0, 0, 130, 12, 167
"d:\KG\EA\NALA\nala\src\main\java\bak\pcj\adapter\SortedSetToBooleanSortedSetAdapter.java", "Java", 0, 0, 0, 0, 24, 0, 0, 91, 12, 127
"d:\KG\EA\NALA\nala\src\main\java\bak\pcj\adapter\SortedSetToByteSortedSetAdapter.java", "Java", 0, 0, 0, 0, 24, 0, 0, 91, 12, 127
"d:\KG\EA\NALA\nala\src\main\java\bak\pcj\adapter\SortedSetToCharSortedSetAdapter.java", "Java", 0, 0, 0, 0, 24, 0, 0, 91, 12, 127
"d:\KG\EA\NALA\nala\src\main\java\bak\pcj\adapter\SortedSetToDoubleSortedSetAdapter.java", "Java", 0, 0, 0, 0, 24, 0, 0, 91, 12, 127
"d:\KG\EA\NALA\nala\src\main\java\bak\pcj\adapter\SortedSetToFloatSortedSetAdapter.java", "Java", 0, 0, 0, 0, 24, 0, 0, 91, 12, 127
"d:\KG\EA\NALA\nala\src\main\java\bak\pcj\adapter\SortedSetToIntSortedSetAdapter.java", "Java", 0, 0, 0, 0, 24, 0, 0, 91, 12, 127
"d:\KG\EA\NALA\nala\src\main\java\bak\pcj\adapter\SortedSetToLongSortedSetAdapter.java", "Java", 0, 0, 0, 0, 24, 0, 0, 91, 12, 127
"d:\KG\EA\NALA\nala\src\main\java\bak\pcj\adapter\SortedSetToShortSortedSetAdapter.java", "Java", 0, 0, 0, 0, 24, 0, 0, 91, 12, 127
"d:\KG\EA\NALA\nala\src\main\java\bak\pcj\adapter\package.html", "HTML", 0, 0, 0, 0, 0, 9, 0, 0, 1, 10
"d:\KG\EA\NALA\nala\src\main\java\bak\pcj\benchmark\ArrayListBenchmark.java", "Java", 0, 0, 0, 0, 12, 0, 0, 26, 6, 44
"d:\KG\EA\NALA\nala\src\main\java\bak\pcj\benchmark\Benchmark.java", "Java", 0, 0, 0, 0, 12, 0, 0, 59, 8, 79
"d:\KG\EA\NALA\nala\src\main\java\bak\pcj\benchmark\BenchmarkRunner.java", "Java", 0, 0, 0, 0, 128, 0, 0, 86, 28, 242
"d:\KG\EA\NALA\nala\src\main\java\bak\pcj\benchmark\CollectionBenchmark.java", "Java", 0, 0, 0, 0, 76, 0, 0, 26, 15, 117
"d:\KG\EA\NALA\nala\src\main\java\bak\pcj\benchmark\DataSet.java", "Java", 0, 0, 0, 0, 37, 0, 0, 77, 10, 124
"d:\KG\EA\NALA\nala\src\main\java\bak\pcj\benchmark\DataSetOrderedCompact.java", "Java", 0, 0, 0, 0, 24, 0, 0, 42, 6, 72
"d:\KG\EA\NALA\nala\src\main\java\bak\pcj\benchmark\DataSetShuffledCompact.java", "Java", 0, 0, 0, 0, 39, 0, 0, 54, 7, 100
"d:\KG\EA\NALA\nala\src\main\java\bak\pcj\benchmark\HashMapBenchmark.java", "Java", 0, 0, 0, 0, 12, 0, 0, 26, 6, 44
"d:\KG\EA\NALA\nala\src\main\java\bak\pcj\benchmark\HashSetBenchmark.java", "Java", 0, 0, 0, 0, 11, 0, 0, 25, 5, 41
"d:\KG\EA\NALA\nala\src\main\java\bak\pcj\benchmark\IntAdaptedArrayListBenchmark.java", "Java", 0, 0, 0, 0, 19, 0, 0, 26, 5, 50
"d:\KG\EA\NALA\nala\src\main\java\bak\pcj\benchmark\IntAdaptedHashSetBenchmark.java", "Java", 0, 0, 0, 0, 18, 0, 0, 29, 5, 52
"d:\KG\EA\NALA\nala\src\main\java\bak\pcj\benchmark\IntArrayDequeBenchmark.java", "Java", 0, 0, 0, 0, 17, 0, 0, 26, 5, 48
"d:\KG\EA\NALA\nala\src\main\java\bak\pcj\benchmark\IntArrayListBenchmark.java", "Java", 0, 0, 0, 0, 17, 0, 0, 26, 5, 48
"d:\KG\EA\NALA\nala\src\main\java\bak\pcj\benchmark\IntBitSetBenchmark.java", "Java", 0, 0, 0, 0, 17, 0, 0, 29, 5, 51
"d:\KG\EA\NALA\nala\src\main\java\bak\pcj\benchmark\IntChainedHashSetBenchmark.java", "Java", 0, 0, 0, 0, 17, 0, 0, 29, 5, 51
"d:\KG\EA\NALA\nala\src\main\java\bak\pcj\benchmark\IntCollectionBenchmark.java", "Java", 0, 0, 0, 0, 78, 0, 0, 26, 14, 118
"d:\KG\EA\NALA\nala\src\main\java\bak\pcj\benchmark\IntKeyAdaptedHashMapBenchmark.java", "Java", 0, 0, 0, 0, 18, 0, 0, 26, 6, 50
"d:\KG\EA\NALA\nala\src\main\java\bak\pcj\benchmark\IntKeyChainedHashMapBenchmark.java", "Java", 0, 0, 0, 0, 17, 0, 0, 26, 6, 49
"d:\KG\EA\NALA\nala\src\main\java\bak\pcj\benchmark\IntKeyIntAdaptedHashMapBenchmark.java", "Java", 0, 0, 0, 0, 18, 0, 0, 26, 6, 50
"d:\KG\EA\NALA\nala\src\main\java\bak\pcj\benchmark\IntKeyIntChainedHashMapBenchmark.java", "Java", 0, 0, 0, 0, 17, 0, 0, 26, 6, 49
"d:\KG\EA\NALA\nala\src\main\java\bak\pcj\benchmark\IntKeyIntMapBenchmark.java", "Java", 0, 0, 0, 0, 87, 0, 0, 26, 16, 129
"d:\KG\EA\NALA\nala\src\main\java\bak\pcj\benchmark\IntKeyIntMapFactory.java", "Java", 0, 0, 0, 0, 5, 0, 0, 45, 5, 55
"d:\KG\EA\NALA\nala\src\main\java\bak\pcj\benchmark\IntKeyIntOpenHashMapBenchmark.java", "Java", 0, 0, 0, 0, 17, 0, 0, 26, 6, 49
"d:\KG\EA\NALA\nala\src\main\java\bak\pcj\benchmark\IntKeyMapBenchmark.java", "Java", 0, 0, 0, 0, 88, 0, 0, 26, 16, 130
"d:\KG\EA\NALA\nala\src\main\java\bak\pcj\benchmark\IntKeyMapFactory.java", "Java", 0, 0, 0, 0, 5, 0, 0, 45, 5, 55
"d:\KG\EA\NALA\nala\src\main\java\bak\pcj\benchmark\IntKeyOpenHashMapBenchmark.java", "Java", 0, 0, 0, 0, 17, 0, 0, 26, 6, 49
"d:\KG\EA\NALA\nala\src\main\java\bak\pcj\benchmark\IntListBenchmark.java", "Java", 0, 0, 0, 0, 111, 0, 0, 31, 19, 161
"d:\KG\EA\NALA\nala\src\main\java\bak\pcj\benchmark\IntListFactory.java", "Java", 0, 0, 0, 0, 5, 0, 0, 41, 5, 51
"d:\KG\EA\NALA\nala\src\main\java\bak\pcj\benchmark\IntOpenHashSetBenchmark.java", "Java", 0, 0, 0, 0, 17, 0, 0, 29, 5, 51
"d:\KG\EA\NALA\nala\src\main\java\bak\pcj\benchmark\IntRangeSetBenchmark.java", "Java", 0, 0, 0, 0, 15, 0, 0, 29, 5, 49
"d:\KG\EA\NALA\nala\src\main\java\bak\pcj\benchmark\IntSetBenchmark.java", "Java", 0, 0, 0, 0, 11, 0, 0, 25, 7, 43
"d:\KG\EA\NALA\nala\src\main\java\bak\pcj\benchmark\IntSetFactory.java", "Java", 0, 0, 0, 0, 5, 0, 0, 41, 5, 51
"d:\KG\EA\NALA\nala\src\main\java\bak\pcj\benchmark\ListBenchmark.java", "Java", 0, 0, 0, 0, 105, 0, 0, 32, 17, 154
"d:\KG\EA\NALA\nala\src\main\java\bak\pcj\benchmark\MapBenchmark.java", "Java", 0, 0, 0, 0, 82, 0, 0, 26, 14, 122
"d:\KG\EA\NALA\nala\src\main\java\bak\pcj\benchmark\Report.java", "Java", 0, 0, 0, 0, 249, 0, 0, 114, 36, 399
"d:\KG\EA\NALA\nala\src\main\java\bak\pcj\benchmark\Result.java", "Java", 0, 0, 0, 0, 33, 0, 0, 96, 17, 146
"d:\KG\EA\NALA\nala\src\main\java\bak\pcj\benchmark\ResultCollector.java", "Java", 0, 0, 0, 0, 67, 0, 0, 78, 13, 158
"d:\KG\EA\NALA\nala\src\main\java\bak\pcj\benchmark\ResultComparator.java", "Java", 0, 0, 0, 0, 28, 0, 0, 42, 9, 79
"d:\KG\EA\NALA\nala\src\main\java\bak\pcj\benchmark\package.html", "HTML", 0, 0, 0, 0, 0, 8, 0, 0, 2, 10
"d:\KG\EA\NALA\nala\src\main\java\bak\pcj\hash\BooleanHashFunction.java", "Java", 0, 0, 0, 0, 4, 0, 0, 40, 4, 48
"d:\KG\EA\NALA\nala\src\main\java\bak\pcj\hash\ByteHashFunction.java", "Java", 0, 0, 0, 0, 4, 0, 0, 43, 4, 51
"d:\KG\EA\NALA\nala\src\main\java\bak\pcj\hash\CharHashFunction.java", "Java", 0, 0, 0, 0, 4, 0, 0, 43, 4, 51
"d:\KG\EA\NALA\nala\src\main\java\bak\pcj\hash\DefaultBooleanHashFunction.java", "Java", 0, 0, 0, 0, 10, 0, 0, 31, 7, 48
"d:\KG\EA\NALA\nala\src\main\java\bak\pcj\hash\DefaultByteHashFunction.java", "Java", 0, 0, 0, 0, 9, 0, 0, 30, 7, 46
"d:\KG\EA\NALA\nala\src\main\java\bak\pcj\hash\DefaultCharHashFunction.java", "Java", 0, 0, 0, 0, 9, 0, 0, 29, 7, 45
"d:\KG\EA\NALA\nala\src\main\java\bak\pcj\hash\DefaultDoubleHashFunction.java", "Java", 0, 0, 0, 0, 10, 0, 0, 32, 7, 49
"d:\KG\EA\NALA\nala\src\main\java\bak\pcj\hash\DefaultFloatHashFunction.java", "Java", 0, 0, 0, 0, 9, 0, 0, 31, 7, 47
"d:\KG\EA\NALA\nala\src\main\java\bak\pcj\hash\DefaultIntHashFunction.java", "Java", 0, 0, 0, 0, 9, 0, 0, 30, 7, 46
"d:\KG\EA\NALA\nala\src\main\java\bak\pcj\hash\DefaultLongHashFunction.java", "Java", 0, 0, 0, 0, 9, 0, 0, 32, 7, 48
"d:\KG\EA\NALA\nala\src\main\java\bak\pcj\hash\DefaultShortHashFunction.java", "Java", 0, 0, 0, 0, 9, 0, 0, 30, 7, 46
"d:\KG\EA\NALA\nala\src\main\java\bak\pcj\hash\DoubleHashFunction.java", "Java", 0, 0, 0, 0, 4, 0, 0, 43, 4, 51
"d:\KG\EA\NALA\nala\src\main\java\bak\pcj\hash\FloatHashFunction.java", "Java", 0, 0, 0, 0, 4, 0, 0, 43, 4, 51
"d:\KG\EA\NALA\nala\src\main\java\bak\pcj\hash\IntHashFunction.java", "Java", 0, 0, 0, 0, 4, 0, 0, 43, 4, 51
"d:\KG\EA\NALA\nala\src\main\java\bak\pcj\hash\LongHashFunction.java", "Java", 0, 0, 0, 0, 4, 0, 0, 43, 4, 51
"d:\KG\EA\NALA\nala\src\main\java\bak\pcj\hash\Primes.java", "Java", 0, 0, 0, 0, 88, 0, 0, 47, 7, 142
"d:\KG\EA\NALA\nala\src\main\java\bak\pcj\hash\ShortHashFunction.java", "Java", 0, 0, 0, 0, 4, 0, 0, 43, 4, 51
"d:\KG\EA\NALA\nala\src\main\java\bak\pcj\hash\package.html", "HTML", 0, 0, 0, 0, 0, 6, 0, 0, 1, 7
"d:\KG\EA\NALA\nala\src\main\java\bak\pcj\list\AbstractBooleanList.java", "Java", 0, 0, 0, 0, 120, 0, 0, 52, 32, 204
"d:\KG\EA\NALA\nala\src\main\java\bak\pcj\list\AbstractByteList.java", "Java", 0, 0, 0, 0, 120, 0, 0, 52, 32, 204
"d:\KG\EA\NALA\nala\src\main\java\bak\pcj\list\AbstractCharList.java", "Java", 0, 0, 0, 0, 120, 0, 0, 52, 32, 204
"d:\KG\EA\NALA\nala\src\main\java\bak\pcj\list\AbstractDoubleList.java", "Java", 0, 0, 0, 0, 120, 0, 0, 52, 32, 204
"d:\KG\EA\NALA\nala\src\main\java\bak\pcj\list\AbstractFloatList.java", "Java", 0, 0, 0, 0, 120, 0, 0, 52, 32, 204
"d:\KG\EA\NALA\nala\src\main\java\bak\pcj\list\AbstractIntList.java", "Java", 0, 0, 0, 0, 120, 0, 0, 52, 32, 204
"d:\KG\EA\NALA\nala\src\main\java\bak\pcj\list\AbstractLongList.java", "Java", 0, 0, 0, 0, 120, 0, 0, 52, 32, 204
"d:\KG\EA\NALA\nala\src\main\java\bak\pcj\list\AbstractShortList.java", "Java", 0, 0, 0, 0, 120, 0, 0, 52, 32, 204
"d:\KG\EA\NALA\nala\src\main\java\bak\pcj\list\BooleanArrayDeque.java", "Java", 0, 0, 0, 0, 337, 0, 0, 215, 57, 609
"d:\KG\EA\NALA\nala\src\main\java\bak\pcj\list\BooleanArrayList.java", "Java", 0, 0, 0, 0, 206, 0, 0, 210, 51, 467
"d:\KG\EA\NALA\nala\src\main\java\bak\pcj\list\BooleanArrayStack.java", "Java", 0, 0, 0, 0, 28, 0, 0, 110, 13, 151
"d:\KG\EA\NALA\nala\src\main\java\bak\pcj\list\BooleanDeque.java", "Java", 0, 0, 0, 0, 10, 0, 0, 74, 10, 94
"d:\KG\EA\NALA\nala\src\main\java\bak\pcj\list\BooleanList.java", "Java", 0, 0, 0, 0, 16, 0, 0, 219, 15, 250
"d:\KG\EA\NALA\nala\src\main\java\bak\pcj\list\BooleanListIterator.java", "Java", 0, 0, 0, 0, 11, 0, 0, 92, 10, 113
"d:\KG\EA\NALA\nala\src\main\java\bak\pcj\list\BooleanStack.java", "Java", 0, 0, 0, 0, 7, 0, 0, 54, 7, 68
"d:\KG\EA\NALA\nala\src\main\java\bak\pcj\list\ByteArrayDeque.java", "Java", 0, 0, 0, 0, 337, 0, 0, 215, 57, 609
"d:\KG\EA\NALA\nala\src\main\java\bak\pcj\list\ByteArrayList.java", "Java", 0, 0, 0, 0, 206, 0, 0, 210, 51, 467
"d:\KG\EA\NALA\nala\src\main\java\bak\pcj\list\ByteArrayStack.java", "Java", 0, 0, 0, 0, 28, 0, 0, 110, 13, 151
"d:\KG\EA\NALA\nala\src\main\java\bak\pcj\list\ByteDeque.java", "Java", 0, 0, 0, 0, 10, 0, 0, 74, 10, 94
"d:\KG\EA\NALA\nala\src\main\java\bak\pcj\list\ByteList.java", "Java", 0, 0, 0, 0, 16, 0, 0, 219, 15, 250
"d:\KG\EA\NALA\nala\src\main\java\bak\pcj\list\ByteListIterator.java", "Java", 0, 0, 0, 0, 11, 0, 0, 92, 10, 113
"d:\KG\EA\NALA\nala\src\main\java\bak\pcj\list\ByteStack.java", "Java", 0, 0, 0, 0, 7, 0, 0, 54, 7, 68
"d:\KG\EA\NALA\nala\src\main\java\bak\pcj\list\CharArrayDeque.java", "Java", 0, 0, 0, 0, 337, 0, 0, 215, 57, 609
"d:\KG\EA\NALA\nala\src\main\java\bak\pcj\list\CharArrayList.java", "Java", 0, 0, 0, 0, 206, 0, 0, 210, 51, 467
"d:\KG\EA\NALA\nala\src\main\java\bak\pcj\list\CharArrayStack.java", "Java", 0, 0, 0, 0, 28, 0, 0, 110, 13, 151
"d:\KG\EA\NALA\nala\src\main\java\bak\pcj\list\CharDeque.java", "Java", 0, 0, 0, 0, 10, 0, 0, 74, 10, 94
"d:\KG\EA\NALA\nala\src\main\java\bak\pcj\list\CharList.java", "Java", 0, 0, 0, 0, 16, 0, 0, 219, 15, 250
"d:\KG\EA\NALA\nala\src\main\java\bak\pcj\list\CharListIterator.java", "Java", 0, 0, 0, 0, 11, 0, 0, 92, 10, 113
"d:\KG\EA\NALA\nala\src\main\java\bak\pcj\list\CharStack.java", "Java", 0, 0, 0, 0, 7, 0, 0, 54, 7, 68
"d:\KG\EA\NALA\nala\src\main\java\bak\pcj\list\DoubleArrayDeque.java", "Java", 0, 0, 0, 0, 337, 0, 0, 215, 57, 609
"d:\KG\EA\NALA\nala\src\main\java\bak\pcj\list\DoubleArrayList.java", "Java", 0, 0, 0, 0, 206, 0, 0, 210, 51, 467
"d:\KG\EA\NALA\nala\src\main\java\bak\pcj\list\DoubleArrayStack.java", "Java", 0, 0, 0, 0, 28, 0, 0, 110, 13, 151
"d:\KG\EA\NALA\nala\src\main\java\bak\pcj\list\DoubleDeque.java", "Java", 0, 0, 0, 0, 10, 0, 0, 74, 10, 94
"d:\KG\EA\NALA\nala\src\main\java\bak\pcj\list\DoubleList.java", "Java", 0, 0, 0, 0, 16, 0, 0, 219, 15, 250
"d:\KG\EA\NALA\nala\src\main\java\bak\pcj\list\DoubleListIterator.java", "Java", 0, 0, 0, 0, 11, 0, 0, 92, 10, 113
"d:\KG\EA\NALA\nala\src\main\java\bak\pcj\list\DoubleStack.java", "Java", 0, 0, 0, 0, 7, 0, 0, 54, 7, 68
"d:\KG\EA\NALA\nala\src\main\java\bak\pcj\list\FloatArrayDeque.java", "Java", 0, 0, 0, 0, 337, 0, 0, 215, 57, 609
"d:\KG\EA\NALA\nala\src\main\java\bak\pcj\list\FloatArrayList.java", "Java", 0, 0, 0, 0, 206, 0, 0, 210, 51, 467
"d:\KG\EA\NALA\nala\src\main\java\bak\pcj\list\FloatArrayStack.java", "Java", 0, 0, 0, 0, 28, 0, 0, 110, 13, 151
"d:\KG\EA\NALA\nala\src\main\java\bak\pcj\list\FloatDeque.java", "Java", 0, 0, 0, 0, 10, 0, 0, 74, 10, 94
"d:\KG\EA\NALA\nala\src\main\java\bak\pcj\list\FloatList.java", "Java", 0, 0, 0, 0, 16, 0, 0, 219, 15, 250
"d:\KG\EA\NALA\nala\src\main\java\bak\pcj\list\FloatListIterator.java", "Java", 0, 0, 0, 0, 11, 0, 0, 92, 10, 113
"d:\KG\EA\NALA\nala\src\main\java\bak\pcj\list\FloatStack.java", "Java", 0, 0, 0, 0, 7, 0, 0, 54, 7, 68
"d:\KG\EA\NALA\nala\src\main\java\bak\pcj\list\IntArrayDeque.java", "Java", 0, 0, 0, 0, 337, 0, 0, 215, 57, 609
"d:\KG\EA\NALA\nala\src\main\java\bak\pcj\list\IntArrayList.java", "Java", 0, 0, 0, 0, 206, 0, 0, 210, 51, 467
"d:\KG\EA\NALA\nala\src\main\java\bak\pcj\list\IntArrayStack.java", "Java", 0, 0, 0, 0, 28, 0, 0, 110, 13, 151
"d:\KG\EA\NALA\nala\src\main\java\bak\pcj\list\IntDeque.java", "Java", 0, 0, 0, 0, 10, 0, 0, 74, 10, 94
"d:\KG\EA\NALA\nala\src\main\java\bak\pcj\list\IntList.java", "Java", 0, 0, 0, 0, 16, 0, 0, 219, 15, 250
"d:\KG\EA\NALA\nala\src\main\java\bak\pcj\list\IntListIterator.java", "Java", 0, 0, 0, 0, 11, 0, 0, 92, 10, 113
"d:\KG\EA\NALA\nala\src\main\java\bak\pcj\list\IntStack.java", "Java", 0, 0, 0, 0, 7, 0, 0, 54, 7, 68
"d:\KG\EA\NALA\nala\src\main\java\bak\pcj\list\LongArrayDeque.java", "Java", 0, 0, 0, 0, 337, 0, 0, 215, 57, 609
"d:\KG\EA\NALA\nala\src\main\java\bak\pcj\list\LongArrayList.java", "Java", 0, 0, 0, 0, 206, 0, 0, 210, 51, 467
"d:\KG\EA\NALA\nala\src\main\java\bak\pcj\list\LongArrayStack.java", "Java", 0, 0, 0, 0, 28, 0, 0, 110, 13, 151
"d:\KG\EA\NALA\nala\src\main\java\bak\pcj\list\LongDeque.java", "Java", 0, 0, 0, 0, 10, 0, 0, 74, 10, 94
"d:\KG\EA\NALA\nala\src\main\java\bak\pcj\list\LongList.java", "Java", 0, 0, 0, 0, 16, 0, 0, 219, 15, 250
"d:\KG\EA\NALA\nala\src\main\java\bak\pcj\list\LongListIterator.java", "Java", 0, 0, 0, 0, 11, 0, 0, 92, 10, 113
"d:\KG\EA\NALA\nala\src\main\java\bak\pcj\list\LongStack.java", "Java", 0, 0, 0, 0, 7, 0, 0, 54, 7, 68
"d:\KG\EA\NALA\nala\src\main\java\bak\pcj\list\ShortArrayDeque.java", "Java", 0, 0, 0, 0, 337, 0, 0, 215, 57, 609
"d:\KG\EA\NALA\nala\src\main\java\bak\pcj\list\ShortArrayList.java", "Java", 0, 0, 0, 0, 206, 0, 0, 210, 51, 467
"d:\KG\EA\NALA\nala\src\main\java\bak\pcj\list\ShortArrayStack.java", "Java", 0, 0, 0, 0, 28, 0, 0, 110, 13, 151
"d:\KG\EA\NALA\nala\src\main\java\bak\pcj\list\ShortDeque.java", "Java", 0, 0, 0, 0, 10, 0, 0, 74, 10, 94
"d:\KG\EA\NALA\nala\src\main\java\bak\pcj\list\ShortList.java", "Java", 0, 0, 0, 0, 16, 0, 0, 219, 15, 250
"d:\KG\EA\NALA\nala\src\main\java\bak\pcj\list\ShortListIterator.java", "Java", 0, 0, 0, 0, 11, 0, 0, 92, 10, 113
"d:\KG\EA\NALA\nala\src\main\java\bak\pcj\list\ShortStack.java", "Java", 0, 0, 0, 0, 7, 0, 0, 54, 7, 68
"d:\KG\EA\NALA\nala\src\main\java\bak\pcj\list\UnmodifiableBooleanList.java", "Java", 0, 0, 0, 0, 54, 0, 0, 72, 26, 152
"d:\KG\EA\NALA\nala\src\main\java\bak\pcj\list\UnmodifiableByteList.java", "Java", 0, 0, 0, 0, 54, 0, 0, 72, 26, 152
"d:\KG\EA\NALA\nala\src\main\java\bak\pcj\list\UnmodifiableCharList.java", "Java", 0, 0, 0, 0, 54, 0, 0, 72, 26, 152
"d:\KG\EA\NALA\nala\src\main\java\bak\pcj\list\UnmodifiableDoubleList.java", "Java", 0, 0, 0, 0, 54, 0, 0, 72, 26, 152
"d:\KG\EA\NALA\nala\src\main\java\bak\pcj\list\UnmodifiableFloatList.java", "Java", 0, 0, 0, 0, 54, 0, 0, 72, 26, 152
"d:\KG\EA\NALA\nala\src\main\java\bak\pcj\list\UnmodifiableIntList.java", "Java", 0, 0, 0, 0, 54, 0, 0, 72, 26, 152
"d:\KG\EA\NALA\nala\src\main\java\bak\pcj\list\UnmodifiableLongList.java", "Java", 0, 0, 0, 0, 54, 0, 0, 72, 26, 152
"d:\KG\EA\NALA\nala\src\main\java\bak\pcj\list\UnmodifiableShortList.java", "Java", 0, 0, 0, 0, 54, 0, 0, 72, 26, 152
"d:\KG\EA\NALA\nala\src\main\java\bak\pcj\list\package.html", "HTML", 0, 0, 0, 0, 0, 6, 0, 0, 1, 7
"d:\KG\EA\NALA\nala\src\main\java\bak\pcj\map\AbstractBooleanKeyBooleanMap.java", "Java", 0, 0, 0, 0, 119, 0, 0, 41, 18, 178
"d:\KG\EA\NALA\nala\src\main\java\bak\pcj\map\AbstractBooleanKeyByteMap.java", "Java", 0, 0, 0, 0, 119, 0, 0, 41, 18, 178
"d:\KG\EA\NALA\nala\src\main\java\bak\pcj\map\AbstractBooleanKeyCharMap.java", "Java", 0, 0, 0, 0, 119, 0, 0, 41, 18, 178
"d:\KG\EA\NALA\nala\src\main\java\bak\pcj\map\AbstractBooleanKeyDoubleMap.java", "Java", 0, 0, 0, 0, 119, 0, 0, 41, 18, 178
"d:\KG\EA\NALA\nala\src\main\java\bak\pcj\map\AbstractBooleanKeyFloatMap.java", "Java", 0, 0, 0, 0, 119, 0, 0, 41, 18, 178
"d:\KG\EA\NALA\nala\src\main\java\bak\pcj\map\AbstractBooleanKeyIntMap.java", "Java", 0, 0, 0, 0, 119, 0, 0, 41, 18, 178
"d:\KG\EA\NALA\nala\src\main\java\bak\pcj\map\AbstractBooleanKeyLongMap.java", "Java", 0, 0, 0, 0, 119, 0, 0, 41, 18, 178
"d:\KG\EA\NALA\nala\src\main\java\bak\pcj\map\AbstractBooleanKeyMap.java", "Java", 0, 0, 0, 0, 126, 0, 0, 41, 17, 184
"d:\KG\EA\NALA\nala\src\main\java\bak\pcj\map\AbstractBooleanKeyShortMap.java", "Java", 0, 0, 0, 0, 119, 0, 0, 41, 18, 178
"d:\KG\EA\NALA\nala\src\main\java\bak\pcj\map\AbstractByteKeyBooleanMap.java", "Java", 0, 0, 0, 0, 119, 0, 0, 41, 18, 178
"d:\KG\EA\NALA\nala\src\main\java\bak\pcj\map\AbstractByteKeyByteMap.java", "Java", 0, 0, 0, 0, 119, 0, 0, 41, 18, 178
"d:\KG\EA\NALA\nala\src\main\java\bak\pcj\map\AbstractByteKeyCharMap.java", "Java", 0, 0, 0, 0, 119, 0, 0, 41, 18, 178
"d:\KG\EA\NALA\nala\src\main\java\bak\pcj\map\AbstractByteKeyDoubleMap.java", "Java", 0, 0, 0, 0, 119, 0, 0, 41, 18, 178
"d:\KG\EA\NALA\nala\src\main\java\bak\pcj\map\AbstractByteKeyFloatMap.java", "Java", 0, 0, 0, 0, 119, 0, 0, 41, 18, 178
"d:\KG\EA\NALA\nala\src\main\java\bak\pcj\map\AbstractByteKeyIntMap.java", "Java", 0, 0, 0, 0, 119, 0, 0, 41, 18, 178
"d:\KG\EA\NALA\nala\src\main\java\bak\pcj\map\AbstractByteKeyLongMap.java", "Java", 0, 0, 0, 0, 119, 0, 0, 41, 18, 178
"d:\KG\EA\NALA\nala\src\main\java\bak\pcj\map\AbstractByteKeyMap.java", "Java", 0, 0, 0, 0, 126, 0, 0, 41, 17, 184
"d:\KG\EA\NALA\nala\src\main\java\bak\pcj\map\AbstractByteKeyShortMap.java", "Java", 0, 0, 0, 0, 119, 0, 0, 41, 18, 178
"d:\KG\EA\NALA\nala\src\main\java\bak\pcj\map\AbstractCharKeyBooleanMap.java", "Java", 0, 0, 0, 0, 119, 0, 0, 41, 18, 178
"d:\KG\EA\NALA\nala\src\main\java\bak\pcj\map\AbstractCharKeyByteMap.java", "Java", 0, 0, 0, 0, 119, 0, 0, 41, 18, 178
"d:\KG\EA\NALA\nala\src\main\java\bak\pcj\map\AbstractCharKeyCharMap.java", "Java", 0, 0, 0, 0, 119, 0, 0, 41, 18, 178
"d:\KG\EA\NALA\nala\src\main\java\bak\pcj\map\AbstractCharKeyDoubleMap.java", "Java", 0, 0, 0, 0, 119, 0, 0, 41, 18, 178
"d:\KG\EA\NALA\nala\src\main\java\bak\pcj\map\AbstractCharKeyFloatMap.java", "Java", 0, 0, 0, 0, 119, 0, 0, 41, 18, 178
"d:\KG\EA\NALA\nala\src\main\java\bak\pcj\map\AbstractCharKeyIntMap.java", "Java", 0, 0, 0, 0, 119, 0, 0, 41, 18, 178
"d:\KG\EA\NALA\nala\src\main\java\bak\pcj\map\AbstractCharKeyLongMap.java", "Java", 0, 0, 0, 0, 119, 0, 0, 41, 18, 178
"d:\KG\EA\NALA\nala\src\main\java\bak\pcj\map\AbstractCharKeyMap.java", "Java", 0, 0, 0, 0, 126, 0, 0, 41, 17, 184
"d:\KG\EA\NALA\nala\src\main\java\bak\pcj\map\AbstractCharKeyShortMap.java", "Java", 0, 0, 0, 0, 119, 0, 0, 41, 18, 178
"d:\KG\EA\NALA\nala\src\main\java\bak\pcj\map\AbstractDoubleKeyBooleanMap.java", "Java", 0, 0, 0, 0, 119, 0, 0, 41, 18, 178
"d:\KG\EA\NALA\nala\src\main\java\bak\pcj\map\AbstractDoubleKeyByteMap.java", "Java", 0, 0, 0, 0, 119, 0, 0, 41, 18, 178
"d:\KG\EA\NALA\nala\src\main\java\bak\pcj\map\AbstractDoubleKeyCharMap.java", "Java", 0, 0, 0, 0, 119, 0, 0, 41, 18, 178
"d:\KG\EA\NALA\nala\src\main\java\bak\pcj\map\AbstractDoubleKeyDoubleMap.java", "Java", 0, 0, 0, 0, 119, 0, 0, 41, 18, 178
"d:\KG\EA\NALA\nala\src\main\java\bak\pcj\map\AbstractDoubleKeyFloatMap.java", "Java", 0, 0, 0, 0, 119, 0, 0, 41, 18, 178
"d:\KG\EA\NALA\nala\src\main\java\bak\pcj\map\AbstractDoubleKeyIntMap.java", "Java", 0, 0, 0, 0, 119, 0, 0, 41, 18, 178
"d:\KG\EA\NALA\nala\src\main\java\bak\pcj\map\AbstractDoubleKeyLongMap.java", "Java", 0, 0, 0, 0, 119, 0, 0, 41, 18, 178
"d:\KG\EA\NALA\nala\src\main\java\bak\pcj\map\AbstractDoubleKeyMap.java", "Java", 0, 0, 0, 0, 126, 0, 0, 41, 17, 184
"d:\KG\EA\NALA\nala\src\main\java\bak\pcj\map\AbstractDoubleKeyShortMap.java", "Java", 0, 0, 0, 0, 119, 0, 0, 41, 18, 178
"d:\KG\EA\NALA\nala\src\main\java\bak\pcj\map\AbstractFloatKeyBooleanMap.java", "Java", 0, 0, 0, 0, 119, 0, 0, 41, 18, 178
"d:\KG\EA\NALA\nala\src\main\java\bak\pcj\map\AbstractFloatKeyByteMap.java", "Java", 0, 0, 0, 0, 119, 0, 0, 41, 18, 178
"d:\KG\EA\NALA\nala\src\main\java\bak\pcj\map\AbstractFloatKeyCharMap.java", "Java", 0, 0, 0, 0, 119, 0, 0, 41, 18, 178
"d:\KG\EA\NALA\nala\src\main\java\bak\pcj\map\AbstractFloatKeyDoubleMap.java", "Java", 0, 0, 0, 0, 119, 0, 0, 41, 18, 178
"d:\KG\EA\NALA\nala\src\main\java\bak\pcj\map\AbstractFloatKeyFloatMap.java", "Java", 0, 0, 0, 0, 119, 0, 0, 41, 18, 178
"d:\KG\EA\NALA\nala\src\main\java\bak\pcj\map\AbstractFloatKeyIntMap.java", "Java", 0, 0, 0, 0, 119, 0, 0, 41, 18, 178
"d:\KG\EA\NALA\nala\src\main\java\bak\pcj\map\AbstractFloatKeyLongMap.java", "Java", 0, 0, 0, 0, 119, 0, 0, 41, 18, 178
"d:\KG\EA\NALA\nala\src\main\java\bak\pcj\map\AbstractFloatKeyMap.java", "Java", 0, 0, 0, 0, 126, 0, 0, 41, 17, 184
"d:\KG\EA\NALA\nala\src\main\java\bak\pcj\map\AbstractFloatKeyShortMap.java", "Java", 0, 0, 0, 0, 119, 0, 0, 41, 18, 178
"d:\KG\EA\NALA\nala\src\main\java\bak\pcj\map\AbstractIntKeyBooleanMap.java", "Java", 0, 0, 0, 0, 119, 0, 0, 41, 18, 178
"d:\KG\EA\NALA\nala\src\main\java\bak\pcj\map\AbstractIntKeyByteMap.java", "Java", 0, 0, 0, 0, 119, 0, 0, 41, 18, 178
"d:\KG\EA\NALA\nala\src\main\java\bak\pcj\map\AbstractIntKeyCharMap.java", "Java", 0, 0, 0, 0, 119, 0, 0, 41, 18, 178
"d:\KG\EA\NALA\nala\src\main\java\bak\pcj\map\AbstractIntKeyDoubleMap.java", "Java", 0, 0, 0, 0, 119, 0, 0, 41, 18, 178
"d:\KG\EA\NALA\nala\src\main\java\bak\pcj\map\AbstractIntKeyFloatMap.java", "Java", 0, 0, 0, 0, 119, 0, 0, 41, 18, 178
"d:\KG\EA\NALA\nala\src\main\java\bak\pcj\map\AbstractIntKeyIntMap.java", "Java", 0, 0, 0, 0, 119, 0, 0, 41, 18, 178
"d:\KG\EA\NALA\nala\src\main\java\bak\pcj\map\AbstractIntKeyLongMap.java", "Java", 0, 0, 0, 0, 119, 0, 0, 41, 18, 178
"d:\KG\EA\NALA\nala\src\main\java\bak\pcj\map\AbstractIntKeyMap.java", "Java", 0, 0, 0, 0, 126, 0, 0, 41, 17, 184
"d:\KG\EA\NALA\nala\src\main\java\bak\pcj\map\AbstractIntKeyShortMap.java", "Java", 0, 0, 0, 0, 119, 0, 0, 41, 18, 178
"d:\KG\EA\NALA\nala\src\main\java\bak\pcj\map\AbstractLongKeyBooleanMap.java", "Java", 0, 0, 0, 0, 119, 0, 0, 41, 18, 178
"d:\KG\EA\NALA\nala\src\main\java\bak\pcj\map\AbstractLongKeyByteMap.java", "Java", 0, 0, 0, 0, 119, 0, 0, 41, 18, 178
"d:\KG\EA\NALA\nala\src\main\java\bak\pcj\map\AbstractLongKeyCharMap.java", "Java", 0, 0, 0, 0, 119, 0, 0, 41, 18, 178
"d:\KG\EA\NALA\nala\src\main\java\bak\pcj\map\AbstractLongKeyDoubleMap.java", "Java", 0, 0, 0, 0, 119, 0, 0, 41, 18, 178
"d:\KG\EA\NALA\nala\src\main\java\bak\pcj\map\AbstractLongKeyFloatMap.java", "Java", 0, 0, 0, 0, 119, 0, 0, 41, 18, 178
"d:\KG\EA\NALA\nala\src\main\java\bak\pcj\map\AbstractLongKeyIntMap.java", "Java", 0, 0, 0, 0, 119, 0, 0, 41, 18, 178
"d:\KG\EA\NALA\nala\src\main\java\bak\pcj\map\AbstractLongKeyLongMap.java", "Java", 0, 0, 0, 0, 119, 0, 0, 41, 18, 178
"d:\KG\EA\NALA\nala\src\main\java\bak\pcj\map\AbstractLongKeyMap.java", "Java", 0, 0, 0, 0, 126, 0, 0, 41, 17, 184
"d:\KG\EA\NALA\nala\src\main\java\bak\pcj\map\AbstractLongKeyShortMap.java", "Java", 0, 0, 0, 0, 119, 0, 0, 41, 18, 178
"d:\KG\EA\NALA\nala\src\main\java\bak\pcj\map\AbstractObjectKeyBooleanMap.java", "Java", 0, 0, 0, 0, 142, 0, 0, 41, 18, 201
"d:\KG\EA\NALA\nala\src\main\java\bak\pcj\map\AbstractObjectKeyByteMap.java", "Java", 0, 0, 0, 0, 142, 0, 0, 41, 18, 201
"d:\KG\EA\NALA\nala\src\main\java\bak\pcj\map\AbstractObjectKeyCharMap.java", "Java", 0, 0, 0, 0, 142, 0, 0, 41, 18, 201
"d:\KG\EA\NALA\nala\src\main\java\bak\pcj\map\AbstractObjectKeyDoubleMap.java", "Java", 0, 0, 0, 0, 142, 0, 0, 41, 18, 201
"d:\KG\EA\NALA\nala\src\main\java\bak\pcj\map\AbstractObjectKeyFloatMap.java", "Java", 0, 0, 0, 0, 142, 0, 0, 41, 18, 201
"d:\KG\EA\NALA\nala\src\main\java\bak\pcj\map\AbstractObjectKeyIntMap.java", "Java", 0, 0, 0, 0, 142, 0, 0, 41, 18, 201
"d:\KG\EA\NALA\nala\src\main\java\bak\pcj\map\AbstractObjectKeyLongMap.java", "Java", 0, 0, 0, 0, 142, 0, 0, 41, 18, 201
"d:\KG\EA\NALA\nala\src\main\java\bak\pcj\map\AbstractObjectKeyShortMap.java", "Java", 0, 0, 0, 0, 142, 0, 0, 41, 18, 201
"d:\KG\EA\NALA\nala\src\main\java\bak\pcj\map\AbstractShortKeyBooleanMap.java", "Java", 0, 0, 0, 0, 119, 0, 0, 41, 18, 178
"d:\KG\EA\NALA\nala\src\main\java\bak\pcj\map\AbstractShortKeyByteMap.java", "Java", 0, 0, 0, 0, 119, 0, 0, 41, 18, 178
"d:\KG\EA\NALA\nala\src\main\java\bak\pcj\map\AbstractShortKeyCharMap.java", "Java", 0, 0, 0, 0, 119, 0, 0, 41, 18, 178
"d:\KG\EA\NALA\nala\src\main\java\bak\pcj\map\AbstractShortKeyDoubleMap.java", "Java", 0, 0, 0, 0, 119, 0, 0, 41, 18, 178
"d:\KG\EA\NALA\nala\src\main\java\bak\pcj\map\AbstractShortKeyFloatMap.java", "Java", 0, 0, 0, 0, 119, 0, 0, 41, 18, 178
"d:\KG\EA\NALA\nala\src\main\java\bak\pcj\map\AbstractShortKeyIntMap.java", "Java", 0, 0, 0, 0, 119, 0, 0, 41, 18, 178
"d:\KG\EA\NALA\nala\src\main\java\bak\pcj\map\AbstractShortKeyLongMap.java", "Java", 0, 0, 0, 0, 119, 0, 0, 41, 18, 178
"d:\KG\EA\NALA\nala\src\main\java\bak\pcj\map\AbstractShortKeyMap.java", "Java", 0, 0, 0, 0, 126, 0, 0, 41, 17, 184
"d:\KG\EA\NALA\nala\src\main\java\bak\pcj\map\AbstractShortKeyShortMap.java", "Java", 0, 0, 0, 0, 119, 0, 0, 41, 18, 178
"d:\KG\EA\NALA\nala\src\main\java\bak\pcj\map\BooleanKeyBooleanMap.java", "Java", 0, 0, 0, 0, 22, 0, 0, 217, 21, 260
"d:\KG\EA\NALA\nala\src\main\java\bak\pcj\map\BooleanKeyBooleanMapIterator.java", "Java", 0, 0, 0, 0, 8, 0, 0, 87, 8, 103
"d:\KG\EA\NALA\nala\src\main\java\bak\pcj\map\BooleanKeyByteMap.java", "Java", 0, 0, 0, 0, 22, 0, 0, 217, 21, 260
"d:\KG\EA\NALA\nala\src\main\java\bak\pcj\map\BooleanKeyByteMapIterator.java", "Java", 0, 0, 0, 0, 8, 0, 0, 87, 8, 103
"d:\KG\EA\NALA\nala\src\main\java\bak\pcj\map\BooleanKeyChainedHashMap.java", "Java", 0, 0, 0, 0, 425, 0, 0, 327, 105, 857
"d:\KG\EA\NALA\nala\src\main\java\bak\pcj\map\BooleanKeyCharMap.java", "Java", 0, 0, 0, 0, 22, 0, 0, 217, 21, 260
"d:\KG\EA\NALA\nala\src\main\java\bak\pcj\map\BooleanKeyCharMapIterator.java", "Java", 0, 0, 0, 0, 8, 0, 0, 87, 8, 103
"d:\KG\EA\NALA\nala\src\main\java\bak\pcj\map\BooleanKeyDoubleMap.java", "Java", 0, 0, 0, 0, 22, 0, 0, 217, 21, 260
"d:\KG\EA\NALA\nala\src\main\java\bak\pcj\map\BooleanKeyDoubleMapIterator.java", "Java", 0, 0, 0, 0, 8, 0, 0, 87, 8, 103
"d:\KG\EA\NALA\nala\src\main\java\bak\pcj\map\BooleanKeyFloatMap.java", "Java", 0, 0, 0, 0, 22, 0, 0, 217, 21, 260
"d:\KG\EA\NALA\nala\src\main\java\bak\pcj\map\BooleanKeyFloatMapIterator.java", "Java", 0, 0, 0, 0, 8, 0, 0, 87, 8, 103
"d:\KG\EA\NALA\nala\src\main\java\bak\pcj\map\BooleanKeyIntMap.java", "Java", 0, 0, 0, 0, 22, 0, 0, 217, 21, 260
"d:\KG\EA\NALA\nala\src\main\java\bak\pcj\map\BooleanKeyIntMapIterator.java", "Java", 0, 0, 0, 0, 8, 0, 0, 87, 8, 103
"d:\KG\EA\NALA\nala\src\main\java\bak\pcj\map\BooleanKeyLongMap.java", "Java", 0, 0, 0, 0, 22, 0, 0, 217, 21, 260
"d:\KG\EA\NALA\nala\src\main\java\bak\pcj\map\BooleanKeyLongMapIterator.java", "Java", 0, 0, 0, 0, 8, 0, 0, 87, 8, 103
"d:\KG\EA\NALA\nala\src\main\java\bak\pcj\map\BooleanKeyMap.java", "Java", 0, 0, 0, 0, 18, 0, 0, 156, 18, 192
"d:\KG\EA\NALA\nala\src\main\java\bak\pcj\map\BooleanKeyMapIterator.java", "Java", 0, 0, 0, 0, 8, 0, 0, 88, 8, 104
"d:\KG\EA\NALA\nala\src\main\java\bak\pcj\map\BooleanKeyOpenHashMap.java", "Java", 0, 0, 0, 0, 454, 0, 0, 343, 99, 896
"d:\KG\EA\NALA\nala\src\main\java\bak\pcj\map\BooleanKeyShortMap.java", "Java", 0, 0, 0, 0, 22, 0, 0, 217, 21, 260
"d:\KG\EA\NALA\nala\src\main\java\bak\pcj\map\BooleanKeyShortMapIterator.java", "Java", 0, 0, 0, 0, 8, 0, 0, 87, 8, 103
"d:\KG\EA\NALA\nala\src\main\java\bak\pcj\map\ByteKeyBooleanChainedHashMap.java", "Java", 0, 0, 0, 0, 432, 0, 0, 328, 107, 867
"d:\KG\EA\NALA\nala\src\main\java\bak\pcj\map\ByteKeyBooleanMap.java", "Java", 0, 0, 0, 0, 22, 0, 0, 217, 21, 260
"d:\KG\EA\NALA\nala\src\main\java\bak\pcj\map\ByteKeyBooleanMapIterator.java", "Java", 0, 0, 0, 0, 8, 0, 0, 87, 8, 103
"d:\KG\EA\NALA\nala\src\main\java\bak\pcj\map\ByteKeyBooleanOpenHashMap.java", "Java", 0, 0, 0, 0, 478, 0, 0, 346, 102, 926
"d:\KG\EA\NALA\nala\src\main\java\bak\pcj\map\ByteKeyByteChainedHashMap.java", "Java", 0, 0, 0, 0, 432, 0, 0, 328, 107, 867
"d:\KG\EA\NALA\nala\src\main\java\bak\pcj\map\ByteKeyByteMap.java", "Java", 0, 0, 0, 0, 22, 0, 0, 217, 21, 260
"d:\KG\EA\NALA\nala\src\main\java\bak\pcj\map\ByteKeyByteMapIterator.java", "Java", 0, 0, 0, 0, 8, 0, 0, 87, 8, 103
"d:\KG\EA\NALA\nala\src\main\java\bak\pcj\map\ByteKeyByteOpenHashMap.java", "Java", 0, 0, 0, 0, 478, 0, 0, 346, 102, 926
"d:\KG\EA\NALA\nala\src\main\java\bak\pcj\map\ByteKeyChainedHashMap.java", "Java", 0, 0, 0, 0, 425, 0, 0, 327, 105, 857
"d:\KG\EA\NALA\nala\src\main\java\bak\pcj\map\ByteKeyCharChainedHashMap.java", "Java", 0, 0, 0, 0, 432, 0, 0, 328, 107, 867
"d:\KG\EA\NALA\nala\src\main\java\bak\pcj\map\ByteKeyCharMap.java", "Java", 0, 0, 0, 0, 22, 0, 0, 217, 21, 260
"d:\KG\EA\NALA\nala\src\main\java\bak\pcj\map\ByteKeyCharMapIterator.java", "Java", 0, 0, 0, 0, 8, 0, 0, 87, 8, 103
"d:\KG\EA\NALA\nala\src\main\java\bak\pcj\map\ByteKeyCharOpenHashMap.java", "Java", 0, 0, 0, 0, 478, 0, 0, 346, 102, 926
"d:\KG\EA\NALA\nala\src\main\java\bak\pcj\map\ByteKeyDoubleChainedHashMap.java", "Java", 0, 0, 0, 0, 432, 0, 0, 328, 107, 867
"d:\KG\EA\NALA\nala\src\main\java\bak\pcj\map\ByteKeyDoubleMap.java", "Java", 0, 0, 0, 0, 22, 0, 0, 217, 21, 260
"d:\KG\EA\NALA\nala\src\main\java\bak\pcj\map\ByteKeyDoubleMapIterator.java", "Java", 0, 0, 0, 0, 8, 0, 0, 87, 8, 103
"d:\KG\EA\NALA\nala\src\main\java\bak\pcj\map\ByteKeyDoubleOpenHashMap.java", "Java", 0, 0, 0, 0, 478, 0, 0, 346, 102, 926
"d:\KG\EA\NALA\nala\src\main\java\bak\pcj\map\ByteKeyFloatChainedHashMap.java", "Java", 0, 0, 0, 0, 432, 0, 0, 328, 107, 867
"d:\KG\EA\NALA\nala\src\main\java\bak\pcj\map\ByteKeyFloatMap.java", "Java", 0, 0, 0, 0, 22, 0, 0, 217, 21, 260
"d:\KG\EA\NALA\nala\src\main\java\bak\pcj\map\ByteKeyFloatMapIterator.java", "Java", 0, 0, 0, 0, 8, 0, 0, 87, 8, 103
"d:\KG\EA\NALA\nala\src\main\java\bak\pcj\map\ByteKeyFloatOpenHashMap.java", "Java", 0, 0, 0, 0, 478, 0, 0, 346, 102, 926
"d:\KG\EA\NALA\nala\src\main\java\bak\pcj\map\ByteKeyIntChainedHashMap.java", "Java", 0, 0, 0, 0, 432, 0, 0, 328, 107, 867
"d:\KG\EA\NALA\nala\src\main\java\bak\pcj\map\ByteKeyIntMap.java", "Java", 0, 0, 0, 0, 22, 0, 0, 217, 21, 260
"d:\KG\EA\NALA\nala\src\main\java\bak\pcj\map\ByteKeyIntMapIterator.java", "Java", 0, 0, 0, 0, 8, 0, 0, 87, 8, 103
"d:\KG\EA\NALA\nala\src\main\java\bak\pcj\map\ByteKeyIntOpenHashMap.java", "Java", 0, 0, 0, 0, 478, 0, 0, 346, 102, 926
"d:\KG\EA\NALA\nala\src\main\java\bak\pcj\map\ByteKeyLongChainedHashMap.java", "Java", 0, 0, 0, 0, 432, 0, 0, 328, 107, 867
"d:\KG\EA\NALA\nala\src\main\java\bak\pcj\map\ByteKeyLongMap.java", "Java", 0, 0, 0, 0, 22, 0, 0, 217, 21, 260
"d:\KG\EA\NALA\nala\src\main\java\bak\pcj\map\ByteKeyLongMapIterator.java", "Java", 0, 0, 0, 0, 8, 0, 0, 87, 8, 103
"d:\KG\EA\NALA\nala\src\main\java\bak\pcj\map\ByteKeyLongOpenHashMap.java", "Java", 0, 0, 0, 0, 478, 0, 0, 346, 102, 926
"d:\KG\EA\NALA\nala\src\main\java\bak\pcj\map\ByteKeyMap.java", "Java", 0, 0, 0, 0, 18, 0, 0, 156, 18, 192
"d:\KG\EA\NALA\nala\src\main\java\bak\pcj\map\ByteKeyMapIterator.java", "Java", 0, 0, 0, 0, 8, 0, 0, 88, 8, 104
"d:\KG\EA\NALA\nala\src\main\java\bak\pcj\map\ByteKeyOpenHashMap.java", "Java", 0, 0, 0, 0, 454, 0, 0, 343, 99, 896
"d:\KG\EA\NALA\nala\src\main\java\bak\pcj\map\ByteKeyShortChainedHashMap.java", "Java", 0, 0, 0, 0, 432, 0, 0, 328, 107, 867
"d:\KG\EA\NALA\nala\src\main\java\bak\pcj\map\ByteKeyShortMap.java", "Java", 0, 0, 0, 0, 22, 0, 0, 217, 21, 260
"d:\KG\EA\NALA\nala\src\main\java\bak\pcj\map\ByteKeyShortMapIterator.java", "Java", 0, 0, 0, 0, 8, 0, 0, 87, 8, 103
"d:\KG\EA\NALA\nala\src\main\java\bak\pcj\map\ByteKeyShortOpenHashMap.java", "Java", 0, 0, 0, 0, 478, 0, 0, 346, 102, 926
"d:\KG\EA\NALA\nala\src\main\java\bak\pcj\map\CharKeyBooleanChainedHashMap.java", "Java", 0, 0, 0, 0, 432, 0, 0, 328, 107, 867
"d:\KG\EA\NALA\nala\src\main\java\bak\pcj\map\CharKeyBooleanMap.java", "Java", 0, 0, 0, 0, 22, 0, 0, 217, 21, 260
"d:\KG\EA\NALA\nala\src\main\java\bak\pcj\map\CharKeyBooleanMapIterator.java", "Java", 0, 0, 0, 0, 8, 0, 0, 87, 8, 103
"d:\KG\EA\NALA\nala\src\main\java\bak\pcj\map\CharKeyBooleanOpenHashMap.java", "Java", 0, 0, 0, 0, 478, 0, 0, 346, 102, 926
"d:\KG\EA\NALA\nala\src\main\java\bak\pcj\map\CharKeyByteChainedHashMap.java", "Java", 0, 0, 0, 0, 432, 0, 0, 328, 107, 867
"d:\KG\EA\NALA\nala\src\main\java\bak\pcj\map\CharKeyByteMap.java", "Java", 0, 0, 0, 0, 22, 0, 0, 217, 21, 260
"d:\KG\EA\NALA\nala\src\main\java\bak\pcj\map\CharKeyByteMapIterator.java", "Java", 0, 0, 0, 0, 8, 0, 0, 87, 8, 103
"d:\KG\EA\NALA\nala\src\main\java\bak\pcj\map\CharKeyByteOpenHashMap.java", "Java", 0, 0, 0, 0, 478, 0, 0, 346, 102, 926
"d:\KG\EA\NALA\nala\src\main\java\bak\pcj\map\CharKeyChainedHashMap.java", "Java", 0, 0, 0, 0, 425, 0, 0, 327, 105, 857
"d:\KG\EA\NALA\nala\src\main\java\bak\pcj\map\CharKeyCharChainedHashMap.java", "Java", 0, 0, 0, 0, 432, 0, 0, 328, 107, 867
"d:\KG\EA\NALA\nala\src\main\java\bak\pcj\map\CharKeyCharMap.java", "Java", 0, 0, 0, 0, 22, 0, 0, 217, 21, 260
"d:\KG\EA\NALA\nala\src\main\java\bak\pcj\map\CharKeyCharMapIterator.java", "Java", 0, 0, 0, 0, 8, 0, 0, 87, 8, 103
"d:\KG\EA\NALA\nala\src\main\java\bak\pcj\map\CharKeyCharOpenHashMap.java", "Java", 0, 0, 0, 0, 478, 0, 0, 346, 102, 926
"d:\KG\EA\NALA\nala\src\main\java\bak\pcj\map\CharKeyDoubleChainedHashMap.java", "Java", 0, 0, 0, 0, 432, 0, 0, 328, 107, 867
"d:\KG\EA\NALA\nala\src\main\java\bak\pcj\map\CharKeyDoubleMap.java", "Java", 0, 0, 0, 0, 22, 0, 0, 217, 21, 260
"d:\KG\EA\NALA\nala\src\main\java\bak\pcj\map\CharKeyDoubleMapIterator.java", "Java", 0, 0, 0, 0, 8, 0, 0, 87, 8, 103
"d:\KG\EA\NALA\nala\src\main\java\bak\pcj\map\CharKeyDoubleOpenHashMap.java", "Java", 0, 0, 0, 0, 478, 0, 0, 346, 102, 926
"d:\KG\EA\NALA\nala\src\main\java\bak\pcj\map\CharKeyFloatChainedHashMap.java", "Java", 0, 0, 0, 0, 432, 0, 0, 328, 107, 867
"d:\KG\EA\NALA\nala\src\main\java\bak\pcj\map\CharKeyFloatMap.java", "Java", 0, 0, 0, 0, 22, 0, 0, 217, 21, 260
"d:\KG\EA\NALA\nala\src\main\java\bak\pcj\map\CharKeyFloatMapIterator.java", "Java", 0, 0, 0, 0, 8, 0, 0, 87, 8, 103
"d:\KG\EA\NALA\nala\src\main\java\bak\pcj\map\CharKeyFloatOpenHashMap.java", "Java", 0, 0, 0, 0, 478, 0, 0, 346, 102, 926
"d:\KG\EA\NALA\nala\src\main\java\bak\pcj\map\CharKeyIntChainedHashMap.java", "Java", 0, 0, 0, 0, 432, 0, 0, 328, 107, 867
"d:\KG\EA\NALA\nala\src\main\java\bak\pcj\map\CharKeyIntMap.java", "Java", 0, 0, 0, 0, 22, 0, 0, 217, 21, 260
"d:\KG\EA\NALA\nala\src\main\java\bak\pcj\map\CharKeyIntMapIterator.java", "Java", 0, 0, 0, 0, 8, 0, 0, 87, 8, 103
"d:\KG\EA\NALA\nala\src\main\java\bak\pcj\map\CharKeyIntOpenHashMap.java", "Java", 0, 0, 0, 0, 478, 0, 0, 346, 102, 926
"d:\KG\EA\NALA\nala\src\main\java\bak\pcj\map\CharKeyLongChainedHashMap.java", "Java", 0, 0, 0, 0, 432, 0, 0, 328, 107, 867
"d:\KG\EA\NALA\nala\src\main\java\bak\pcj\map\CharKeyLongMap.java", "Java", 0, 0, 0, 0, 22, 0, 0, 217, 21, 260
"d:\KG\EA\NALA\nala\src\main\java\bak\pcj\map\CharKeyLongMapIterator.java", "Java", 0, 0, 0, 0, 8, 0, 0, 87, 8, 103
"d:\KG\EA\NALA\nala\src\main\java\bak\pcj\map\CharKeyLongOpenHashMap.java", "Java", 0, 0, 0, 0, 478, 0, 0, 346, 102, 926
"d:\KG\EA\NALA\nala\src\main\java\bak\pcj\map\CharKeyMap.java", "Java", 0, 0, 0, 0, 18, 0, 0, 156, 18, 192
"d:\KG\EA\NALA\nala\src\main\java\bak\pcj\map\CharKeyMapIterator.java", "Java", 0, 0, 0, 0, 8, 0, 0, 88, 8, 104
"d:\KG\EA\NALA\nala\src\main\java\bak\pcj\map\CharKeyOpenHashMap.java", "Java", 0, 0, 0, 0, 454, 0, 0, 343, 99, 896
"d:\KG\EA\NALA\nala\src\main\java\bak\pcj\map\CharKeyShortChainedHashMap.java", "Java", 0, 0, 0, 0, 432, 0, 0, 328, 107, 867
"d:\KG\EA\NALA\nala\src\main\java\bak\pcj\map\CharKeyShortMap.java", "Java", 0, 0, 0, 0, 22, 0, 0, 217, 21, 260
"d:\KG\EA\NALA\nala\src\main\java\bak\pcj\map\CharKeyShortMapIterator.java", "Java", 0, 0, 0, 0, 8, 0, 0, 87, 8, 103
"d:\KG\EA\NALA\nala\src\main\java\bak\pcj\map\CharKeyShortOpenHashMap.java", "Java", 0, 0, 0, 0, 478, 0, 0, 346, 102, 926
"d:\KG\EA\NALA\nala\src\main\java\bak\pcj\map\DoubleKeyBooleanChainedHashMap.java", "Java", 0, 0, 0, 0, 432, 0, 0, 328, 107, 867
"d:\KG\EA\NALA\nala\src\main\java\bak\pcj\map\DoubleKeyBooleanMap.java", "Java", 0, 0, 0, 0, 22, 0, 0, 217, 21, 260
"d:\KG\EA\NALA\nala\src\main\java\bak\pcj\map\DoubleKeyBooleanMapIterator.java", "Java", 0, 0, 0, 0, 8, 0, 0, 87, 8, 103
"d:\KG\EA\NALA\nala\src\main\java\bak\pcj\map\DoubleKeyBooleanOpenHashMap.java", "Java", 0, 0, 0, 0, 478, 0, 0, 346, 102, 926
"d:\KG\EA\NALA\nala\src\main\java\bak\pcj\map\DoubleKeyByteChainedHashMap.java", "Java", 0, 0, 0, 0, 432, 0, 0, 328, 107, 867
"d:\KG\EA\NALA\nala\src\main\java\bak\pcj\map\DoubleKeyByteMap.java", "Java", 0, 0, 0, 0, 22, 0, 0, 217, 21, 260
"d:\KG\EA\NALA\nala\src\main\java\bak\pcj\map\DoubleKeyByteMapIterator.java", "Java", 0, 0, 0, 0, 8, 0, 0, 87, 8, 103
"d:\KG\EA\NALA\nala\src\main\java\bak\pcj\map\DoubleKeyByteOpenHashMap.java", "Java", 0, 0, 0, 0, 478, 0, 0, 346, 102, 926
"d:\KG\EA\NALA\nala\src\main\java\bak\pcj\map\DoubleKeyChainedHashMap.java", "Java", 0, 0, 0, 0, 425, 0, 0, 327, 105, 857
"d:\KG\EA\NALA\nala\src\main\java\bak\pcj\map\DoubleKeyCharChainedHashMap.java", "Java", 0, 0, 0, 0, 432, 0, 0, 328, 107, 867
"d:\KG\EA\NALA\nala\src\main\java\bak\pcj\map\DoubleKeyCharMap.java", "Java", 0, 0, 0, 0, 22, 0, 0, 217, 21, 260
"d:\KG\EA\NALA\nala\src\main\java\bak\pcj\map\DoubleKeyCharMapIterator.java", "Java", 0, 0, 0, 0, 8, 0, 0, 87, 8, 103
"d:\KG\EA\NALA\nala\src\main\java\bak\pcj\map\DoubleKeyCharOpenHashMap.java", "Java", 0, 0, 0, 0, 478, 0, 0, 346, 102, 926
"d:\KG\EA\NALA\nala\src\main\java\bak\pcj\map\DoubleKeyDoubleChainedHashMap.java", "Java", 0, 0, 0, 0, 432, 0, 0, 328, 107, 867
"d:\KG\EA\NALA\nala\src\main\java\bak\pcj\map\DoubleKeyDoubleMap.java", "Java", 0, 0, 0, 0, 22, 0, 0, 217, 21, 260
"d:\KG\EA\NALA\nala\src\main\java\bak\pcj\map\DoubleKeyDoubleMapIterator.java", "Java", 0, 0, 0, 0, 8, 0, 0, 87, 8, 103
"d:\KG\EA\NALA\nala\src\main\java\bak\pcj\map\DoubleKeyDoubleOpenHashMap.java", "Java", 0, 0, 0, 0, 478, 0, 0, 346, 102, 926
"d:\KG\EA\NALA\nala\src\main\java\bak\pcj\map\DoubleKeyFloatChainedHashMap.java", "Java", 0, 0, 0, 0, 432, 0, 0, 328, 107, 867
"d:\KG\EA\NALA\nala\src\main\java\bak\pcj\map\DoubleKeyFloatMap.java", "Java", 0, 0, 0, 0, 22, 0, 0, 217, 21, 260
"d:\KG\EA\NALA\nala\src\main\java\bak\pcj\map\DoubleKeyFloatMapIterator.java", "Java", 0, 0, 0, 0, 8, 0, 0, 87, 8, 103
"d:\KG\EA\NALA\nala\src\main\java\bak\pcj\map\DoubleKeyFloatOpenHashMap.java", "Java", 0, 0, 0, 0, 478, 0, 0, 346, 102, 926
"d:\KG\EA\NALA\nala\src\main\java\bak\pcj\map\DoubleKeyIntChainedHashMap.java", "Java", 0, 0, 0, 0, 432, 0, 0, 328, 107, 867
"d:\KG\EA\NALA\nala\src\main\java\bak\pcj\map\DoubleKeyIntMap.java", "Java", 0, 0, 0, 0, 22, 0, 0, 217, 21, 260
"d:\KG\EA\NALA\nala\src\main\java\bak\pcj\map\DoubleKeyIntMapIterator.java", "Java", 0, 0, 0, 0, 8, 0, 0, 87, 8, 103
"d:\KG\EA\NALA\nala\src\main\java\bak\pcj\map\DoubleKeyIntOpenHashMap.java", "Java", 0, 0, 0, 0, 478, 0, 0, 346, 102, 926
"d:\KG\EA\NALA\nala\src\main\java\bak\pcj\map\DoubleKeyLongChainedHashMap.java", "Java", 0, 0, 0, 0, 432, 0, 0, 328, 107, 867
"d:\KG\EA\NALA\nala\src\main\java\bak\pcj\map\DoubleKeyLongMap.java", "Java", 0, 0, 0, 0, 22, 0, 0, 217, 21, 260
"d:\KG\EA\NALA\nala\src\main\java\bak\pcj\map\DoubleKeyLongMapIterator.java", "Java", 0, 0, 0, 0, 8, 0, 0, 87, 8, 103
"d:\KG\EA\NALA\nala\src\main\java\bak\pcj\map\DoubleKeyLongOpenHashMap.java", "Java", 0, 0, 0, 0, 478, 0, 0, 346, 102, 926
"d:\KG\EA\NALA\nala\src\main\java\bak\pcj\map\DoubleKeyMap.java", "Java", 0, 0, 0, 0, 18, 0, 0, 156, 18, 192
"d:\KG\EA\NALA\nala\src\main\java\bak\pcj\map\DoubleKeyMapIterator.java", "Java", 0, 0, 0, 0, 8, 0, 0, 88, 8, 104
"d:\KG\EA\NALA\nala\src\main\java\bak\pcj\map\DoubleKeyOpenHashMap.java", "Java", 0, 0, 0, 0, 454, 0, 0, 343, 99, 896
"d:\KG\EA\NALA\nala\src\main\java\bak\pcj\map\DoubleKeyShortChainedHashMap.java", "Java", 0, 0, 0, 0, 432, 0, 0, 328, 107, 867
"d:\KG\EA\NALA\nala\src\main\java\bak\pcj\map\DoubleKeyShortMap.java", "Java", 0, 0, 0, 0, 22, 0, 0, 217, 21, 260
"d:\KG\EA\NALA\nala\src\main\java\bak\pcj\map\DoubleKeyShortMapIterator.java", "Java", 0, 0, 0, 0, 8, 0, 0, 87, 8, 103
"d:\KG\EA\NALA\nala\src\main\java\bak\pcj\map\DoubleKeyShortOpenHashMap.java", "Java", 0, 0, 0, 0, 478, 0, 0, 346, 102, 926
"d:\KG\EA\NALA\nala\src\main\java\bak\pcj\map\FloatKeyBooleanChainedHashMap.java", "Java", 0, 0, 0, 0, 432, 0, 0, 328, 107, 867
"d:\KG\EA\NALA\nala\src\main\java\bak\pcj\map\FloatKeyBooleanMap.java", "Java", 0, 0, 0, 0, 22, 0, 0, 217, 21, 260
"d:\KG\EA\NALA\nala\src\main\java\bak\pcj\map\FloatKeyBooleanMapIterator.java", "Java", 0, 0, 0, 0, 8, 0, 0, 87, 8, 103
"d:\KG\EA\NALA\nala\src\main\java\bak\pcj\map\FloatKeyBooleanOpenHashMap.java", "Java", 0, 0, 0, 0, 478, 0, 0, 346, 102, 926
"d:\KG\EA\NALA\nala\src\main\java\bak\pcj\map\FloatKeyByteChainedHashMap.java", "Java", 0, 0, 0, 0, 432, 0, 0, 328, 107, 867
"d:\KG\EA\NALA\nala\src\main\java\bak\pcj\map\FloatKeyByteMap.java", "Java", 0, 0, 0, 0, 22, 0, 0, 217, 21, 260
"d:\KG\EA\NALA\nala\src\main\java\bak\pcj\map\FloatKeyByteMapIterator.java", "Java", 0, 0, 0, 0, 8, 0, 0, 87, 8, 103
"d:\KG\EA\NALA\nala\src\main\java\bak\pcj\map\FloatKeyByteOpenHashMap.java", "Java", 0, 0, 0, 0, 478, 0, 0, 346, 102, 926
"d:\KG\EA\NALA\nala\src\main\java\bak\pcj\map\FloatKeyChainedHashMap.java", "Java", 0, 0, 0, 0, 425, 0, 0, 327, 105, 857
"d:\KG\EA\NALA\nala\src\main\java\bak\pcj\map\FloatKeyCharChainedHashMap.java", "Java", 0, 0, 0, 0, 432, 0, 0, 328, 107, 867
"d:\KG\EA\NALA\nala\src\main\java\bak\pcj\map\FloatKeyCharMap.java", "Java", 0, 0, 0, 0, 22, 0, 0, 217, 21, 260
"d:\KG\EA\NALA\nala\src\main\java\bak\pcj\map\FloatKeyCharMapIterator.java", "Java", 0, 0, 0, 0, 8, 0, 0, 87, 8, 103
"d:\KG\EA\NALA\nala\src\main\java\bak\pcj\map\FloatKeyCharOpenHashMap.java", "Java", 0, 0, 0, 0, 478, 0, 0, 346, 102, 926
"d:\KG\EA\NALA\nala\src\main\java\bak\pcj\map\FloatKeyDoubleChainedHashMap.java", "Java", 0, 0, 0, 0, 432, 0, 0, 328, 107, 867
"d:\KG\EA\NALA\nala\src\main\java\bak\pcj\map\FloatKeyDoubleMap.java", "Java", 0, 0, 0, 0, 22, 0, 0, 217, 21, 260
"d:\KG\EA\NALA\nala\src\main\java\bak\pcj\map\FloatKeyDoubleMapIterator.java", "Java", 0, 0, 0, 0, 8, 0, 0, 87, 8, 103
"d:\KG\EA\NALA\nala\src\main\java\bak\pcj\map\FloatKeyDoubleOpenHashMap.java", "Java", 0, 0, 0, 0, 478, 0, 0, 346, 102, 926
"d:\KG\EA\NALA\nala\src\main\java\bak\pcj\map\FloatKeyFloatChainedHashMap.java", "Java", 0, 0, 0, 0, 432, 0, 0, 328, 107, 867
"d:\KG\EA\NALA\nala\src\main\java\bak\pcj\map\FloatKeyFloatMap.java", "Java", 0, 0, 0, 0, 22, 0, 0, 217, 21, 260
"d:\KG\EA\NALA\nala\src\main\java\bak\pcj\map\FloatKeyFloatMapIterator.java", "Java", 0, 0, 0, 0, 8, 0, 0, 87, 8, 103
"d:\KG\EA\NALA\nala\src\main\java\bak\pcj\map\FloatKeyFloatOpenHashMap.java", "Java", 0, 0, 0, 0, 478, 0, 0, 346, 102, 926
"d:\KG\EA\NALA\nala\src\main\java\bak\pcj\map\FloatKeyIntChainedHashMap.java", "Java", 0, 0, 0, 0, 432, 0, 0, 328, 107, 867
"d:\KG\EA\NALA\nala\src\main\java\bak\pcj\map\FloatKeyIntMap.java", "Java", 0, 0, 0, 0, 22, 0, 0, 217, 21, 260
"d:\KG\EA\NALA\nala\src\main\java\bak\pcj\map\FloatKeyIntMapIterator.java", "Java", 0, 0, 0, 0, 8, 0, 0, 87, 8, 103
"d:\KG\EA\NALA\nala\src\main\java\bak\pcj\map\FloatKeyIntOpenHashMap.java", "Java", 0, 0, 0, 0, 478, 0, 0, 346, 102, 926
"d:\KG\EA\NALA\nala\src\main\java\bak\pcj\map\FloatKeyLongChainedHashMap.java", "Java", 0, 0, 0, 0, 432, 0, 0, 328, 107, 867
"d:\KG\EA\NALA\nala\src\main\java\bak\pcj\map\FloatKeyLongMap.java", "Java", 0, 0, 0, 0, 22, 0, 0, 217, 21, 260
"d:\KG\EA\NALA\nala\src\main\java\bak\pcj\map\FloatKeyLongMapIterator.java", "Java", 0, 0, 0, 0, 8, 0, 0, 87, 8, 103
"d:\KG\EA\NALA\nala\src\main\java\bak\pcj\map\FloatKeyLongOpenHashMap.java", "Java", 0, 0, 0, 0, 478, 0, 0, 346, 102, 926
"d:\KG\EA\NALA\nala\src\main\java\bak\pcj\map\FloatKeyMap.java", "Java", 0, 0, 0, 0, 18, 0, 0, 156, 18, 192
"d:\KG\EA\NALA\nala\src\main\java\bak\pcj\map\FloatKeyMapIterator.java", "Java", 0, 0, 0, 0, 8, 0, 0, 88, 8, 104
"d:\KG\EA\NALA\nala\src\main\java\bak\pcj\map\FloatKeyOpenHashMap.java", "Java", 0, 0, 0, 0, 454, 0, 0, 343, 99, 896
"d:\KG\EA\NALA\nala\src\main\java\bak\pcj\map\FloatKeyShortChainedHashMap.java", "Java", 0, 0, 0, 0, 432, 0, 0, 328, 107, 867
"d:\KG\EA\NALA\nala\src\main\java\bak\pcj\map\FloatKeyShortMap.java", "Java", 0, 0, 0, 0, 22, 0, 0, 217, 21, 260
"d:\KG\EA\NALA\nala\src\main\java\bak\pcj\map\FloatKeyShortMapIterator.java", "Java", 0, 0, 0, 0, 8, 0, 0, 87, 8, 103
"d:\KG\EA\NALA\nala\src\main\java\bak\pcj\map\FloatKeyShortOpenHashMap.java", "Java", 0, 0, 0, 0, 478, 0, 0, 346, 102, 926
"d:\KG\EA\NALA\nala\src\main\java\bak\pcj\map\IntKeyBooleanChainedHashMap.java", "Java", 0, 0, 0, 0, 432, 0, 0, 328, 107, 867
"d:\KG\EA\NALA\nala\src\main\java\bak\pcj\map\IntKeyBooleanMap.java", "Java", 0, 0, 0, 0, 22, 0, 0, 217, 21, 260
"d:\KG\EA\NALA\nala\src\main\java\bak\pcj\map\IntKeyBooleanMapIterator.java", "Java", 0, 0, 0, 0, 8, 0, 0, 87, 8, 103
"d:\KG\EA\NALA\nala\src\main\java\bak\pcj\map\IntKeyBooleanOpenHashMap.java", "Java", 0, 0, 0, 0, 478, 0, 0, 346, 102, 926
"d:\KG\EA\NALA\nala\src\main\java\bak\pcj\map\IntKeyByteChainedHashMap.java", "Java", 0, 0, 0, 0, 432, 0, 0, 328, 107, 867
"d:\KG\EA\NALA\nala\src\main\java\bak\pcj\map\IntKeyByteMap.java", "Java", 0, 0, 0, 0, 22, 0, 0, 217, 21, 260
"d:\KG\EA\NALA\nala\src\main\java\bak\pcj\map\IntKeyByteMapIterator.java", "Java", 0, 0, 0, 0, 8, 0, 0, 87, 8, 103
"d:\KG\EA\NALA\nala\src\main\java\bak\pcj\map\IntKeyByteOpenHashMap.java", "Java", 0, 0, 0, 0, 478, 0, 0, 346, 102, 926
"d:\KG\EA\NALA\nala\src\main\java\bak\pcj\map\IntKeyChainedHashMap.java", "Java", 0, 0, 0, 0, 425, 0, 0, 327, 105, 857
"d:\KG\EA\NALA\nala\src\main\java\bak\pcj\map\IntKeyCharChainedHashMap.java", "Java", 0, 0, 0, 0, 432, 0, 0, 328, 107, 867
"d:\KG\EA\NALA\nala\src\main\java\bak\pcj\map\IntKeyCharMap.java", "Java", 0, 0, 0, 0, 22, 0, 0, 217, 21, 260
"d:\KG\EA\NALA\nala\src\main\java\bak\pcj\map\IntKeyCharMapIterator.java", "Java", 0, 0, 0, 0, 8, 0, 0, 87, 8, 103
"d:\KG\EA\NALA\nala\src\main\java\bak\pcj\map\IntKeyCharOpenHashMap.java", "Java", 0, 0, 0, 0, 478, 0, 0, 346, 102, 926
"d:\KG\EA\NALA\nala\src\main\java\bak\pcj\map\IntKeyDoubleChainedHashMap.java", "Java", 0, 0, 0, 0, 432, 0, 0, 328, 107, 867
"d:\KG\EA\NALA\nala\src\main\java\bak\pcj\map\IntKeyDoubleMap.java", "Java", 0, 0, 0, 0, 22, 0, 0, 217, 21, 260
"d:\KG\EA\NALA\nala\src\main\java\bak\pcj\map\IntKeyDoubleMapIterator.java", "Java", 0, 0, 0, 0, 8, 0, 0, 87, 8, 103
"d:\KG\EA\NALA\nala\src\main\java\bak\pcj\map\IntKeyDoubleOpenHashMap.java", "Java", 0, 0, 0, 0, 478, 0, 0, 346, 102, 926
"d:\KG\EA\NALA\nala\src\main\java\bak\pcj\map\IntKeyFloatChainedHashMap.java", "Java", 0, 0, 0, 0, 432, 0, 0, 328, 107, 867
"d:\KG\EA\NALA\nala\src\main\java\bak\pcj\map\IntKeyFloatMap.java", "Java", 0, 0, 0, 0, 22, 0, 0, 217, 21, 260
"d:\KG\EA\NALA\nala\src\main\java\bak\pcj\map\IntKeyFloatMapIterator.java", "Java", 0, 0, 0, 0, 8, 0, 0, 87, 8, 103
"d:\KG\EA\NALA\nala\src\main\java\bak\pcj\map\IntKeyFloatOpenHashMap.java", "Java", 0, 0, 0, 0, 478, 0, 0, 346, 102, 926
"d:\KG\EA\NALA\nala\src\main\java\bak\pcj\map\IntKeyIntChainedHashMap.java", "Java", 0, 0, 0, 0, 432, 0, 0, 328, 107, 867
"d:\KG\EA\NALA\nala\src\main\java\bak\pcj\map\IntKeyIntMap.java", "Java", 0, 0, 0, 0, 22, 0, 0, 217, 21, 260
"d:\KG\EA\NALA\nala\src\main\java\bak\pcj\map\IntKeyIntMapIterator.java", "Java", 0, 0, 0, 0, 8, 0, 0, 87, 8, 103
"d:\KG\EA\NALA\nala\src\main\java\bak\pcj\map\IntKeyIntOpenHashMap.java", "Java", 0, 0, 0, 0, 478, 0, 0, 346, 102, 926
"d:\KG\EA\NALA\nala\src\main\java\bak\pcj\map\IntKeyLongChainedHashMap.java", "Java", 0, 0, 0, 0, 432, 0, 0, 328, 107, 867
"d:\KG\EA\NALA\nala\src\main\java\bak\pcj\map\IntKeyLongMap.java", "Java", 0, 0, 0, 0, 22, 0, 0, 217, 21, 260
"d:\KG\EA\NALA\nala\src\main\java\bak\pcj\map\IntKeyLongMapIterator.java", "Java", 0, 0, 0, 0, 8, 0, 0, 87, 8, 103
"d:\KG\EA\NALA\nala\src\main\java\bak\pcj\map\IntKeyLongOpenHashMap.java", "Java", 0, 0, 0, 0, 478, 0, 0, 346, 102, 926
"d:\KG\EA\NALA\nala\src\main\java\bak\pcj\map\IntKeyMap.java", "Java", 0, 0, 0, 0, 18, 0, 0, 156, 18, 192
"d:\KG\EA\NALA\nala\src\main\java\bak\pcj\map\IntKeyMapIterator.java", "Java", 0, 0, 0, 0, 8, 0, 0, 88, 8, 104
"d:\KG\EA\NALA\nala\src\main\java\bak\pcj\map\IntKeyOpenHashMap.java", "Java", 0, 0, 0, 0, 454, 0, 0, 343, 99, 896
"d:\KG\EA\NALA\nala\src\main\java\bak\pcj\map\IntKeyShortChainedHashMap.java", "Java", 0, 0, 0, 0, 432, 0, 0, 328, 107, 867
"d:\KG\EA\NALA\nala\src\main\java\bak\pcj\map\IntKeyShortMap.java", "Java", 0, 0, 0, 0, 22, 0, 0, 217, 21, 260
"d:\KG\EA\NALA\nala\src\main\java\bak\pcj\map\IntKeyShortMapIterator.java", "Java", 0, 0, 0, 0, 8, 0, 0, 87, 8, 103
"d:\KG\EA\NALA\nala\src\main\java\bak\pcj\map\IntKeyShortOpenHashMap.java", "Java", 0, 0, 0, 0, 478, 0, 0, 346, 102, 926
"d:\KG\EA\NALA\nala\src\main\java\bak\pcj\map\LongKeyBooleanChainedHashMap.java", "Java", 0, 0, 0, 0, 432, 0, 0, 328, 107, 867
"d:\KG\EA\NALA\nala\src\main\java\bak\pcj\map\LongKeyBooleanMap.java", "Java", 0, 0, 0, 0, 22, 0, 0, 217, 21, 260
"d:\KG\EA\NALA\nala\src\main\java\bak\pcj\map\LongKeyBooleanMapIterator.java", "Java", 0, 0, 0, 0, 8, 0, 0, 87, 8, 103
"d:\KG\EA\NALA\nala\src\main\java\bak\pcj\map\LongKeyBooleanOpenHashMap.java", "Java", 0, 0, 0, 0, 478, 0, 0, 346, 102, 926
"d:\KG\EA\NALA\nala\src\main\java\bak\pcj\map\LongKeyByteChainedHashMap.java", "Java", 0, 0, 0, 0, 432, 0, 0, 328, 107, 867
"d:\KG\EA\NALA\nala\src\main\java\bak\pcj\map\LongKeyByteMap.java", "Java", 0, 0, 0, 0, 22, 0, 0, 217, 21, 260
"d:\KG\EA\NALA\nala\src\main\java\bak\pcj\map\LongKeyByteMapIterator.java", "Java", 0, 0, 0, 0, 8, 0, 0, 87, 8, 103
"d:\KG\EA\NALA\nala\src\main\java\bak\pcj\map\LongKeyByteOpenHashMap.java", "Java", 0, 0, 0, 0, 478, 0, 0, 346, 102, 926
"d:\KG\EA\NALA\nala\src\main\java\bak\pcj\map\LongKeyChainedHashMap.java", "Java", 0, 0, 0, 0, 425, 0, 0, 327, 105, 857
"d:\KG\EA\NALA\nala\src\main\java\bak\pcj\map\LongKeyCharChainedHashMap.java", "Java", 0, 0, 0, 0, 432, 0, 0, 328, 107, 867
"d:\KG\EA\NALA\nala\src\main\java\bak\pcj\map\LongKeyCharMap.java", "Java", 0, 0, 0, 0, 22, 0, 0, 217, 21, 260
"d:\KG\EA\NALA\nala\src\main\java\bak\pcj\map\LongKeyCharMapIterator.java", "Java", 0, 0, 0, 0, 8, 0, 0, 87, 8, 103
"d:\KG\EA\NALA\nala\src\main\java\bak\pcj\map\LongKeyCharOpenHashMap.java", "Java", 0, 0, 0, 0, 478, 0, 0, 346, 102, 926
"d:\KG\EA\NALA\nala\src\main\java\bak\pcj\map\LongKeyDoubleChainedHashMap.java", "Java", 0, 0, 0, 0, 432, 0, 0, 328, 107, 867
"d:\KG\EA\NALA\nala\src\main\java\bak\pcj\map\LongKeyDoubleMap.java", "Java", 0, 0, 0, 0, 22, 0, 0, 217, 21, 260
"d:\KG\EA\NALA\nala\src\main\java\bak\pcj\map\LongKeyDoubleMapIterator.java", "Java", 0, 0, 0, 0, 8, 0, 0, 87, 8, 103
"d:\KG\EA\NALA\nala\src\main\java\bak\pcj\map\LongKeyDoubleOpenHashMap.java", "Java", 0, 0, 0, 0, 478, 0, 0, 346, 102, 926
"d:\KG\EA\NALA\nala\src\main\java\bak\pcj\map\LongKeyFloatChainedHashMap.java", "Java", 0, 0, 0, 0, 432, 0, 0, 328, 107, 867
"d:\KG\EA\NALA\nala\src\main\java\bak\pcj\map\LongKeyFloatMap.java", "Java", 0, 0, 0, 0, 22, 0, 0, 217, 21, 260
"d:\KG\EA\NALA\nala\src\main\java\bak\pcj\map\LongKeyFloatMapIterator.java", "Java", 0, 0, 0, 0, 8, 0, 0, 87, 8, 103
"d:\KG\EA\NALA\nala\src\main\java\bak\pcj\map\LongKeyFloatOpenHashMap.java", "Java", 0, 0, 0, 0, 478, 0, 0, 346, 102, 926
"d:\KG\EA\NALA\nala\src\main\java\bak\pcj\map\LongKeyIntChainedHashMap.java", "Java", 0, 0, 0, 0, 432, 0, 0, 328, 107, 867
"d:\KG\EA\NALA\nala\src\main\java\bak\pcj\map\LongKeyIntMap.java", "Java", 0, 0, 0, 0, 22, 0, 0, 217, 21, 260
"d:\KG\EA\NALA\nala\src\main\java\bak\pcj\map\LongKeyIntMapIterator.java", "Java", 0, 0, 0, 0, 8, 0, 0, 87, 8, 103
"d:\KG\EA\NALA\nala\src\main\java\bak\pcj\map\LongKeyIntOpenHashMap.java", "Java", 0, 0, 0, 0, 478, 0, 0, 346, 102, 926
"d:\KG\EA\NALA\nala\src\main\java\bak\pcj\map\LongKeyLongChainedHashMap.java", "Java", 0, 0, 0, 0, 432, 0, 0, 328, 107, 867
"d:\KG\EA\NALA\nala\src\main\java\bak\pcj\map\LongKeyLongMap.java", "Java", 0, 0, 0, 0, 22, 0, 0, 217, 21, 260
"d:\KG\EA\NALA\nala\src\main\java\bak\pcj\map\LongKeyLongMapIterator.java", "Java", 0, 0, 0, 0, 8, 0, 0, 87, 8, 103
"d:\KG\EA\NALA\nala\src\main\java\bak\pcj\map\LongKeyLongOpenHashMap.java", "Java", 0, 0, 0, 0, 478, 0, 0, 346, 102, 926
"d:\KG\EA\NALA\nala\src\main\java\bak\pcj\map\LongKeyMap.java", "Java", 0, 0, 0, 0, 18, 0, 0, 156, 18, 192
"d:\KG\EA\NALA\nala\src\main\java\bak\pcj\map\LongKeyMapIterator.java", "Java", 0, 0, 0, 0, 8, 0, 0, 88, 8, 104
"d:\KG\EA\NALA\nala\src\main\java\bak\pcj\map\LongKeyOpenHashMap.java", "Java", 0, 0, 0, 0, 454, 0, 0, 343, 99, 896
"d:\KG\EA\NALA\nala\src\main\java\bak\pcj\map\LongKeyShortChainedHashMap.java", "Java", 0, 0, 0, 0, 432, 0, 0, 328, 107, 867
"d:\KG\EA\NALA\nala\src\main\java\bak\pcj\map\LongKeyShortMap.java", "Java", 0, 0, 0, 0, 22, 0, 0, 217, 21, 260
"d:\KG\EA\NALA\nala\src\main\java\bak\pcj\map\LongKeyShortMapIterator.java", "Java", 0, 0, 0, 0, 8, 0, 0, 87, 8, 103
"d:\KG\EA\NALA\nala\src\main\java\bak\pcj\map\LongKeyShortOpenHashMap.java", "Java", 0, 0, 0, 0, 478, 0, 0, 346, 102, 926
"d:\KG\EA\NALA\nala\src\main\java\bak\pcj\map\MapDefaults.java", "Java", 0, 0, 0, 0, 19, 0, 0, 71, 11, 101
"d:\KG\EA\NALA\nala\src\main\java\bak\pcj\map\NoSuchMappingException.java", "Java", 0, 0, 0, 0, 6, 0, 0, 37, 4, 47
"d:\KG\EA\NALA\nala\src\main\java\bak\pcj\map\ObjectKeyBooleanChainedHashMap.java", "Java", 0, 0, 0, 0, 409, 0, 0, 196, 100, 705
"d:\KG\EA\NALA\nala\src\main\java\bak\pcj\map\ObjectKeyBooleanMap.java", "Java", 0, 0, 0, 0, 22, 0, 0, 217, 21, 260
"d:\KG\EA\NALA\nala\src\main\java\bak\pcj\map\ObjectKeyBooleanMapIterator.java", "Java", 0, 0, 0, 0, 8, 0, 0, 87, 8, 103
"d:\KG\EA\NALA\nala\src\main\java\bak\pcj\map\ObjectKeyBooleanOpenHashMap.java", "Java", 0, 0, 0, 0, 460, 0, 0, 213, 95, 768
"d:\KG\EA\NALA\nala\src\main\java\bak\pcj\map\ObjectKeyByteChainedHashMap.java", "Java", 0, 0, 0, 0, 409, 0, 0, 196, 100, 705
"d:\KG\EA\NALA\nala\src\main\java\bak\pcj\map\ObjectKeyByteMap.java", "Java", 0, 0, 0, 0, 22, 0, 0, 217, 21, 260
"d:\KG\EA\NALA\nala\src\main\java\bak\pcj\map\ObjectKeyByteMapIterator.java", "Java", 0, 0, 0, 0, 8, 0, 0, 87, 8, 103
"d:\KG\EA\NALA\nala\src\main\java\bak\pcj\map\ObjectKeyByteOpenHashMap.java", "Java", 0, 0, 0, 0, 460, 0, 0, 213, 95, 768
"d:\KG\EA\NALA\nala\src\main\java\bak\pcj\map\ObjectKeyCharChainedHashMap.java", "Java", 0, 0, 0, 0, 409, 0, 0, 196, 100, 705
"d:\KG\EA\NALA\nala\src\main\java\bak\pcj\map\ObjectKeyCharMap.java", "Java", 0, 0, 0, 0, 22, 0, 0, 217, 21, 260
"d:\KG\EA\NALA\nala\src\main\java\bak\pcj\map\ObjectKeyCharMapIterator.java", "Java", 0, 0, 0, 0, 8, 0, 0, 87, 8, 103
"d:\KG\EA\NALA\nala\src\main\java\bak\pcj\map\ObjectKeyCharOpenHashMap.java", "Java", 0, 0, 0, 0, 460, 0, 0, 213, 95, 768
"d:\KG\EA\NALA\nala\src\main\java\bak\pcj\map\ObjectKeyDoubleChainedHashMap.java", "Java", 0, 0, 0, 0, 409, 0, 0, 196, 100, 705
"d:\KG\EA\NALA\nala\src\main\java\bak\pcj\map\ObjectKeyDoubleMap.java", "Java", 0, 0, 0, 0, 22, 0, 0, 217, 21, 260
"d:\KG\EA\NALA\nala\src\main\java\bak\pcj\map\ObjectKeyDoubleMapIterator.java", "Java", 0, 0, 0, 0, 8, 0, 0, 87, 8, 103
"d:\KG\EA\NALA\nala\src\main\java\bak\pcj\map\ObjectKeyDoubleOpenHashMap.java", "Java", 0, 0, 0, 0, 460, 0, 0, 213, 95, 768
"d:\KG\EA\NALA\nala\src\main\java\bak\pcj\map\ObjectKeyFloatChainedHashMap.java", "Java", 0, 0, 0, 0, 409, 0, 0, 196, 100, 705
"d:\KG\EA\NALA\nala\src\main\java\bak\pcj\map\ObjectKeyFloatMap.java", "Java", 0, 0, 0, 0, 22, 0, 0, 217, 21, 260
"d:\KG\EA\NALA\nala\src\main\java\bak\pcj\map\ObjectKeyFloatMapIterator.java", "Java", 0, 0, 0, 0, 8, 0, 0, 87, 8, 103
"d:\KG\EA\NALA\nala\src\main\java\bak\pcj\map\ObjectKeyFloatOpenHashMap.java", "Java", 0, 0, 0, 0, 460, 0, 0, 213, 95, 768
"d:\KG\EA\NALA\nala\src\main\java\bak\pcj\map\ObjectKeyIntChainedHashMap.java", "Java", 0, 0, 0, 0, 409, 0, 0, 196, 100, 705
"d:\KG\EA\NALA\nala\src\main\java\bak\pcj\map\ObjectKeyIntMap.java", "Java", 0, 0, 0, 0, 22, 0, 0, 217, 21, 260
"d:\KG\EA\NALA\nala\src\main\java\bak\pcj\map\ObjectKeyIntMapIterator.java", "Java", 0, 0, 0, 0, 8, 0, 0, 87, 8, 103
"d:\KG\EA\NALA\nala\src\main\java\bak\pcj\map\ObjectKeyIntOpenHashMap.java", "Java", 0, 0, 0, 0, 460, 0, 0, 213, 95, 768
"d:\KG\EA\NALA\nala\src\main\java\bak\pcj\map\ObjectKeyLongChainedHashMap.java", "Java", 0, 0, 0, 0, 409, 0, 0, 196, 100, 705
"d:\KG\EA\NALA\nala\src\main\java\bak\pcj\map\ObjectKeyLongMap.java", "Java", 0, 0, 0, 0, 22, 0, 0, 217, 21, 260
"d:\KG\EA\NALA\nala\src\main\java\bak\pcj\map\ObjectKeyLongMapIterator.java", "Java", 0, 0, 0, 0, 8, 0, 0, 87, 8, 103
"d:\KG\EA\NALA\nala\src\main\java\bak\pcj\map\ObjectKeyLongOpenHashMap.java", "Java", 0, 0, 0, 0, 460, 0, 0, 213, 95, 768
"d:\KG\EA\NALA\nala\src\main\java\bak\pcj\map\ObjectKeyShortChainedHashMap.java", "Java", 0, 0, 0, 0, 409, 0, 0, 196, 100, 705
"d:\KG\EA\NALA\nala\src\main\java\bak\pcj\map\ObjectKeyShortMap.java", "Java", 0, 0, 0, 0, 22, 0, 0, 217, 21, 260
"d:\KG\EA\NALA\nala\src\main\java\bak\pcj\map\ObjectKeyShortMapIterator.java", "Java", 0, 0, 0, 0, 8, 0, 0, 87, 8, 103
"d:\KG\EA\NALA\nala\src\main\java\bak\pcj\map\ObjectKeyShortOpenHashMap.java", "Java", 0, 0, 0, 0, 460, 0, 0, 213, 95, 768
"d:\KG\EA\NALA\nala\src\main\java\bak\pcj\map\ShortKeyBooleanChainedHashMap.java", "Java", 0, 0, 0, 0, 432, 0, 0, 328, 107, 867
"d:\KG\EA\NALA\nala\src\main\java\bak\pcj\map\ShortKeyBooleanMap.java", "Java", 0, 0, 0, 0, 22, 0, 0, 217, 21, 260
"d:\KG\EA\NALA\nala\src\main\java\bak\pcj\map\ShortKeyBooleanMapIterator.java", "Java", 0, 0, 0, 0, 8, 0, 0, 87, 8, 103
"d:\KG\EA\NALA\nala\src\main\java\bak\pcj\map\ShortKeyBooleanOpenHashMap.java", "Java", 0, 0, 0, 0, 478, 0, 0, 346, 102, 926
"d:\KG\EA\NALA\nala\src\main\java\bak\pcj\map\ShortKeyByteChainedHashMap.java", "Java", 0, 0, 0, 0, 432, 0, 0, 328, 107, 867
"d:\KG\EA\NALA\nala\src\main\java\bak\pcj\map\ShortKeyByteMap.java", "Java", 0, 0, 0, 0, 22, 0, 0, 217, 21, 260
"d:\KG\EA\NALA\nala\src\main\java\bak\pcj\map\ShortKeyByteMapIterator.java", "Java", 0, 0, 0, 0, 8, 0, 0, 87, 8, 103
"d:\KG\EA\NALA\nala\src\main\java\bak\pcj\map\ShortKeyByteOpenHashMap.java", "Java", 0, 0, 0, 0, 478, 0, 0, 346, 102, 926
"d:\KG\EA\NALA\nala\src\main\java\bak\pcj\map\ShortKeyChainedHashMap.java", "Java", 0, 0, 0, 0, 425, 0, 0, 327, 105, 857
"d:\KG\EA\NALA\nala\src\main\java\bak\pcj\map\ShortKeyCharChainedHashMap.java", "Java", 0, 0, 0, 0, 432, 0, 0, 328, 107, 867
"d:\KG\EA\NALA\nala\src\main\java\bak\pcj\map\ShortKeyCharMap.java", "Java", 0, 0, 0, 0, 22, 0, 0, 217, 21, 260
"d:\KG\EA\NALA\nala\src\main\java\bak\pcj\map\ShortKeyCharMapIterator.java", "Java", 0, 0, 0, 0, 8, 0, 0, 87, 8, 103
"d:\KG\EA\NALA\nala\src\main\java\bak\pcj\map\ShortKeyCharOpenHashMap.java", "Java", 0, 0, 0, 0, 478, 0, 0, 346, 102, 926
"d:\KG\EA\NALA\nala\src\main\java\bak\pcj\map\ShortKeyDoubleChainedHashMap.java", "Java", 0, 0, 0, 0, 432, 0, 0, 328, 107, 867
"d:\KG\EA\NALA\nala\src\main\java\bak\pcj\map\ShortKeyDoubleMap.java", "Java", 0, 0, 0, 0, 22, 0, 0, 217, 21, 260
"d:\KG\EA\NALA\nala\src\main\java\bak\pcj\map\ShortKeyDoubleMapIterator.java", "Java", 0, 0, 0, 0, 8, 0, 0, 87, 8, 103
"d:\KG\EA\NALA\nala\src\main\java\bak\pcj\map\ShortKeyDoubleOpenHashMap.java", "Java", 0, 0, 0, 0, 478, 0, 0, 346, 102, 926
"d:\KG\EA\NALA\nala\src\main\java\bak\pcj\map\ShortKeyFloatChainedHashMap.java", "Java", 0, 0, 0, 0, 432, 0, 0, 328, 107, 867
"d:\KG\EA\NALA\nala\src\main\java\bak\pcj\map\ShortKeyFloatMap.java", "Java", 0, 0, 0, 0, 22, 0, 0, 217, 21, 260
"d:\KG\EA\NALA\nala\src\main\java\bak\pcj\map\ShortKeyFloatMapIterator.java", "Java", 0, 0, 0, 0, 8, 0, 0, 87, 8, 103
"d:\KG\EA\NALA\nala\src\main\java\bak\pcj\map\ShortKeyFloatOpenHashMap.java", "Java", 0, 0, 0, 0, 478, 0, 0, 346, 102, 926
"d:\KG\EA\NALA\nala\src\main\java\bak\pcj\map\ShortKeyIntChainedHashMap.java", "Java", 0, 0, 0, 0, 432, 0, 0, 328, 107, 867
"d:\KG\EA\NALA\nala\src\main\java\bak\pcj\map\ShortKeyIntMap.java", "Java", 0, 0, 0, 0, 22, 0, 0, 217, 21, 260
"d:\KG\EA\NALA\nala\src\main\java\bak\pcj\map\ShortKeyIntMapIterator.java", "Java", 0, 0, 0, 0, 8, 0, 0, 87, 8, 103
"d:\KG\EA\NALA\nala\src\main\java\bak\pcj\map\ShortKeyIntOpenHashMap.java", "Java", 0, 0, 0, 0, 478, 0, 0, 346, 102, 926
"d:\KG\EA\NALA\nala\src\main\java\bak\pcj\map\ShortKeyLongChainedHashMap.java", "Java", 0, 0, 0, 0, 432, 0, 0, 328, 107, 867
"d:\KG\EA\NALA\nala\src\main\java\bak\pcj\map\ShortKeyLongMap.java", "Java", 0, 0, 0, 0, 22, 0, 0, 217, 21, 260
"d:\KG\EA\NALA\nala\src\main\java\bak\pcj\map\ShortKeyLongMapIterator.java", "Java", 0, 0, 0, 0, 8, 0, 0, 87, 8, 103
"d:\KG\EA\NALA\nala\src\main\java\bak\pcj\map\ShortKeyLongOpenHashMap.java", "Java", 0, 0, 0, 0, 478, 0, 0, 346, 102, 926
"d:\KG\EA\NALA\nala\src\main\java\bak\pcj\map\ShortKeyMap.java", "Java", 0, 0, 0, 0, 18, 0, 0, 156, 18, 192
"d:\KG\EA\NALA\nala\src\main\java\bak\pcj\map\ShortKeyMapIterator.java", "Java", 0, 0, 0, 0, 8, 0, 0, 88, 8, 104
"d:\KG\EA\NALA\nala\src\main\java\bak\pcj\map\ShortKeyOpenHashMap.java", "Java", 0, 0, 0, 0, 454, 0, 0, 343, 99, 896
"d:\KG\EA\NALA\nala\src\main\java\bak\pcj\map\ShortKeyShortChainedHashMap.java", "Java", 0, 0, 0, 0, 432, 0, 0, 328, 107, 867
"d:\KG\EA\NALA\nala\src\main\java\bak\pcj\map\ShortKeyShortMap.java", "Java", 0, 0, 0, 0, 22, 0, 0, 217, 21, 260
"d:\KG\EA\NALA\nala\src\main\java\bak\pcj\map\ShortKeyShortMapIterator.java", "Java", 0, 0, 0, 0, 8, 0, 0, 87, 8, 103
"d:\KG\EA\NALA\nala\src\main\java\bak\pcj\map\ShortKeyShortOpenHashMap.java", "Java", 0, 0, 0, 0, 478, 0, 0, 346, 102, 926
"d:\KG\EA\NALA\nala\src\main\java\bak\pcj\map\package.html", "HTML", 0, 0, 0, 0, 0, 6, 0, 0, 1, 7
"d:\KG\EA\NALA\nala\src\main\java\bak\pcj\package.html", "HTML", 0, 0, 0, 0, 0, 6, 0, 0, 1, 7
"d:\KG\EA\NALA\nala\src\main\java\bak\pcj\set\AbstractBooleanSet.java", "Java", 0, 0, 0, 0, 22, 0, 0, 31, 7, 60
"d:\KG\EA\NALA\nala\src\main\java\bak\pcj\set\AbstractByteSet.java", "Java", 0, 0, 0, 0, 22, 0, 0, 31, 7, 60
"d:\KG\EA\NALA\nala\src\main\java\bak\pcj\set\AbstractCharSet.java", "Java", 0, 0, 0, 0, 22, 0, 0, 31, 7, 60
"d:\KG\EA\NALA\nala\src\main\java\bak\pcj\set\AbstractDoubleSet.java", "Java", 0, 0, 0, 0, 22, 0, 0, 31, 7, 60
"d:\KG\EA\NALA\nala\src\main\java\bak\pcj\set\AbstractFloatSet.java", "Java", 0, 0, 0, 0, 22, 0, 0, 31, 7, 60
"d:\KG\EA\NALA\nala\src\main\java\bak\pcj\set\AbstractIntSet.java", "Java", 0, 0, 0, 0, 22, 0, 0, 31, 7, 60
"d:\KG\EA\NALA\nala\src\main\java\bak\pcj\set\AbstractLongSet.java", "Java", 0, 0, 0, 0, 22, 0, 0, 31, 7, 60
"d:\KG\EA\NALA\nala\src\main\java\bak\pcj\set\AbstractShortSet.java", "Java", 0, 0, 0, 0, 22, 0, 0, 31, 7, 60
"d:\KG\EA\NALA\nala\src\main\java\bak\pcj\set\BooleanDirectSet.java", "Java", 0, 0, 0, 0, 196, 0, 0, 41, 23, 260
"d:\KG\EA\NALA\nala\src\main\java\bak\pcj\set\BooleanSet.java", "Java", 0, 0, 0, 0, 4, 0, 0, 27, 6, 37
"d:\KG\EA\NALA\nala\src\main\java\bak\pcj\set\BooleanSortedSet.java", "Java", 0, 0, 0, 0, 9, 0, 0, 107, 9, 125
"d:\KG\EA\NALA\nala\src\main\java\bak\pcj\set\ByteBitSet.java", "Java", 0, 0, 0, 0, 461, 0, 0, 164, 79, 704
"d:\KG\EA\NALA\nala\src\main\java\bak\pcj\set\ByteChainedHashSet.java", "Java", 0, 0, 0, 0, 283, 0, 0, 335, 66, 684
"d:\KG\EA\NALA\nala\src\main\java\bak\pcj\set\ByteOpenHashSet.java", "Java", 0, 0, 0, 0, 307, 0, 0, 349, 68, 724
"d:\KG\EA\NALA\nala\src\main\java\bak\pcj\set\ByteRange.java", "Java", 0, 0, 0, 0, 86, 0, 0, 207, 24, 317
"d:\KG\EA\NALA\nala\src\main\java\bak\pcj\set\ByteRangeSet.java", "Java", 0, 0, 0, 0, 579, 0, 0, 310, 91, 980
"d:\KG\EA\NALA\nala\src\main\java\bak\pcj\set\ByteSet.java", "Java", 0, 0, 0, 0, 4, 0, 0, 27, 6, 37
"d:\KG\EA\NALA\nala\src\main\java\bak\pcj\set\ByteSortedSet.java", "Java", 0, 0, 0, 0, 9, 0, 0, 107, 9, 125
"d:\KG\EA\NALA\nala\src\main\java\bak\pcj\set\CharBitSet.java", "Java", 0, 0, 0, 0, 461, 0, 0, 164, 79, 704
"d:\KG\EA\NALA\nala\src\main\java\bak\pcj\set\CharChainedHashSet.java", "Java", 0, 0, 0, 0, 283, 0, 0, 335, 66, 684
"d:\KG\EA\NALA\nala\src\main\java\bak\pcj\set\CharOpenHashSet.java", "Java", 0, 0, 0, 0, 307, 0, 0, 349, 68, 724
"d:\KG\EA\NALA\nala\src\main\java\bak\pcj\set\CharRange.java", "Java", 0, 0, 0, 0, 86, 0, 0, 207, 24, 317
"d:\KG\EA\NALA\nala\src\main\java\bak\pcj\set\CharRangeSet.java", "Java", 0, 0, 0, 0, 579, 0, 0, 310, 91, 980
"d:\KG\EA\NALA\nala\src\main\java\bak\pcj\set\CharSet.java", "Java", 0, 0, 0, 0, 4, 0, 0, 27, 6, 37
"d:\KG\EA\NALA\nala\src\main\java\bak\pcj\set\CharSortedSet.java", "Java", 0, 0, 0, 0, 9, 0, 0, 107, 9, 125
"d:\KG\EA\NALA\nala\src\main\java\bak\pcj\set\DoubleChainedHashSet.java", "Java", 0, 0, 0, 0, 283, 0, 0, 335, 66, 684
"d:\KG\EA\NALA\nala\src\main\java\bak\pcj\set\DoubleOpenHashSet.java", "Java", 0, 0, 0, 0, 307, 0, 0, 349, 68, 724
"d:\KG\EA\NALA\nala\src\main\java\bak\pcj\set\DoubleSet.java", "Java", 0, 0, 0, 0, 4, 0, 0, 27, 6, 37
"d:\KG\EA\NALA\nala\src\main\java\bak\pcj\set\DoubleSortedSet.java", "Java", 0, 0, 0, 0, 9, 0, 0, 107, 9, 125
"d:\KG\EA\NALA\nala\src\main\java\bak\pcj\set\FloatChainedHashSet.java", "Java", 0, 0, 0, 0, 283, 0, 0, 335, 66, 684
"d:\KG\EA\NALA\nala\src\main\java\bak\pcj\set\FloatOpenHashSet.java", "Java", 0, 0, 0, 0, 307, 0, 0, 349, 68, 724
"d:\KG\EA\NALA\nala\src\main\java\bak\pcj\set\FloatSet.java", "Java", 0, 0, 0, 0, 4, 0, 0, 27, 6, 37
"d:\KG\EA\NALA\nala\src\main\java\bak\pcj\set\FloatSortedSet.java", "Java", 0, 0, 0, 0, 9, 0, 0, 107, 9, 125
"d:\KG\EA\NALA\nala\src\main\java\bak\pcj\set\IntBitSet.java", "Java", 0, 0, 0, 0, 461, 0, 0, 164, 79, 704
"d:\KG\EA\NALA\nala\src\main\java\bak\pcj\set\IntChainedHashSet.java", "Java", 0, 0, 0, 0, 283, 0, 0, 335, 66, 684
"d:\KG\EA\NALA\nala\src\main\java\bak\pcj\set\IntOpenHashSet.java", "Java", 0, 0, 0, 0, 307, 0, 0, 349, 68, 724
"d:\KG\EA\NALA\nala\src\main\java\bak\pcj\set\IntRange.java", "Java", 0, 0, 0, 0, 86, 0, 0, 207, 24, 317
"d:\KG\EA\NALA\nala\src\main\java\bak\pcj\set\IntRangeSet.java", "Java", 0, 0, 0, 0, 579, 0, 0, 310, 91, 980
"d:\KG\EA\NALA\nala\src\main\java\bak\pcj\set\IntSet.java", "Java", 0, 0, 0, 0, 4, 0, 0, 27, 6, 37
"d:\KG\EA\NALA\nala\src\main\java\bak\pcj\set\IntSortedSet.java", "Java", 0, 0, 0, 0, 9, 0, 0, 107, 9, 125
"d:\KG\EA\NALA\nala\src\main\java\bak\pcj\set\LongChainedHashSet.java", "Java", 0, 0, 0, 0, 283, 0, 0, 335, 66, 684
"d:\KG\EA\NALA\nala\src\main\java\bak\pcj\set\LongOpenHashSet.java", "Java", 0, 0, 0, 0, 307, 0, 0, 349, 68, 724
"d:\KG\EA\NALA\nala\src\main\java\bak\pcj\set\LongRange.java", "Java", 0, 0, 0, 0, 86, 0, 0, 207, 24, 317
"d:\KG\EA\NALA\nala\src\main\java\bak\pcj\set\LongRangeSet.java", "Java", 0, 0, 0, 0, 579, 0, 0, 310, 91, 980
"d:\KG\EA\NALA\nala\src\main\java\bak\pcj\set\LongSet.java", "Java", 0, 0, 0, 0, 4, 0, 0, 27, 6, 37
"d:\KG\EA\NALA\nala\src\main\java\bak\pcj\set\LongSortedSet.java", "Java", 0, 0, 0, 0, 9, 0, 0, 107, 9, 125
"d:\KG\EA\NALA\nala\src\main\java\bak\pcj\set\ShortBitSet.java", "Java", 0, 0, 0, 0, 461, 0, 0, 164, 79, 704
"d:\KG\EA\NALA\nala\src\main\java\bak\pcj\set\ShortChainedHashSet.java", "Java", 0, 0, 0, 0, 283, 0, 0, 335, 66, 684
"d:\KG\EA\NALA\nala\src\main\java\bak\pcj\set\ShortOpenHashSet.java", "Java", 0, 0, 0, 0, 307, 0, 0, 349, 68, 724
"d:\KG\EA\NALA\nala\src\main\java\bak\pcj\set\ShortRange.java", "Java", 0, 0, 0, 0, 86, 0, 0, 207, 24, 317
"d:\KG\EA\NALA\nala\src\main\java\bak\pcj\set\ShortRangeSet.java", "Java", 0, 0, 0, 0, 579, 0, 0, 310, 91, 980
"d:\KG\EA\NALA\nala\src\main\java\bak\pcj\set\ShortSet.java", "Java", 0, 0, 0, 0, 4, 0, 0, 27, 6, 37
"d:\KG\EA\NALA\nala\src\main\java\bak\pcj\set\ShortSortedSet.java", "Java", 0, 0, 0, 0, 9, 0, 0, 107, 9, 125
"d:\KG\EA\NALA\nala\src\main\java\bak\pcj\set\UnmodifiableBooleanSet.java", "Java", 0, 0, 0, 0, 7, 0, 0, 39, 5, 51
"d:\KG\EA\NALA\nala\src\main\java\bak\pcj\set\UnmodifiableByteSet.java", "Java", 0, 0, 0, 0, 7, 0, 0, 39, 5, 51
"d:\KG\EA\NALA\nala\src\main\java\bak\pcj\set\UnmodifiableCharSet.java", "Java", 0, 0, 0, 0, 7, 0, 0, 39, 5, 51
"d:\KG\EA\NALA\nala\src\main\java\bak\pcj\set\UnmodifiableDoubleSet.java", "Java", 0, 0, 0, 0, 7, 0, 0, 39, 5, 51
"d:\KG\EA\NALA\nala\src\main\java\bak\pcj\set\UnmodifiableFloatSet.java", "Java", 0, 0, 0, 0, 7, 0, 0, 39, 5, 51
"d:\KG\EA\NALA\nala\src\main\java\bak\pcj\set\UnmodifiableIntSet.java", "Java", 0, 0, 0, 0, 7, 0, 0, 39, 5, 51
"d:\KG\EA\NALA\nala\src\main\java\bak\pcj\set\UnmodifiableLongSet.java", "Java", 0, 0, 0, 0, 7, 0, 0, 39, 5, 51
"d:\KG\EA\NALA\nala\src\main\java\bak\pcj\set\UnmodifiableShortSet.java", "Java", 0, 0, 0, 0, 7, 0, 0, 39, 5, 51
"d:\KG\EA\NALA\nala\src\main\java\bak\pcj\set\package.html", "HTML", 0, 0, 0, 0, 0, 6, 0, 0, 1, 7
"d:\KG\EA\NALA\nala\src\main\java\bak\pcj\util\Display.java", "Java", 0, 0, 0, 0, 40, 0, 0, 26, 13, 79
"d:\KG\EA\NALA\nala\src\main\java\bak\pcj\util\Exceptions.java", "Java", 0, 0, 0, 0, 89, 0, 0, 44, 40, 173
"d:\KG\EA\NALA\nala\src\main\java\javatools\administrative\Announce.java", "Java", 0, 0, 0, 0, 440, 0, 0, 138, 89, 667
"d:\KG\EA\NALA\nala\src\main\java\javatools\administrative\CallStack.java", "Java", 0, 0, 0, 0, 48, 0, 0, 43, 12, 103
"d:\KG\EA\NALA\nala\src\main\java\javatools\administrative\D.java", "Java", 0, 0, 0, 0, 281, 0, 0, 92, 51, 424
"d:\KG\EA\NALA\nala\src\main\java\javatools\administrative\NonsharedParameters.java", "Java", 0, 0, 0, 0, 461, 0, 0, 161, 85, 707
"d:\KG\EA\NALA\nala\src\main\java\javatools\administrative\Parameters.java", "Java", 0, 0, 0, 0, 322, 0, 0, 120, 43, 485
"d:\KG\EA\NALA\nala\src\main\java\javatools\administrative\Sleep.java", "Java", 0, 0, 0, 0, 24, 0, 0, 11, 7, 42
"d:\KG\EA\NALA\nala\src\main\java\javatools\administrative\Tracer.java", "Java", 0, 0, 0, 0, 72, 0, 0, 42, 14, 128
"d:\KG\EA\NALA\nala\src\main\java\javatools\database\DBWordNet.java", "Java", 0, 0, 0, 0, 179, 0, 0, 49, 15, 243
"d:\KG\EA\NALA\nala\src\main\java\javatools\database\Database.java", "Java", 0, 0, 0, 0, 865, 0, 0, 348, 234, 1447
"d:\KG\EA\NALA\nala\src\main\java\javatools\database\DummyDatabase.java", "Java", 0, 0, 0, 0, 978, 0, 0, 34, 410, 1422
"d:\KG\EA\NALA\nala\src\main\java\javatools\database\MySQLDatabase.java", "Java", 0, 0, 0, 0, 157, 0, 0, 79, 27, 263
"d:\KG\EA\NALA\nala\src\main\java\javatools\database\OracleDatabase.java", "Java", 0, 0, 0, 0, 133, 0, 0, 68, 31, 232
"d:\KG\EA\NALA\nala\src\main\java\javatools\database\PostgresDatabase.java", "Java", 0, 0, 0, 0, 196, 0, 0, 89, 46, 331
"d:\KG\EA\NALA\nala\src\main\java\javatools\database\ResultIterator.java", "Java", 0, 0, 0, 0, 82, 0, 0, 48, 16, 146
"d:\KG\EA\NALA\nala\src\main\java\javatools\database\SQLType.java", "Java", 0, 0, 0, 0, 228, 0, 0, 44, 22, 294
"d:\KG\EA\NALA\nala\src\main\java\javatools\database\WordNet.java", "Java", 0, 0, 0, 0, 301, 0, 0, 111, 61, 473
"d:\KG\EA\NALA\nala\src\main\java\javatools\datatypes\ArrayQueue.java", "Java", 0, 0, 0, 0, 67, 0, 0, 34, 15, 116
"d:\KG\EA\NALA\nala\src\main\java\javatools\datatypes\BitVector.java", "Java", 0, 0, 0, 0, 116, 0, 0, 10, 30, 156
"d:\KG\EA\NALA\nala\src\main\java\javatools\datatypes\ByteString.java", "Java", 0, 0, 0, 0, 65, 0, 0, 21, 18, 104
"d:\KG\EA\NALA\nala\src\main\java\javatools\datatypes\CombinedIterable.java", "Java", 0, 0, 0, 0, 57, 0, 0, 28, 2, 87
"d:\KG\EA\NALA\nala\src\main\java\javatools\datatypes\CombinedIterator.java", "Java", 0, 0, 0, 0, 84, 0, 0, 36, 21, 141
"d:\KG\EA\NALA\nala\src\main\java\javatools\datatypes\CompressedString.java", "Java", 0, 0, 0, 0, 129, 0, 0, 61, 18, 208
"d:\KG\EA\NALA\nala\src\main\java\javatools\datatypes\DirectedGraph.java", "Java", 0, 0, 0, 0, 156, 0, 0, 38, 14, 208
"d:\KG\EA\NALA\nala\src\main\java\javatools\datatypes\DoubleHashMap.java", "Java", 0, 0, 0, 0, 218, 0, 0, 37, 42, 297
"d:\KG\EA\NALA\nala\src\main\java\javatools\datatypes\FastFrequencyVector.java", "Java", 0, 0, 0, 0, 65, 0, 0, 18, 7, 90
"d:\KG\EA\NALA\nala\src\main\java\javatools\datatypes\FilteredIterator.java", "Java", 0, 0, 0, 0, 47, 0, 0, 9, 16, 72
"d:\KG\EA\NALA\nala\src\main\java\javatools\datatypes\FinalMap.java", "Java", 0, 0, 0, 0, 16, 0, 0, 23, 3, 42
"d:\KG\EA\NALA\nala\src\main\java\javatools\datatypes\FinalSet.java", "Java", 0, 0, 0, 0, 43, 0, 0, 33, 5, 81
"d:\KG\EA\NALA\nala\src\main\java\javatools\datatypes\FrequencyVector.java", "Java", 0, 0, 0, 0, 347, 0, 0, 109, 71, 527
"d:\KG\EA\NALA\nala\src\main\java\javatools\datatypes\IdPriorityQueue.java", "Java", 0, 0, 0, 0, 122, 0, 0, 28, 21, 171
"d:\KG\EA\NALA\nala\src\main\java\javatools\datatypes\Immutable.java", "Java", 0, 0, 0, 0, 33, 0, 0, 12, 11, 56
"d:\KG\EA\NALA\nala\src\main\java\javatools\datatypes\IntHashMap.java", "Java", 0, 0, 0, 0, 243, 0, 0, 51, 43, 337
"d:\KG\EA\NALA\nala\src\main\java\javatools\datatypes\IntSet.java", "Java", 0, 0, 0, 0, 246, 0, 0, 57, 47, 350
"d:\KG\EA\NALA\nala\src\main\java\javatools\datatypes\IterableForIterator.java", "Java", 0, 0, 0, 0, 11, 0, 0, 23, 5, 39
"d:\KG\EA\NALA\nala\src\main\java\javatools\datatypes\IteratorForEnumeration.java", "Java", 0, 0, 0, 0, 27, 0, 0, 22, 11, 60
"d:\KG\EA\NALA\nala\src\main\java\javatools\datatypes\MappedIterator.java", "Java", 0, 0, 0, 0, 40, 0, 0, 8, 4, 52
"d:\KG\EA\NALA\nala\src\main\java\javatools\datatypes\MultiMap.java", "Java", 0, 0, 0, 0, 88, 0, 0, 10, 27, 125
"d:\KG\EA\NALA\nala\src\main\java\javatools\datatypes\PQRTree.java", "Java", 0, 0, 0, 0, 408, 0, 0, 90, 71, 569
"d:\KG\EA\NALA\nala\src\main\java\javatools\datatypes\Pair.java", "Java", 0, 0, 0, 0, 41, 0, 0, 20, 7, 68
"d:\KG\EA\NALA\nala\src\main\java\javatools\datatypes\PeekIterator.java", "Java", 0, 0, 0, 0, 182, 0, 0, 83, 37, 302
"d:\KG\EA\NALA\nala\src\main\java\javatools\datatypes\SVMModel.java", "Java", 0, 0, 0, 0, 97, 0, 0, 25, 10, 132
"d:\KG\EA\NALA\nala\src\main\java\javatools\datatypes\SmallStack.java", "Java", 0, 0, 0, 0, 120, 0, 0, 21, 29, 170
"d:\KG\EA\NALA\nala\src\main\java\javatools\datatypes\SparseVector.java", "Java", 0, 0, 0, 0, 389, 0, 0, 94, 43, 526
"d:\KG\EA\NALA\nala\src\main\java\javatools\datatypes\StringModifier.java", "Java", 0, 0, 0, 0, 137, 0, 0, 80, 31, 248
"d:\KG\EA\NALA\nala\src\main\java\javatools\datatypes\Tree.java", "Java", 0, 0, 0, 0, 109, 0, 0, 27, 24, 160
"d:\KG\EA\NALA\nala\src\main\java\javatools\datatypes\Trie.java", "Java", 0, 0, 0, 0, 127, 0, 0, 27, 25, 179
"d:\KG\EA\NALA\nala\src\main\java\javatools\datatypes\Triple.java", "Java", 0, 0, 0, 0, 21, 0, 0, 5, 8, 34
"d:\KG\EA\NALA\nala\src\main\java\javatools\datatypes\UndirectedGraph.java", "Java", 0, 0, 0, 0, 10, 0, 0, 9, 6, 25
"d:\KG\EA\NALA\nala\src\main\java\javatools\datatypes\Visitable.java", "Java", 0, 0, 0, 0, 4, 0, 0, 13, 1, 18
"d:\KG\EA\NALA\nala\src\main\java\javatools\datatypes\Visitor.java", "Java", 0, 0, 0, 0, 4, 0, 0, 13, 1, 18
"d:\KG\EA\NALA\nala\src\main\java\javatools\filehandlers\ByteFileLines.java", "Java", 0, 0, 0, 0, 66, 0, 0, 19, 9, 94
"d:\KG\EA\NALA\nala\src\main\java\javatools\filehandlers\ByteMatchReader.java", "Java", 0, 0, 0, 0, 59, 0, 0, 25, 20, 104
"d:\KG\EA\NALA\nala\src\main\java\javatools\filehandlers\CSVFile.java", "Java", 0, 0, 0, 0, 93, 0, 0, 19, 22, 134
"d:\KG\EA\NALA\nala\src\main\java\javatools\filehandlers\CSVLines.java", "Java", 0, 0, 0, 0, 91, 0, 0, 34, 13, 138
"d:\KG\EA\NALA\nala\src\main\java\javatools\filehandlers\DeepFileSet.java", "Java", 0, 0, 0, 0, 58, 0, 0, 32, 16, 106
"d:\KG\EA\NALA\nala\src\main\java\javatools\filehandlers\FigureProducer.java", "Java", 0, 0, 0, 0, 209, 0, 0, 44, 33, 286
"d:\KG\EA\NALA\nala\src\main\java\javatools\filehandlers\FileLines.java", "Java", 0, 0, 0, 0, 284, 0, 0, 119, 39, 442
"d:\KG\EA\NALA\nala\src\main\java\javatools\filehandlers\FileSet.java", "Java", 0, 0, 0, 0, 87, 0, 0, 40, 10, 137
"d:\KG\EA\NALA\nala\src\main\java\javatools\filehandlers\HTMLReader.java", "Java", 0, 0, 0, 0, 161, 0, 0, 54, 23, 238
"d:\KG\EA\NALA\nala\src\main\java\javatools\filehandlers\MatchReader.java", "Java", 0, 0, 0, 0, 150, 0, 0, 59, 29, 238
"d:\KG\EA\NALA\nala\src\main\java\javatools\filehandlers\MultiWriter.java", "Java", 0, 0, 0, 0, 34, 0, 0, 8, 13, 55
"d:\KG\EA\NALA\nala\src\main\java\javatools\filehandlers\RandomAccessFileInputStream.java", "Java", 0, 0, 0, 0, 18, 0, 0, 11, 7, 36
"d:\KG\EA\NALA\nala\src\main\java\javatools\filehandlers\SimpleInputStreamReader.java", "Java", 0, 0, 0, 0, 43, 0, 0, 32, 13, 88
"d:\KG\EA\NALA\nala\src\main\java\javatools\filehandlers\SimpleOutputStreamWriter.java", "Java", 0, 0, 0, 0, 34, 0, 0, 14, 11, 59
"d:\KG\EA\NALA\nala\src\main\java\javatools\filehandlers\TSVFile.java", "Java", 0, 0, 0, 0, 45, 0, 0, 16, 15, 76
"d:\KG\EA\NALA\nala\src\main\java\javatools\filehandlers\TSVWriter.java", "Java", 0, 0, 0, 0, 29, 0, 0, 29, 10, 68
"d:\KG\EA\NALA\nala\src\main\java\javatools\filehandlers\UTF8Reader.java", "Java", 0, 0, 0, 0, 116, 0, 0, 36, 22, 174
"d:\KG\EA\NALA\nala\src\main\java\javatools\filehandlers\UTF8Writer.java", "Java", 0, 0, 0, 0, 57, 0, 0, 26, 17, 100
"d:\KG\EA\NALA\nala\src\main\java\javatools\parsers\BloomFilter.java", "Java", 0, 0, 0, 0, 143, 0, 0, 151, 31, 325
"d:\KG\EA\NALA\nala\src\main\java\javatools\parsers\Char.java", "Java", 0, 0, 0, 0, 1131, 0, 0, 221, 84, 1436
"d:\KG\EA\NALA\nala\src\main\java\javatools\parsers\DateParser.java", "Java", 0, 0, 0, 0, 687, 0, 0, 327, 126, 1140
"d:\KG\EA\NALA\nala\src\main\java\javatools\parsers\DateParser1.java", "Java", 0, 0, 0, 0, 365, 0, 0, 144, 85, 594
"d:\KG\EA\NALA\nala\src\main\java\javatools\parsers\Language.java", "Java", 0, 0, 0, 0, 128, 0, 0, 48, 39, 215
"d:\KG\EA\NALA\nala\src\main\java\javatools\parsers\Name.java", "Java", 0, 0, 0, 0, 1417, 0, 0, 207, 118, 1742
"d:\KG\EA\NALA\nala\src\main\java\javatools\parsers\NameML.java", "Java", 0, 0, 0, 0, 613, 0, 0, 300, 209, 1122
"d:\KG\EA\NALA\nala\src\main\java\javatools\parsers\NounGroup.java", "Java", 0, 0, 0, 0, 158, 0, 0, 69, 36, 263
"d:\KG\EA\NALA\nala\src\main\java\javatools\parsers\NumberFormatter.java", "Java", 0, 0, 0, 0, 115, 0, 0, 77, 17, 209
"d:\KG\EA\NALA\nala\src\main\java\javatools\parsers\NumberParser.java", "Java", 0, 0, 0, 0, 651, 0, 0, 218, 87, 956
"d:\KG\EA\NALA\nala\src\main\java\javatools\parsers\PlingStemmer.java", "Java", 0, 0, 0, 0, 738, 0, 0, 130, 57, 925
"d:\KG\EA\NALA\nala\src\main\java\javatools\parsers\PositionTracker.java", "Java", 0, 0, 0, 0, 111, 0, 0, 119, 59, 289
"d:\KG\EA\NALA\nala\src\main\java\javatools\parsers\RegularExpression.java", "Java", 0, 0, 0, 0, 210, 0, 0, 63, 29, 302
"d:\KG\EA\NALA\nala\src\main\java\javatools\test\NewUTF8Reader.java", "Java", 0, 0, 0, 0, 109, 0, 0, 39, 24, 172
"d:\KG\EA\NALA\nala\src\main\java\javatools\util\ArrayUtils.java", "Java", 0, 0, 0, 0, 20, 0, 0, 16, 7, 43
"d:\KG\EA\NALA\nala\src\main\java\javatools\util\FileUtils.java", "Java", 0, 0, 0, 0, 63, 0, 0, 50, 20, 133
"d:\KG\EA\NALA\nala\src\main\java\javatools\util\LatexChecker.java", "Java", 0, 0, 0, 0, 75, 0, 0, 18, 10, 103
"d:\KG\EA\NALA\nala\src\main\java\nala\ArrayRelationNormalizer.java", "Java", 0, 0, 0, 0, 47, 0, 0, 19, 16, 82
"d:\KG\EA\NALA\nala\src\main\java\nala\Config.java", "Java", 0, 0, 0, 0, 134, 0, 0, 68, 44, 246
"d:\KG\EA\NALA\nala\src\main\java\nala\EqualityStore.java", "Java", 0, 0, 0, 0, 927, 0, 0, 144, 60, 1131
"d:\KG\EA\NALA\nala\src\main\java\nala\EqualityStoreMultiple.java", "Java", 0, 0, 0, 0, 26, 0, 0, 14, 12, 52
"d:\KG\EA\NALA\nala\src\main\java\nala\Evaluation.java", "Java", 0, 0, 0, 0, 214, 0, 0, 26, 17, 257
"d:\KG\EA\NALA\nala\src\main\java\nala\HashArrayNeighborhood.java", "Java", 0, 0, 0, 0, 129, 0, 0, 13, 24, 166
"d:\KG\EA\NALA\nala\src\main\java\nala\HashRelationNormalizer.java", "Java", 0, 0, 0, 0, 50, 0, 0, 21, 18, 89
"d:\KG\EA\NALA\nala\src\main\java\nala\HashSubRelationStore.java", "Java", 0, 0, 0, 0, 93, 0, 0, 17, 27, 137
"d:\KG\EA\NALA\nala\src\main\java\nala\HashSubThingStore.java", "Java", 0, 0, 0, 0, 90, 0, 0, 19, 24, 133
"d:\KG\EA\NALA\nala\src\main\java\nala\Info.java", "Java", 0, 0, 0, 0, 22, 0, 0, 119, 10, 151
"d:\KG\EA\NALA\nala\src\main\java\nala\JoinRelation.java", "Java", 0, 0, 0, 0, 132, 0, 0, 27, 24, 183
"d:\KG\EA\NALA\nala\src\main\java\nala\LevenshteinDistance.java", "Java", 0, 0, 0, 0, 25, 0, 0, 8, 7, 40
"d:\KG\EA\NALA\nala\src\main\java\nala\MapperOutput.java", "Java", 0, 0, 0, 0, 120, 0, 0, 20, 16, 156
"d:\KG\EA\NALA\nala\src\main\java\nala\MultiMap.java", "Java", 0, 0, 0, 0, 142, 0, 0, 10, 38, 190
"d:\KG\EA\NALA\nala\src\main\java\nala\Nala.java", "Java", 0, 0, 0, 0, 1839, 0, 0, 479, 170, 2488
"d:\KG\EA\NALA\nala\src\main\java\nala\Neighborhood.java", "Java", 0, 0, 0, 0, 83, 0, 0, 33, 32, 148
"d:\KG\EA\NALA\nala\src\main\java\nala\Relation.java", "Java", 0, 0, 0, 0, 9, 0, 0, 2, 5, 16
"d:\KG\EA\NALA\nala\src\main\java\nala\RelationNormalizer.java", "Java", 0, 0, 0, 0, 44, 0, 0, 20, 18, 82
"d:\KG\EA\NALA\nala\src\main\java\nala\Result.java", "Java", 0, 0, 0, 0, 450, 0, 0, 81, 64, 595
"d:\KG\EA\NALA\nala\src\main\java\nala\Setting.java", "Java", 0, 0, 0, 0, 304, 0, 0, 68, 35, 407
"d:\KG\EA\NALA\nala\src\main\java\nala\SimpleRelation.java", "Java", 0, 0, 0, 0, 22, 0, 0, 9, 14, 45
"d:\KG\EA\NALA\nala\src\main\java\nala\SubClassStore.java", "Java", 0, 0, 0, 0, 16, 0, 0, 7, 8, 31
"d:\KG\EA\NALA\nala\src\main\java\nala\SubRelationStore.java", "Java", 0, 0, 0, 0, 70, 0, 0, 13, 11, 94
"d:\KG\EA\NALA\nala\src\main\java\nala\SubThingStore.java", "Java", 0, 0, 0, 0, 108, 0, 0, 26, 32, 166
"d:\KG\EA\NALA\nala\src\main\java\nala\lapjv\MatrixUtils.java", "Java", 0, 0, 0, 0, 103, 0, 0, 0, 18, 121
"d:\KG\EA\NALA\nala\src\main\java\nala\lapjv\ValueLocationStruct.java", "Java", 0, 0, 0, 0, 8, 0, 0, 0, 4, 12
"d:\KG\EA\NALA\nala\src\main\java\nala\lapjv\lapjv.java", "Java", 0, 0, 0, 0, 212, 0, 0, 70, 34, 316
"d:\KG\EA\NALA\nala\src\main\java\nala\nal\AlignmentSentence.java", "Java", 0, 0, 0, 0, 122, 0, 0, 13, 20, 155
"d:\KG\EA\NALA\nala\src\main\java\nala\nal\SimilarityStatement.java", "Java", 0, 0, 0, 0, 19, 0, 0, 3, 6, 28
"d:\KG\EA\NALA\nala\src\main\java\nala\nal\Stamp.java", "Java", 0, 0, 0, 0, 78, 0, 0, 25, 25, 128
"d:\KG\EA\NALA\nala\src\main\java\nala\nal\TruthFunctions.java", "Java", 0, 0, 0, 0, 237, 0, 0, 88, 40, 365
"d:\KG\EA\NALA\nala\src\main\java\nala\nal\TruthValue.java", "Java", 0, 0, 0, 0, 245, 0, 0, 99, 45, 389
"d:\KG\EA\NALA\nala\src\main\java\nala\shingling\HashTable.java", "Java", 0, 0, 0, 0, 22, 0, 0, 0, 7, 29
"d:\KG\EA\NALA\nala\src\main\java\nala\shingling\QueryResult.java", "Java", 0, 0, 0, 0, 13, 0, 0, 11, 5, 29
"d:\KG\EA\NALA\nala\src\main\java\nala\shingling\ShinglingTable.java", "Java", 0, 0, 0, 0, 271, 0, 0, 15, 66, 352
"d:\KG\EA\NALA\nala\src\main\java\nala\shingling\StringVector.java", "Java", 0, 0, 0, 0, 35, 0, 0, 0, 8, 43
"d:\KG\EA\NALA\nala\src\main\java\nala\sparseLAPJV\LAPJV.java", "Java", 0, 0, 0, 0, 414, 0, 0, 73, 53, 540
"d:\KG\EA\NALA\nala\src\main\java\nala\sparseLAPJV\SparseCostMatrix.java", "Java", 0, 0, 0, 0, 320, 0, 0, 181, 58, 559
"d:\KG\EA\NALA\nala\src\main\java\nala\storage\FactStore.java", "Java", 0, 0, 0, 0, 949, 0, 0, 149, 130, 1228
"d:\KG\EA\NALA\nala\src\main\java\nala\storage\LiteralFormatter.java", "Java", 0, 0, 0, 0, 56, 0, 0, 8, 15, 79
"d:\KG\EA\NALA\nala\src\main\java\nala\storage\Parser.java", "Java", 0, 0, 0, 0, 245, 0, 0, 53, 31, 329
"d:\KG\EA\NALA\nala\target\classes\bak\pcj\AbstractBooleanCollection.class", "Java", 0, 0, 0, 0, 52, 0, 0, 0, 0, 52
"d:\KG\EA\NALA\nala\target\classes\bak\pcj\AbstractByteCollection.class", "Java", 0, 0, 0, 0, 52, 0, 0, 0, 0, 52
"d:\KG\EA\NALA\nala\target\classes\bak\pcj\AbstractCharCollection.class", "Java", 0, 0, 0, 0, 52, 0, 0, 0, 0, 52
"d:\KG\EA\NALA\nala\target\classes\bak\pcj\AbstractDoubleCollection.class", "Java", 0, 0, 0, 0, 50, 0, 0, 0, 0, 50
"d:\KG\EA\NALA\nala\target\classes\bak\pcj\AbstractFloatCollection.class", "Java", 0, 0, 0, 0, 52, 0, 0, 0, 0, 52
"d:\KG\EA\NALA\nala\target\classes\bak\pcj\AbstractIntCollection.class", "Java", 0, 0, 0, 0, 53, 0, 0, 0, 0, 53
"d:\KG\EA\NALA\nala\target\classes\bak\pcj\AbstractLongCollection.class", "Java", 0, 0, 0, 0, 50, 0, 0, 0, 0, 50
"d:\KG\EA\NALA\nala\target\classes\bak\pcj\AbstractShortCollection.class", "Java", 0, 0, 0, 0, 52, 0, 0, 0, 0, 52
"d:\KG\EA\NALA\nala\target\classes\bak\pcj\Adapter.class", "Java", 0, 0, 0, 0, 736, 0, 0, 0, 0, 736
"d:\KG\EA\NALA\nala\target\classes\bak\pcj\BooleanCollection.class", "Java", 0, 0, 0, 0, 6, 0, 0, 0, 0, 6
"d:\KG\EA\NALA\nala\target\classes\bak\pcj\BooleanComparator.class", "Java", 0, 0, 0, 0, 2, 0, 0, 0, 0, 2
"d:\KG\EA\NALA\nala\target\classes\bak\pcj\BooleanIterator.class", "Java", 0, 0, 0, 0, 3, 0, 0, 0, 0, 3
"d:\KG\EA\NALA\nala\target\classes\bak\pcj\ByteCollection.class", "Java", 0, 0, 0, 0, 6, 0, 0, 0, 0, 6
"d:\KG\EA\NALA\nala\target\classes\bak\pcj\ByteComparator.class", "Java", 0, 0, 0, 0, 2, 0, 0, 0, 0, 2
"d:\KG\EA\NALA\nala\target\classes\bak\pcj\ByteIterator.class", "Java", 0, 0, 0, 0, 4, 0, 0, 0, 0, 4
"d:\KG\EA\NALA\nala\target\classes\bak\pcj\CharCollection.class", "Java", 0, 0, 0, 0, 6, 0, 0, 0, 0, 6
"d:\KG\EA\NALA\nala\target\classes\bak\pcj\CharComparator.class", "Java", 0, 0, 0, 0, 2, 0, 0, 0, 0, 2
"d:\KG\EA\NALA\nala\target\classes\bak\pcj\CharIterator.class", "Java", 0, 0, 0, 0, 4, 0, 0, 0, 0, 4
"d:\KG\EA\NALA\nala\target\classes\bak\pcj\DoubleCollection.class", "Java", 0, 0, 0, 0, 6, 0, 0, 0, 0, 6
"d:\KG\EA\NALA\nala\target\classes\bak\pcj\DoubleComparator.class", "Java", 0, 0, 0, 0, 2, 0, 0, 0, 0, 2
"d:\KG\EA\NALA\nala\target\classes\bak\pcj\DoubleIterator.class", "Java", 0, 0, 0, 0, 4, 0, 0, 0, 0, 4
"d:\KG\EA\NALA\nala\target\classes\bak\pcj\FloatCollection.class", "Java", 0, 0, 0, 0, 6, 0, 0, 0, 0, 6
"d:\KG\EA\NALA\nala\target\classes\bak\pcj\FloatComparator.class", "Java", 0, 0, 0, 0, 2, 0, 0, 0, 0, 2
"d:\KG\EA\NALA\nala\target\classes\bak\pcj\FloatIterator.class", "Java", 0, 0, 0, 0, 4, 0, 0, 0, 0, 4
"d:\KG\EA\NALA\nala\target\classes\bak\pcj\IntCollection.class", "Java", 0, 0, 0, 0, 6, 0, 0, 0, 0, 6
"d:\KG\EA\NALA\nala\target\classes\bak\pcj\IntComparator.class", "Java", 0, 0, 0, 0, 2, 0, 0, 0, 0, 2
"d:\KG\EA\NALA\nala\target\classes\bak\pcj\IntIterator.class", "Java", 0, 0, 0, 0, 4, 0, 0, 0, 0, 4
"d:\KG\EA\NALA\nala\target\classes\bak\pcj\LongCollection.class", "Java", 0, 0, 0, 0, 6, 0, 0, 0, 0, 6
"d:\KG\EA\NALA\nala\target\classes\bak\pcj\LongComparator.class", "Java", 0, 0, 0, 0, 2, 0, 0, 0, 0, 2
"d:\KG\EA\NALA\nala\target\classes\bak\pcj\LongIterator.class", "Java", 0, 0, 0, 0, 4, 0, 0, 0, 0, 4
"d:\KG\EA\NALA\nala\target\classes\bak\pcj\ShortCollection.class", "Java", 0, 0, 0, 0, 6, 0, 0, 0, 0, 6
"d:\KG\EA\NALA\nala\target\classes\bak\pcj\ShortComparator.class", "Java", 0, 0, 0, 0, 2, 0, 0, 0, 0, 2
"d:\KG\EA\NALA\nala\target\classes\bak\pcj\ShortIterator.class", "Java", 0, 0, 0, 0, 4, 0, 0, 0, 0, 4
"d:\KG\EA\NALA\nala\target\classes\bak\pcj\SynchronizedBooleanCollection.class", "Java", 0, 0, 0, 0, 29, 0, 0, 0, 0, 29
"d:\KG\EA\NALA\nala\target\classes\bak\pcj\SynchronizedByteCollection.class", "Java", 0, 0, 0, 0, 29, 0, 0, 0, 0, 29
"d:\KG\EA\NALA\nala\target\classes\bak\pcj\SynchronizedCharCollection.class", "Java", 0, 0, 0, 0, 29, 0, 0, 0, 0, 29
"d:\KG\EA\NALA\nala\target\classes\bak\pcj\SynchronizedDoubleCollection.class", "Java", 0, 0, 0, 0, 29, 0, 0, 0, 0, 29
"d:\KG\EA\NALA\nala\target\classes\bak\pcj\SynchronizedFloatCollection.class", "Java", 0, 0, 0, 0, 29, 0, 0, 0, 0, 29
"d:\KG\EA\NALA\nala\target\classes\bak\pcj\SynchronizedIntCollection.class", "Java", 0, 0, 0, 0, 29, 0, 0, 0, 0, 29
"d:\KG\EA\NALA\nala\target\classes\bak\pcj\SynchronizedLongCollection.class", "Java", 0, 0, 0, 0, 29, 0, 0, 0, 0, 29
"d:\KG\EA\NALA\nala\target\classes\bak\pcj\SynchronizedShortCollection.class", "Java", 0, 0, 0, 0, 29, 0, 0, 0, 0, 29
"d:\KG\EA\NALA\nala\target\classes\bak\pcj\UnmodifiableBooleanCollection$1.class", "Java", 0, 0, 0, 0, 14, 0, 0, 0, 1, 15
"d:\KG\EA\NALA\nala\target\classes\bak\pcj\UnmodifiableBooleanCollection.class", "Java", 0, 0, 0, 0, 43, 0, 0, 0, 0, 43
"d:\KG\EA\NALA\nala\target\classes\bak\pcj\UnmodifiableByteCollection$1.class", "Java", 0, 0, 0, 0, 14, 0, 0, 0, 1, 15
"d:\KG\EA\NALA\nala\target\classes\bak\pcj\UnmodifiableByteCollection.class", "Java", 0, 0, 0, 0, 43, 0, 0, 0, 0, 43
"d:\KG\EA\NALA\nala\target\classes\bak\pcj\UnmodifiableCharCollection$1.class", "Java", 0, 0, 0, 0, 14, 0, 0, 0, 1, 15
"d:\KG\EA\NALA\nala\target\classes\bak\pcj\UnmodifiableCharCollection.class", "Java", 0, 0, 0, 0, 43, 0, 0, 0, 0, 43
"d:\KG\EA\NALA\nala\target\classes\bak\pcj\UnmodifiableDoubleCollection$1.class", "Java", 0, 0, 0, 0, 14, 0, 0, 0, 1, 15
"d:\KG\EA\NALA\nala\target\classes\bak\pcj\UnmodifiableDoubleCollection.class", "Java", 0, 0, 0, 0, 43, 0, 0, 0, 0, 43
"d:\KG\EA\NALA\nala\target\classes\bak\pcj\UnmodifiableFloatCollection$1.class", "Java", 0, 0, 0, 0, 14, 0, 0, 0, 1, 15
"d:\KG\EA\NALA\nala\target\classes\bak\pcj\UnmodifiableFloatCollection.class", "Java", 0, 0, 0, 0, 43, 0, 0, 0, 0, 43
"d:\KG\EA\NALA\nala\target\classes\bak\pcj\UnmodifiableIntCollection$1.class", "Java", 0, 0, 0, 0, 14, 0, 0, 0, 1, 15
"d:\KG\EA\NALA\nala\target\classes\bak\pcj\UnmodifiableIntCollection.class", "Java", 0, 0, 0, 0, 43, 0, 0, 0, 0, 43
"d:\KG\EA\NALA\nala\target\classes\bak\pcj\UnmodifiableLongCollection$1.class", "Java", 0, 0, 0, 0, 14, 0, 0, 0, 1, 15
"d:\KG\EA\NALA\nala\target\classes\bak\pcj\UnmodifiableLongCollection.class", "Java", 0, 0, 0, 0, 43, 0, 0, 0, 0, 43
"d:\KG\EA\NALA\nala\target\classes\bak\pcj\UnmodifiableShortCollection$1.class", "Java", 0, 0, 0, 0, 14, 0, 0, 0, 1, 15
"d:\KG\EA\NALA\nala\target\classes\bak\pcj\UnmodifiableShortCollection.class", "Java", 0, 0, 0, 0, 43, 0, 0, 0, 0, 43
"d:\KG\EA\NALA\nala\target\classes\bak\pcj\adapter\BooleanCollectionToCollectionAdapter.class", "Java", 0, 0, 0, 0, 24, 0, 0, 0, 0, 24
"d:\KG\EA\NALA\nala\target\classes\bak\pcj\adapter\BooleanIteratorToIteratorAdapter.class", "Java", 0, 0, 0, 0, 14, 0, 0, 0, 0, 14
"d:\KG\EA\NALA\nala\target\classes\bak\pcj\adapter\BooleanKeyBooleanMapToMapAdapter$Entry.class", "Java", 0, 0, 0, 0, 15, 0, 0, 0, 0, 15
"d:\KG\EA\NALA\nala\target\classes\bak\pcj\adapter\BooleanKeyBooleanMapToMapAdapter$EntrySet$1.class", "Java", 0, 0, 0, 0, 15, 0, 0, 0, 1, 16
"d:\KG\EA\NALA\nala\target\classes\bak\pcj\adapter\BooleanKeyBooleanMapToMapAdapter$EntrySet.class", "Java", 0, 0, 0, 0, 18, 0, 0, 0, 0, 18
"d:\KG\EA\NALA\nala\target\classes\bak\pcj\adapter\BooleanKeyBooleanMapToMapAdapter.class", "Java", 0, 0, 0, 0, 32, 0, 0, 0, 0, 32
"d:\KG\EA\NALA\nala\target\classes\bak\pcj\adapter\BooleanKeyByteMapToMapAdapter$Entry.class", "Java", 0, 0, 0, 0, 21, 0, 0, 0, 0, 21
"d:\KG\EA\NALA\nala\target\classes\bak\pcj\adapter\BooleanKeyByteMapToMapAdapter$EntrySet$1.class", "Java", 0, 0, 0, 0, 15, 0, 0, 0, 1, 16
"d:\KG\EA\NALA\nala\target\classes\bak\pcj\adapter\BooleanKeyByteMapToMapAdapter$EntrySet.class", "Java", 0, 0, 0, 0, 18, 0, 0, 0, 0, 18
"d:\KG\EA\NALA\nala\target\classes\bak\pcj\adapter\BooleanKeyByteMapToMapAdapter.class", "Java", 0, 0, 0, 0, 33, 0, 0, 0, 0, 33
"d:\KG\EA\NALA\nala\target\classes\bak\pcj\adapter\BooleanKeyCharMapToMapAdapter$Entry.class", "Java", 0, 0, 0, 0, 21, 0, 0, 0, 0, 21
"d:\KG\EA\NALA\nala\target\classes\bak\pcj\adapter\BooleanKeyCharMapToMapAdapter$EntrySet$1.class", "Java", 0, 0, 0, 0, 15, 0, 0, 0, 1, 16
"d:\KG\EA\NALA\nala\target\classes\bak\pcj\adapter\BooleanKeyCharMapToMapAdapter$EntrySet.class", "Java", 0, 0, 0, 0, 18, 0, 0, 0, 0, 18
"d:\KG\EA\NALA\nala\target\classes\bak\pcj\adapter\BooleanKeyCharMapToMapAdapter.class", "Java", 0, 0, 0, 0, 33, 0, 0, 0, 0, 33
"d:\KG\EA\NALA\nala\target\classes\bak\pcj\adapter\BooleanKeyDoubleMapToMapAdapter$Entry.class", "Java", 0, 0, 0, 0, 21, 0, 0, 0, 0, 21
"d:\KG\EA\NALA\nala\target\classes\bak\pcj\adapter\BooleanKeyDoubleMapToMapAdapter$EntrySet$1.class", "Java", 0, 0, 0, 0, 15, 0, 0, 0, 1, 16
"d:\KG\EA\NALA\nala\target\classes\bak\pcj\adapter\BooleanKeyDoubleMapToMapAdapter$EntrySet.class", "Java", 0, 0, 0, 0, 18, 0, 0, 0, 0, 18
"d:\KG\EA\NALA\nala\target\classes\bak\pcj\adapter\BooleanKeyDoubleMapToMapAdapter.class", "Java", 0, 0, 0, 0, 34, 0, 0, 0, 0, 34
"d:\KG\EA\NALA\nala\target\classes\bak\pcj\adapter\BooleanKeyFloatMapToMapAdapter$Entry.class", "Java", 0, 0, 0, 0, 22, 0, 0, 0, 0, 22
"d:\KG\EA\NALA\nala\target\classes\bak\pcj\adapter\BooleanKeyFloatMapToMapAdapter$EntrySet$1.class", "Java", 0, 0, 0, 0, 15, 0, 0, 0, 1, 16
"d:\KG\EA\NALA\nala\target\classes\bak\pcj\adapter\BooleanKeyFloatMapToMapAdapter$EntrySet.class", "Java", 0, 0, 0, 0, 18, 0, 0, 0, 0, 18
"d:\KG\EA\NALA\nala\target\classes\bak\pcj\adapter\BooleanKeyFloatMapToMapAdapter.class", "Java", 0, 0, 0, 0, 34, 0, 0, 0, 0, 34
"d:\KG\EA\NALA\nala\target\classes\bak\pcj\adapter\BooleanKeyIntMapToMapAdapter$Entry.class", "Java", 0, 0, 0, 0, 21, 0, 0, 0, 0, 21
"d:\KG\EA\NALA\nala\target\classes\bak\pcj\adapter\BooleanKeyIntMapToMapAdapter$EntrySet$1.class", "Java", 0, 0, 0, 0, 15, 0, 0, 0, 1, 16
"d:\KG\EA\NALA\nala\target\classes\bak\pcj\adapter\BooleanKeyIntMapToMapAdapter$EntrySet.class", "Java", 0, 0, 0, 0, 18, 0, 0, 0, 0, 18
"d:\KG\EA\NALA\nala\target\classes\bak\pcj\adapter\BooleanKeyIntMapToMapAdapter.class", "Java", 0, 0, 0, 0, 34, 0, 0, 0, 0, 34
"d:\KG\EA\NALA\nala\target\classes\bak\pcj\adapter\BooleanKeyLongMapToMapAdapter$Entry.class", "Java", 0, 0, 0, 0, 21, 0, 0, 0, 0, 21
"d:\KG\EA\NALA\nala\target\classes\bak\pcj\adapter\BooleanKeyLongMapToMapAdapter$EntrySet$1.class", "Java", 0, 0, 0, 0, 15, 0, 0, 0, 1, 16
"d:\KG\EA\NALA\nala\target\classes\bak\pcj\adapter\BooleanKeyLongMapToMapAdapter$EntrySet.class", "Java", 0, 0, 0, 0, 18, 0, 0, 0, 0, 18
"d:\KG\EA\NALA\nala\target\classes\bak\pcj\adapter\BooleanKeyLongMapToMapAdapter.class", "Java", 0, 0, 0, 0, 33, 0, 0, 0, 0, 33
"d:\KG\EA\NALA\nala\target\classes\bak\pcj\adapter\BooleanKeyMapToMapAdapter$Entry.class", "Java", 0, 0, 0, 0, 22, 0, 0, 0, 0, 22
"d:\KG\EA\NALA\nala\target\classes\bak\pcj\adapter\BooleanKeyMapToMapAdapter$EntrySet$1.class", "Java", 0, 0, 0, 0, 15, 0, 0, 0, 1, 16
"d:\KG\EA\NALA\nala\target\classes\bak\pcj\adapter\BooleanKeyMapToMapAdapter$EntrySet.class", "Java", 0, 0, 0, 0, 18, 0, 0, 0, 0, 18
"d:\KG\EA\NALA\nala\target\classes\bak\pcj\adapter\BooleanKeyMapToMapAdapter.class", "Java", 0, 0, 0, 0, 31, 0, 0, 0, 0, 31
"d:\KG\EA\NALA\nala\target\classes\bak\pcj\adapter\BooleanKeyShortMapToMapAdapter$Entry.class", "Java", 0, 0, 0, 0, 22, 0, 0, 0, 0, 22
"d:\KG\EA\NALA\nala\target\classes\bak\pcj\adapter\BooleanKeyShortMapToMapAdapter$EntrySet$1.class", "Java", 0, 0, 0, 0, 15, 0, 0, 0, 1, 16
"d:\KG\EA\NALA\nala\target\classes\bak\pcj\adapter\BooleanKeyShortMapToMapAdapter$EntrySet.class", "Java", 0, 0, 0, 0, 18, 0, 0, 0, 0, 18
"d:\KG\EA\NALA\nala\target\classes\bak\pcj\adapter\BooleanKeyShortMapToMapAdapter.class", "Java", 0, 0, 0, 0, 34, 0, 0, 0, 0, 34
"d:\KG\EA\NALA\nala\target\classes\bak\pcj\adapter\BooleanListIteratorToListIteratorAdapter.class", "Java", 0, 0, 0, 0, 23, 0, 0, 0, 0, 23
"d:\KG\EA\NALA\nala\target\classes\bak\pcj\adapter\BooleanListToListAdapter.class", "Java", 0, 0, 0, 0, 22, 0, 0, 0, 0, 22
"d:\KG\EA\NALA\nala\target\classes\bak\pcj\adapter\BooleanSetToSetAdapter.class", "Java", 0, 0, 0, 0, 20, 0, 0, 0, 0, 20
"d:\KG\EA\NALA\nala\target\classes\bak\pcj\adapter\BooleanSortedSetToSortedSetAdapter.class", "Java", 0, 0, 0, 0, 16, 0, 0, 0, 0, 16
"d:\KG\EA\NALA\nala\target\classes\bak\pcj\adapter\ByteCollectionToCollectionAdapter.class", "Java", 0, 0, 0, 0, 24, 0, 0, 0, 0, 24
"d:\KG\EA\NALA\nala\target\classes\bak\pcj\adapter\ByteIteratorToIteratorAdapter.class", "Java", 0, 0, 0, 0, 14, 0, 0, 0, 0, 14
"d:\KG\EA\NALA\nala\target\classes\bak\pcj\adapter\ByteKeyBooleanMapToMapAdapter$Entry.class", "Java", 0, 0, 0, 0, 21, 0, 0, 0, 0, 21
"d:\KG\EA\NALA\nala\target\classes\bak\pcj\adapter\ByteKeyBooleanMapToMapAdapter$EntrySet$1.class", "Java", 0, 0, 0, 0, 15, 0, 0, 0, 1, 16
"d:\KG\EA\NALA\nala\target\classes\bak\pcj\adapter\ByteKeyBooleanMapToMapAdapter$EntrySet.class", "Java", 0, 0, 0, 0, 18, 0, 0, 0, 0, 18
"d:\KG\EA\NALA\nala\target\classes\bak\pcj\adapter\ByteKeyBooleanMapToMapAdapter.class", "Java", 0, 0, 0, 0, 33, 0, 0, 0, 0, 33
"d:\KG\EA\NALA\nala\target\classes\bak\pcj\adapter\ByteKeyByteMapToMapAdapter$Entry.class", "Java", 0, 0, 0, 0, 15, 0, 0, 0, 0, 15
"d:\KG\EA\NALA\nala\target\classes\bak\pcj\adapter\ByteKeyByteMapToMapAdapter$EntrySet$1.class", "Java", 0, 0, 0, 0, 15, 0, 0, 0, 1, 16
"d:\KG\EA\NALA\nala\target\classes\bak\pcj\adapter\ByteKeyByteMapToMapAdapter$EntrySet.class", "Java", 0, 0, 0, 0, 18, 0, 0, 0, 0, 18
"d:\KG\EA\NALA\nala\target\classes\bak\pcj\adapter\ByteKeyByteMapToMapAdapter.class", "Java", 0, 0, 0, 0, 32, 0, 0, 0, 0, 32
"d:\KG\EA\NALA\nala\target\classes\bak\pcj\adapter\ByteKeyCharMapToMapAdapter$Entry.class", "Java", 0, 0, 0, 0, 21, 0, 0, 0, 0, 21
"d:\KG\EA\NALA\nala\target\classes\bak\pcj\adapter\ByteKeyCharMapToMapAdapter$EntrySet$1.class", "Java", 0, 0, 0, 0, 15, 0, 0, 0, 1, 16
"d:\KG\EA\NALA\nala\target\classes\bak\pcj\adapter\ByteKeyCharMapToMapAdapter$EntrySet.class", "Java", 0, 0, 0, 0, 18, 0, 0, 0, 0, 18
"d:\KG\EA\NALA\nala\target\classes\bak\pcj\adapter\ByteKeyCharMapToMapAdapter.class", "Java", 0, 0, 0, 0, 33, 0, 0, 0, 0, 33
"d:\KG\EA\NALA\nala\target\classes\bak\pcj\adapter\ByteKeyDoubleMapToMapAdapter$Entry.class", "Java", 0, 0, 0, 0, 21, 0, 0, 0, 0, 21
"d:\KG\EA\NALA\nala\target\classes\bak\pcj\adapter\ByteKeyDoubleMapToMapAdapter$EntrySet$1.class", "Java", 0, 0, 0, 0, 15, 0, 0, 0, 1, 16
"d:\KG\EA\NALA\nala\target\classes\bak\pcj\adapter\ByteKeyDoubleMapToMapAdapter$EntrySet.class", "Java", 0, 0, 0, 0, 18, 0, 0, 0, 0, 18
"d:\KG\EA\NALA\nala\target\classes\bak\pcj\adapter\ByteKeyDoubleMapToMapAdapter.class", "Java", 0, 0, 0, 0, 34, 0, 0, 0, 0, 34
"d:\KG\EA\NALA\nala\target\classes\bak\pcj\adapter\ByteKeyFloatMapToMapAdapter$Entry.class", "Java", 0, 0, 0, 0, 22, 0, 0, 0, 0, 22
"d:\KG\EA\NALA\nala\target\classes\bak\pcj\adapter\ByteKeyFloatMapToMapAdapter$EntrySet$1.class", "Java", 0, 0, 0, 0, 15, 0, 0, 0, 1, 16
"d:\KG\EA\NALA\nala\target\classes\bak\pcj\adapter\ByteKeyFloatMapToMapAdapter$EntrySet.class", "Java", 0, 0, 0, 0, 18, 0, 0, 0, 0, 18
"d:\KG\EA\NALA\nala\target\classes\bak\pcj\adapter\ByteKeyFloatMapToMapAdapter.class", "Java", 0, 0, 0, 0, 34, 0, 0, 0, 0, 34
"d:\KG\EA\NALA\nala\target\classes\bak\pcj\adapter\ByteKeyIntMapToMapAdapter$Entry.class", "Java", 0, 0, 0, 0, 21, 0, 0, 0, 0, 21
"d:\KG\EA\NALA\nala\target\classes\bak\pcj\adapter\ByteKeyIntMapToMapAdapter$EntrySet$1.class", "Java", 0, 0, 0, 0, 15, 0, 0, 0, 1, 16
"d:\KG\EA\NALA\nala\target\classes\bak\pcj\adapter\ByteKeyIntMapToMapAdapter$EntrySet.class", "Java", 0, 0, 0, 0, 18, 0, 0, 0, 0, 18
"d:\KG\EA\NALA\nala\target\classes\bak\pcj\adapter\ByteKeyIntMapToMapAdapter.class", "Java", 0, 0, 0, 0, 34, 0, 0, 0, 0, 34
"d:\KG\EA\NALA\nala\target\classes\bak\pcj\adapter\ByteKeyLongMapToMapAdapter$Entry.class", "Java", 0, 0, 0, 0, 21, 0, 0, 0, 0, 21
"d:\KG\EA\NALA\nala\target\classes\bak\pcj\adapter\ByteKeyLongMapToMapAdapter$EntrySet$1.class", "Java", 0, 0, 0, 0, 15, 0, 0, 0, 1, 16
"d:\KG\EA\NALA\nala\target\classes\bak\pcj\adapter\ByteKeyLongMapToMapAdapter$EntrySet.class", "Java", 0, 0, 0, 0, 18, 0, 0, 0, 0, 18
"d:\KG\EA\NALA\nala\target\classes\bak\pcj\adapter\ByteKeyLongMapToMapAdapter.class", "Java", 0, 0, 0, 0, 33, 0, 0, 0, 0, 33
"d:\KG\EA\NALA\nala\target\classes\bak\pcj\adapter\ByteKeyMapToMapAdapter$Entry.class", "Java", 0, 0, 0, 0, 22, 0, 0, 0, 0, 22
"d:\KG\EA\NALA\nala\target\classes\bak\pcj\adapter\ByteKeyMapToMapAdapter$EntrySet$1.class", "Java", 0, 0, 0, 0, 15, 0, 0, 0, 1, 16
"d:\KG\EA\NALA\nala\target\classes\bak\pcj\adapter\ByteKeyMapToMapAdapter$EntrySet.class", "Java", 0, 0, 0, 0, 18, 0, 0, 0, 0, 18
"d:\KG\EA\NALA\nala\target\classes\bak\pcj\adapter\ByteKeyMapToMapAdapter.class", "Java", 0, 0, 0, 0, 31, 0, 0, 0, 0, 31
"d:\KG\EA\NALA\nala\target\classes\bak\pcj\adapter\ByteKeyShortMapToMapAdapter$Entry.class", "Java", 0, 0, 0, 0, 22, 0, 0, 0, 0, 22
"d:\KG\EA\NALA\nala\target\classes\bak\pcj\adapter\ByteKeyShortMapToMapAdapter$EntrySet$1.class", "Java", 0, 0, 0, 0, 15, 0, 0, 0, 1, 16
"d:\KG\EA\NALA\nala\target\classes\bak\pcj\adapter\ByteKeyShortMapToMapAdapter$EntrySet.class", "Java", 0, 0, 0, 0, 18, 0, 0, 0, 0, 18
"d:\KG\EA\NALA\nala\target\classes\bak\pcj\adapter\ByteKeyShortMapToMapAdapter.class", "Java", 0, 0, 0, 0, 34, 0, 0, 0, 0, 34
"d:\KG\EA\NALA\nala\target\classes\bak\pcj\adapter\ByteListIteratorToListIteratorAdapter.class", "Java", 0, 0, 0, 0, 23, 0, 0, 0, 0, 23
"d:\KG\EA\NALA\nala\target\classes\bak\pcj\adapter\ByteListToListAdapter.class", "Java", 0, 0, 0, 0, 22, 0, 0, 0, 0, 22
"d:\KG\EA\NALA\nala\target\classes\bak\pcj\adapter\ByteSetToSetAdapter.class", "Java", 0, 0, 0, 0, 20, 0, 0, 0, 0, 20
"d:\KG\EA\NALA\nala\target\classes\bak\pcj\adapter\ByteSortedSetToSortedSetAdapter.class", "Java", 0, 0, 0, 0, 16, 0, 0, 0, 0, 16
"d:\KG\EA\NALA\nala\target\classes\bak\pcj\adapter\CharCollectionToCollectionAdapter.class", "Java", 0, 0, 0, 0, 24, 0, 0, 0, 0, 24
"d:\KG\EA\NALA\nala\target\classes\bak\pcj\adapter\CharIteratorToIteratorAdapter.class", "Java", 0, 0, 0, 0, 14, 0, 0, 0, 0, 14
"d:\KG\EA\NALA\nala\target\classes\bak\pcj\adapter\CharKeyBooleanMapToMapAdapter$Entry.class", "Java", 0, 0, 0, 0, 21, 0, 0, 0, 0, 21
"d:\KG\EA\NALA\nala\target\classes\bak\pcj\adapter\CharKeyBooleanMapToMapAdapter$EntrySet$1.class", "Java", 0, 0, 0, 0, 15, 0, 0, 0, 1, 16
"d:\KG\EA\NALA\nala\target\classes\bak\pcj\adapter\CharKeyBooleanMapToMapAdapter$EntrySet.class", "Java", 0, 0, 0, 0, 18, 0, 0, 0, 0, 18
"d:\KG\EA\NALA\nala\target\classes\bak\pcj\adapter\CharKeyBooleanMapToMapAdapter.class", "Java", 0, 0, 0, 0, 33, 0, 0, 0, 0, 33
"d:\KG\EA\NALA\nala\target\classes\bak\pcj\adapter\CharKeyByteMapToMapAdapter$Entry.class", "Java", 0, 0, 0, 0, 21, 0, 0, 0, 0, 21
"d:\KG\EA\NALA\nala\target\classes\bak\pcj\adapter\CharKeyByteMapToMapAdapter$EntrySet$1.class", "Java", 0, 0, 0, 0, 15, 0, 0, 0, 1, 16
"d:\KG\EA\NALA\nala\target\classes\bak\pcj\adapter\CharKeyByteMapToMapAdapter$EntrySet.class", "Java", 0, 0, 0, 0, 18, 0, 0, 0, 0, 18
"d:\KG\EA\NALA\nala\target\classes\bak\pcj\adapter\CharKeyByteMapToMapAdapter.class", "Java", 0, 0, 0, 0, 33, 0, 0, 0, 0, 33
"d:\KG\EA\NALA\nala\target\classes\bak\pcj\adapter\CharKeyCharMapToMapAdapter$Entry.class", "Java", 0, 0, 0, 0, 15, 0, 0, 0, 0, 15
"d:\KG\EA\NALA\nala\target\classes\bak\pcj\adapter\CharKeyCharMapToMapAdapter$EntrySet$1.class", "Java", 0, 0, 0, 0, 15, 0, 0, 0, 1, 16
"d:\KG\EA\NALA\nala\target\classes\bak\pcj\adapter\CharKeyCharMapToMapAdapter$EntrySet.class", "Java", 0, 0, 0, 0, 18, 0, 0, 0, 0, 18
"d:\KG\EA\NALA\nala\target\classes\bak\pcj\adapter\CharKeyCharMapToMapAdapter.class", "Java", 0, 0, 0, 0, 32, 0, 0, 0, 0, 32
"d:\KG\EA\NALA\nala\target\classes\bak\pcj\adapter\CharKeyDoubleMapToMapAdapter$Entry.class", "Java", 0, 0, 0, 0, 21, 0, 0, 0, 0, 21
"d:\KG\EA\NALA\nala\target\classes\bak\pcj\adapter\CharKeyDoubleMapToMapAdapter$EntrySet$1.class", "Java", 0, 0, 0, 0, 15, 0, 0, 0, 1, 16
"d:\KG\EA\NALA\nala\target\classes\bak\pcj\adapter\CharKeyDoubleMapToMapAdapter$EntrySet.class", "Java", 0, 0, 0, 0, 18, 0, 0, 0, 0, 18
"d:\KG\EA\NALA\nala\target\classes\bak\pcj\adapter\CharKeyDoubleMapToMapAdapter.class", "Java", 0, 0, 0, 0, 34, 0, 0, 0, 0, 34
"d:\KG\EA\NALA\nala\target\classes\bak\pcj\adapter\CharKeyFloatMapToMapAdapter$Entry.class", "Java", 0, 0, 0, 0, 22, 0, 0, 0, 0, 22
"d:\KG\EA\NALA\nala\target\classes\bak\pcj\adapter\CharKeyFloatMapToMapAdapter$EntrySet$1.class", "Java", 0, 0, 0, 0, 15, 0, 0, 0, 1, 16
"d:\KG\EA\NALA\nala\target\classes\bak\pcj\adapter\CharKeyFloatMapToMapAdapter$EntrySet.class", "Java", 0, 0, 0, 0, 18, 0, 0, 0, 0, 18
"d:\KG\EA\NALA\nala\target\classes\bak\pcj\adapter\CharKeyFloatMapToMapAdapter.class", "Java", 0, 0, 0, 0, 34, 0, 0, 0, 0, 34
"d:\KG\EA\NALA\nala\target\classes\bak\pcj\adapter\CharKeyIntMapToMapAdapter$Entry.class", "Java", 0, 0, 0, 0, 21, 0, 0, 0, 0, 21
"d:\KG\EA\NALA\nala\target\classes\bak\pcj\adapter\CharKeyIntMapToMapAdapter$EntrySet$1.class", "Java", 0, 0, 0, 0, 15, 0, 0, 0, 1, 16
"d:\KG\EA\NALA\nala\target\classes\bak\pcj\adapter\CharKeyIntMapToMapAdapter$EntrySet.class", "Java", 0, 0, 0, 0, 18, 0, 0, 0, 0, 18
"d:\KG\EA\NALA\nala\target\classes\bak\pcj\adapter\CharKeyIntMapToMapAdapter.class", "Java", 0, 0, 0, 0, 34, 0, 0, 0, 0, 34
"d:\KG\EA\NALA\nala\target\classes\bak\pcj\adapter\CharKeyLongMapToMapAdapter$Entry.class", "Java", 0, 0, 0, 0, 21, 0, 0, 0, 0, 21
"d:\KG\EA\NALA\nala\target\classes\bak\pcj\adapter\CharKeyLongMapToMapAdapter$EntrySet$1.class", "Java", 0, 0, 0, 0, 15, 0, 0, 0, 1, 16
"d:\KG\EA\NALA\nala\target\classes\bak\pcj\adapter\CharKeyLongMapToMapAdapter$EntrySet.class", "Java", 0, 0, 0, 0, 18, 0, 0, 0, 0, 18
"d:\KG\EA\NALA\nala\target\classes\bak\pcj\adapter\CharKeyLongMapToMapAdapter.class", "Java", 0, 0, 0, 0, 33, 0, 0, 0, 0, 33
"d:\KG\EA\NALA\nala\target\classes\bak\pcj\adapter\CharKeyMapToMapAdapter$Entry.class", "Java", 0, 0, 0, 0, 22, 0, 0, 0, 0, 22
"d:\KG\EA\NALA\nala\target\classes\bak\pcj\adapter\CharKeyMapToMapAdapter$EntrySet$1.class", "Java", 0, 0, 0, 0, 15, 0, 0, 0, 1, 16
"d:\KG\EA\NALA\nala\target\classes\bak\pcj\adapter\CharKeyMapToMapAdapter$EntrySet.class", "Java", 0, 0, 0, 0, 18, 0, 0, 0, 0, 18
"d:\KG\EA\NALA\nala\target\classes\bak\pcj\adapter\CharKeyMapToMapAdapter.class", "Java", 0, 0, 0, 0, 31, 0, 0, 0, 0, 31
"d:\KG\EA\NALA\nala\target\classes\bak\pcj\adapter\CharKeyShortMapToMapAdapter$Entry.class", "Java", 0, 0, 0, 0, 22, 0, 0, 0, 0, 22
"d:\KG\EA\NALA\nala\target\classes\bak\pcj\adapter\CharKeyShortMapToMapAdapter$EntrySet$1.class", "Java", 0, 0, 0, 0, 15, 0, 0, 0, 1, 16
"d:\KG\EA\NALA\nala\target\classes\bak\pcj\adapter\CharKeyShortMapToMapAdapter$EntrySet.class", "Java", 0, 0, 0, 0, 18, 0, 0, 0, 0, 18
"d:\KG\EA\NALA\nala\target\classes\bak\pcj\adapter\CharKeyShortMapToMapAdapter.class", "Java", 0, 0, 0, 0, 34, 0, 0, 0, 0, 34
"d:\KG\EA\NALA\nala\target\classes\bak\pcj\adapter\CharListIteratorToListIteratorAdapter.class", "Java", 0, 0, 0, 0, 23, 0, 0, 0, 0, 23
"d:\KG\EA\NALA\nala\target\classes\bak\pcj\adapter\CharListToListAdapter.class", "Java", 0, 0, 0, 0, 22, 0, 0, 0, 0, 22
"d:\KG\EA\NALA\nala\target\classes\bak\pcj\adapter\CharSetToSetAdapter.class", "Java", 0, 0, 0, 0, 20, 0, 0, 0, 0, 20
"d:\KG\EA\NALA\nala\target\classes\bak\pcj\adapter\CharSortedSetToSortedSetAdapter.class", "Java", 0, 0, 0, 0, 16, 0, 0, 0, 0, 16
"d:\KG\EA\NALA\nala\target\classes\bak\pcj\adapter\CollectionToBooleanCollectionAdapter.class", "Java", 0, 0, 0, 0, 36, 0, 0, 0, 0, 36
"d:\KG\EA\NALA\nala\target\classes\bak\pcj\adapter\CollectionToByteCollectionAdapter.class", "Java", 0, 0, 0, 0, 36, 0, 0, 0, 0, 36
"d:\KG\EA\NALA\nala\target\classes\bak\pcj\adapter\CollectionToCharCollectionAdapter.class", "Java", 0, 0, 0, 0, 36, 0, 0, 0, 0, 36
"d:\KG\EA\NALA\nala\target\classes\bak\pcj\adapter\CollectionToDoubleCollectionAdapter.class", "Java", 0, 0, 0, 0, 36, 0, 0, 0, 0, 36
"d:\KG\EA\NALA\nala\target\classes\bak\pcj\adapter\CollectionToFloatCollectionAdapter.class", "Java", 0, 0, 0, 0, 36, 0, 0, 0, 0, 36
"d:\KG\EA\NALA\nala\target\classes\bak\pcj\adapter\CollectionToIntCollectionAdapter.class", "Java", 0, 0, 0, 0, 36, 0, 0, 0, 0, 36
"d:\KG\EA\NALA\nala\target\classes\bak\pcj\adapter\CollectionToLongCollectionAdapter.class", "Java", 0, 0, 0, 0, 36, 0, 0, 0, 0, 36
"d:\KG\EA\NALA\nala\target\classes\bak\pcj\adapter\CollectionToShortCollectionAdapter.class", "Java", 0, 0, 0, 0, 36, 0, 0, 0, 0, 36
"d:\KG\EA\NALA\nala\target\classes\bak\pcj\adapter\DoubleCollectionToCollectionAdapter.class", "Java", 0, 0, 0, 0, 24, 0, 0, 0, 0, 24
"d:\KG\EA\NALA\nala\target\classes\bak\pcj\adapter\DoubleIteratorToIteratorAdapter.class", "Java", 0, 0, 0, 0, 14, 0, 0, 0, 0, 14
"d:\KG\EA\NALA\nala\target\classes\bak\pcj\adapter\DoubleKeyBooleanMapToMapAdapter$Entry.class", "Java", 0, 0, 0, 0, 21, 0, 0, 0, 0, 21
"d:\KG\EA\NALA\nala\target\classes\bak\pcj\adapter\DoubleKeyBooleanMapToMapAdapter$EntrySet$1.class", "Java", 0, 0, 0, 0, 15, 0, 0, 0, 1, 16
"d:\KG\EA\NALA\nala\target\classes\bak\pcj\adapter\DoubleKeyBooleanMapToMapAdapter$EntrySet.class", "Java", 0, 0, 0, 0, 18, 0, 0, 0, 0, 18
"d:\KG\EA\NALA\nala\target\classes\bak\pcj\adapter\DoubleKeyBooleanMapToMapAdapter.class", "Java", 0, 0, 0, 0, 33, 0, 0, 0, 0, 33
"d:\KG\EA\NALA\nala\target\classes\bak\pcj\adapter\DoubleKeyByteMapToMapAdapter$Entry.class", "Java", 0, 0, 0, 0, 21, 0, 0, 0, 0, 21
"d:\KG\EA\NALA\nala\target\classes\bak\pcj\adapter\DoubleKeyByteMapToMapAdapter$EntrySet$1.class", "Java", 0, 0, 0, 0, 15, 0, 0, 0, 1, 16
"d:\KG\EA\NALA\nala\target\classes\bak\pcj\adapter\DoubleKeyByteMapToMapAdapter$EntrySet.class", "Java", 0, 0, 0, 0, 18, 0, 0, 0, 0, 18
"d:\KG\EA\NALA\nala\target\classes\bak\pcj\adapter\DoubleKeyByteMapToMapAdapter.class", "Java", 0, 0, 0, 0, 33, 0, 0, 0, 0, 33
"d:\KG\EA\NALA\nala\target\classes\bak\pcj\adapter\DoubleKeyCharMapToMapAdapter$Entry.class", "Java", 0, 0, 0, 0, 21, 0, 0, 0, 0, 21
"d:\KG\EA\NALA\nala\target\classes\bak\pcj\adapter\DoubleKeyCharMapToMapAdapter$EntrySet$1.class", "Java", 0, 0, 0, 0, 15, 0, 0, 0, 1, 16
"d:\KG\EA\NALA\nala\target\classes\bak\pcj\adapter\DoubleKeyCharMapToMapAdapter$EntrySet.class", "Java", 0, 0, 0, 0, 18, 0, 0, 0, 0, 18
"d:\KG\EA\NALA\nala\target\classes\bak\pcj\adapter\DoubleKeyCharMapToMapAdapter.class", "Java", 0, 0, 0, 0, 33, 0, 0, 0, 0, 33
"d:\KG\EA\NALA\nala\target\classes\bak\pcj\adapter\DoubleKeyDoubleMapToMapAdapter$Entry.class", "Java", 0, 0, 0, 0, 15, 0, 0, 0, 0, 15
"d:\KG\EA\NALA\nala\target\classes\bak\pcj\adapter\DoubleKeyDoubleMapToMapAdapter$EntrySet$1.class", "Java", 0, 0, 0, 0, 15, 0, 0, 0, 1, 16
"d:\KG\EA\NALA\nala\target\classes\bak\pcj\adapter\DoubleKeyDoubleMapToMapAdapter$EntrySet.class", "Java", 0, 0, 0, 0, 18, 0, 0, 0, 0, 18
"d:\KG\EA\NALA\nala\target\classes\bak\pcj\adapter\DoubleKeyDoubleMapToMapAdapter.class", "Java", 0, 0, 0, 0, 33, 0, 0, 0, 0, 33
"d:\KG\EA\NALA\nala\target\classes\bak\pcj\adapter\DoubleKeyFloatMapToMapAdapter$Entry.class", "Java", 0, 0, 0, 0, 22, 0, 0, 0, 0, 22
"d:\KG\EA\NALA\nala\target\classes\bak\pcj\adapter\DoubleKeyFloatMapToMapAdapter$EntrySet$1.class", "Java", 0, 0, 0, 0, 15, 0, 0, 0, 1, 16
"d:\KG\EA\NALA\nala\target\classes\bak\pcj\adapter\DoubleKeyFloatMapToMapAdapter$EntrySet.class", "Java", 0, 0, 0, 0, 18, 0, 0, 0, 0, 18
"d:\KG\EA\NALA\nala\target\classes\bak\pcj\adapter\DoubleKeyFloatMapToMapAdapter.class", "Java", 0, 0, 0, 0, 34, 0, 0, 0, 0, 34
"d:\KG\EA\NALA\nala\target\classes\bak\pcj\adapter\DoubleKeyIntMapToMapAdapter$Entry.class", "Java", 0, 0, 0, 0, 21, 0, 0, 0, 0, 21
"d:\KG\EA\NALA\nala\target\classes\bak\pcj\adapter\DoubleKeyIntMapToMapAdapter$EntrySet$1.class", "Java", 0, 0, 0, 0, 15, 0, 0, 0, 1, 16
"d:\KG\EA\NALA\nala\target\classes\bak\pcj\adapter\DoubleKeyIntMapToMapAdapter$EntrySet.class", "Java", 0, 0, 0, 0, 18, 0, 0, 0, 0, 18
"d:\KG\EA\NALA\nala\target\classes\bak\pcj\adapter\DoubleKeyIntMapToMapAdapter.class", "Java", 0, 0, 0, 0, 34, 0, 0, 0, 0, 34
"d:\KG\EA\NALA\nala\target\classes\bak\pcj\adapter\DoubleKeyLongMapToMapAdapter$Entry.class", "Java", 0, 0, 0, 0, 21, 0, 0, 0, 0, 21
"d:\KG\EA\NALA\nala\target\classes\bak\pcj\adapter\DoubleKeyLongMapToMapAdapter$EntrySet$1.class", "Java", 0, 0, 0, 0, 15, 0, 0, 0, 1, 16
"d:\KG\EA\NALA\nala\target\classes\bak\pcj\adapter\DoubleKeyLongMapToMapAdapter$EntrySet.class", "Java", 0, 0, 0, 0, 18, 0, 0, 0, 0, 18
"d:\KG\EA\NALA\nala\target\classes\bak\pcj\adapter\DoubleKeyLongMapToMapAdapter.class", "Java", 0, 0, 0, 0, 33, 0, 0, 0, 0, 33
"d:\KG\EA\NALA\nala\target\classes\bak\pcj\adapter\DoubleKeyMapToMapAdapter$Entry.class", "Java", 0, 0, 0, 0, 22, 0, 0, 0, 0, 22
"d:\KG\EA\NALA\nala\target\classes\bak\pcj\adapter\DoubleKeyMapToMapAdapter$EntrySet$1.class", "Java", 0, 0, 0, 0, 15, 0, 0, 0, 1, 16
"d:\KG\EA\NALA\nala\target\classes\bak\pcj\adapter\DoubleKeyMapToMapAdapter$EntrySet.class", "Java", 0, 0, 0, 0, 18, 0, 0, 0, 0, 18
"d:\KG\EA\NALA\nala\target\classes\bak\pcj\adapter\DoubleKeyMapToMapAdapter.class", "Java", 0, 0, 0, 0, 31, 0, 0, 0, 0, 31
"d:\KG\EA\NALA\nala\target\classes\bak\pcj\adapter\DoubleKeyShortMapToMapAdapter$Entry.class", "Java", 0, 0, 0, 0, 22, 0, 0, 0, 0, 22
"d:\KG\EA\NALA\nala\target\classes\bak\pcj\adapter\DoubleKeyShortMapToMapAdapter$EntrySet$1.class", "Java", 0, 0, 0, 0, 15, 0, 0, 0, 1, 16
"d:\KG\EA\NALA\nala\target\classes\bak\pcj\adapter\DoubleKeyShortMapToMapAdapter$EntrySet.class", "Java", 0, 0, 0, 0, 18, 0, 0, 0, 0, 18
"d:\KG\EA\NALA\nala\target\classes\bak\pcj\adapter\DoubleKeyShortMapToMapAdapter.class", "Java", 0, 0, 0, 0, 34, 0, 0, 0, 0, 34
"d:\KG\EA\NALA\nala\target\classes\bak\pcj\adapter\DoubleListIteratorToListIteratorAdapter.class", "Java", 0, 0, 0, 0, 23, 0, 0, 0, 0, 23
"d:\KG\EA\NALA\nala\target\classes\bak\pcj\adapter\DoubleListToListAdapter.class", "Java", 0, 0, 0, 0, 22, 0, 0, 0, 0, 22
"d:\KG\EA\NALA\nala\target\classes\bak\pcj\adapter\DoubleSetToSetAdapter.class", "Java", 0, 0, 0, 0, 20, 0, 0, 0, 0, 20
"d:\KG\EA\NALA\nala\target\classes\bak\pcj\adapter\DoubleSortedSetToSortedSetAdapter.class", "Java", 0, 0, 0, 0, 16, 0, 0, 0, 0, 16
"d:\KG\EA\NALA\nala\target\classes\bak\pcj\adapter\FloatCollectionToCollectionAdapter.class", "Java", 0, 0, 0, 0, 25, 0, 0, 0, 0, 25
"d:\KG\EA\NALA\nala\target\classes\bak\pcj\adapter\FloatIteratorToIteratorAdapter.class", "Java", 0, 0, 0, 0, 14, 0, 0, 0, 0, 14
"d:\KG\EA\NALA\nala\target\classes\bak\pcj\adapter\FloatKeyBooleanMapToMapAdapter$Entry.class", "Java", 0, 0, 0, 0, 22, 0, 0, 0, 0, 22
"d:\KG\EA\NALA\nala\target\classes\bak\pcj\adapter\FloatKeyBooleanMapToMapAdapter$EntrySet$1.class", "Java", 0, 0, 0, 0, 15, 0, 0, 0, 1, 16
"d:\KG\EA\NALA\nala\target\classes\bak\pcj\adapter\FloatKeyBooleanMapToMapAdapter$EntrySet.class", "Java", 0, 0, 0, 0, 18, 0, 0, 0, 0, 18
"d:\KG\EA\NALA\nala\target\classes\bak\pcj\adapter\FloatKeyBooleanMapToMapAdapter.class", "Java", 0, 0, 0, 0, 34, 0, 0, 0, 0, 34
"d:\KG\EA\NALA\nala\target\classes\bak\pcj\adapter\FloatKeyByteMapToMapAdapter$Entry.class", "Java", 0, 0, 0, 0, 22, 0, 0, 0, 0, 22
"d:\KG\EA\NALA\nala\target\classes\bak\pcj\adapter\FloatKeyByteMapToMapAdapter$EntrySet$1.class", "Java", 0, 0, 0, 0, 15, 0, 0, 0, 1, 16
"d:\KG\EA\NALA\nala\target\classes\bak\pcj\adapter\FloatKeyByteMapToMapAdapter$EntrySet.class", "Java", 0, 0, 0, 0, 18, 0, 0, 0, 0, 18
"d:\KG\EA\NALA\nala\target\classes\bak\pcj\adapter\FloatKeyByteMapToMapAdapter.class", "Java", 0, 0, 0, 0, 34, 0, 0, 0, 0, 34
"d:\KG\EA\NALA\nala\target\classes\bak\pcj\adapter\FloatKeyCharMapToMapAdapter$Entry.class", "Java", 0, 0, 0, 0, 22, 0, 0, 0, 0, 22
"d:\KG\EA\NALA\nala\target\classes\bak\pcj\adapter\FloatKeyCharMapToMapAdapter$EntrySet$1.class", "Java", 0, 0, 0, 0, 15, 0, 0, 0, 1, 16
"d:\KG\EA\NALA\nala\target\classes\bak\pcj\adapter\FloatKeyCharMapToMapAdapter$EntrySet.class", "Java", 0, 0, 0, 0, 18, 0, 0, 0, 0, 18
"d:\KG\EA\NALA\nala\target\classes\bak\pcj\adapter\FloatKeyCharMapToMapAdapter.class", "Java", 0, 0, 0, 0, 34, 0, 0, 0, 0, 34
"d:\KG\EA\NALA\nala\target\classes\bak\pcj\adapter\FloatKeyDoubleMapToMapAdapter$Entry.class", "Java", 0, 0, 0, 0, 22, 0, 0, 0, 0, 22
"d:\KG\EA\NALA\nala\target\classes\bak\pcj\adapter\FloatKeyDoubleMapToMapAdapter$EntrySet$1.class", "Java", 0, 0, 0, 0, 15, 0, 0, 0, 1, 16
"d:\KG\EA\NALA\nala\target\classes\bak\pcj\adapter\FloatKeyDoubleMapToMapAdapter$EntrySet.class", "Java", 0, 0, 0, 0, 18, 0, 0, 0, 0, 18
"d:\KG\EA\NALA\nala\target\classes\bak\pcj\adapter\FloatKeyDoubleMapToMapAdapter.class", "Java", 0, 0, 0, 0, 35, 0, 0, 0, 0, 35
"d:\KG\EA\NALA\nala\target\classes\bak\pcj\adapter\FloatKeyFloatMapToMapAdapter$Entry.class", "Java", 0, 0, 0, 0, 16, 0, 0, 0, 0, 16
"d:\KG\EA\NALA\nala\target\classes\bak\pcj\adapter\FloatKeyFloatMapToMapAdapter$EntrySet$1.class", "Java", 0, 0, 0, 0, 15, 0, 0, 0, 1, 16
"d:\KG\EA\NALA\nala\target\classes\bak\pcj\adapter\FloatKeyFloatMapToMapAdapter$EntrySet.class", "Java", 0, 0, 0, 0, 18, 0, 0, 0, 0, 18
"d:\KG\EA\NALA\nala\target\classes\bak\pcj\adapter\FloatKeyFloatMapToMapAdapter.class", "Java", 0, 0, 0, 0, 33, 0, 0, 0, 0, 33
"d:\KG\EA\NALA\nala\target\classes\bak\pcj\adapter\FloatKeyIntMapToMapAdapter$Entry.class", "Java", 0, 0, 0, 0, 22, 0, 0, 0, 0, 22
"d:\KG\EA\NALA\nala\target\classes\bak\pcj\adapter\FloatKeyIntMapToMapAdapter$EntrySet$1.class", "Java", 0, 0, 0, 0, 15, 0, 0, 0, 1, 16
"d:\KG\EA\NALA\nala\target\classes\bak\pcj\adapter\FloatKeyIntMapToMapAdapter$EntrySet.class", "Java", 0, 0, 0, 0, 18, 0, 0, 0, 0, 18
"d:\KG\EA\NALA\nala\target\classes\bak\pcj\adapter\FloatKeyIntMapToMapAdapter.class", "Java", 0, 0, 0, 0, 35, 0, 0, 0, 0, 35
"d:\KG\EA\NALA\nala\target\classes\bak\pcj\adapter\FloatKeyLongMapToMapAdapter$Entry.class", "Java", 0, 0, 0, 0, 22, 0, 0, 0, 0, 22
"d:\KG\EA\NALA\nala\target\classes\bak\pcj\adapter\FloatKeyLongMapToMapAdapter$EntrySet$1.class", "Java", 0, 0, 0, 0, 15, 0, 0, 0, 1, 16
"d:\KG\EA\NALA\nala\target\classes\bak\pcj\adapter\FloatKeyLongMapToMapAdapter$EntrySet.class", "Java", 0, 0, 0, 0, 18, 0, 0, 0, 0, 18
"d:\KG\EA\NALA\nala\target\classes\bak\pcj\adapter\FloatKeyLongMapToMapAdapter.class", "Java", 0, 0, 0, 0, 34, 0, 0, 0, 0, 34
"d:\KG\EA\NALA\nala\target\classes\bak\pcj\adapter\FloatKeyMapToMapAdapter$Entry.class", "Java", 0, 0, 0, 0, 23, 0, 0, 0, 0, 23
"d:\KG\EA\NALA\nala\target\classes\bak\pcj\adapter\FloatKeyMapToMapAdapter$EntrySet$1.class", "Java", 0, 0, 0, 0, 15, 0, 0, 0, 1, 16
"d:\KG\EA\NALA\nala\target\classes\bak\pcj\adapter\FloatKeyMapToMapAdapter$EntrySet.class", "Java", 0, 0, 0, 0, 18, 0, 0, 0, 0, 18
"d:\KG\EA\NALA\nala\target\classes\bak\pcj\adapter\FloatKeyMapToMapAdapter.class", "Java", 0, 0, 0, 0, 32, 0, 0, 0, 0, 32
"d:\KG\EA\NALA\nala\target\classes\bak\pcj\adapter\FloatKeyShortMapToMapAdapter$Entry.class", "Java", 0, 0, 0, 0, 23, 0, 0, 0, 0, 23
"d:\KG\EA\NALA\nala\target\classes\bak\pcj\adapter\FloatKeyShortMapToMapAdapter$EntrySet$1.class", "Java", 0, 0, 0, 0, 15, 0, 0, 0, 1, 16
"d:\KG\EA\NALA\nala\target\classes\bak\pcj\adapter\FloatKeyShortMapToMapAdapter$EntrySet.class", "Java", 0, 0, 0, 0, 18, 0, 0, 0, 0, 18
"d:\KG\EA\NALA\nala\target\classes\bak\pcj\adapter\FloatKeyShortMapToMapAdapter.class", "Java", 0, 0, 0, 0, 35, 0, 0, 0, 0, 35
"d:\KG\EA\NALA\nala\target\classes\bak\pcj\adapter\FloatListIteratorToListIteratorAdapter.class", "Java", 0, 0, 0, 0, 24, 0, 0, 0, 0, 24
"d:\KG\EA\NALA\nala\target\classes\bak\pcj\adapter\FloatListToListAdapter.class", "Java", 0, 0, 0, 0, 23, 0, 0, 0, 0, 23
"d:\KG\EA\NALA\nala\target\classes\bak\pcj\adapter\FloatSetToSetAdapter.class", "Java", 0, 0, 0, 0, 21, 0, 0, 0, 0, 21
"d:\KG\EA\NALA\nala\target\classes\bak\pcj\adapter\FloatSortedSetToSortedSetAdapter.class", "Java", 0, 0, 0, 0, 17, 0, 0, 0, 0, 17
"d:\KG\EA\NALA\nala\target\classes\bak\pcj\adapter\IntCollectionToCollectionAdapter.class", "Java", 0, 0, 0, 0, 24, 0, 0, 0, 0, 24
"d:\KG\EA\NALA\nala\target\classes\bak\pcj\adapter\IntIteratorToIteratorAdapter.class", "Java", 0, 0, 0, 0, 14, 0, 0, 0, 0, 14
"d:\KG\EA\NALA\nala\target\classes\bak\pcj\adapter\IntKeyBooleanMapToMapAdapter$Entry.class", "Java", 0, 0, 0, 0, 21, 0, 0, 0, 0, 21
"d:\KG\EA\NALA\nala\target\classes\bak\pcj\adapter\IntKeyBooleanMapToMapAdapter$EntrySet$1.class", "Java", 0, 0, 0, 0, 15, 0, 0, 0, 1, 16
"d:\KG\EA\NALA\nala\target\classes\bak\pcj\adapter\IntKeyBooleanMapToMapAdapter$EntrySet.class", "Java", 0, 0, 0, 0, 18, 0, 0, 0, 0, 18
"d:\KG\EA\NALA\nala\target\classes\bak\pcj\adapter\IntKeyBooleanMapToMapAdapter.class", "Java", 0, 0, 0, 0, 33, 0, 0, 0, 0, 33
"d:\KG\EA\NALA\nala\target\classes\bak\pcj\adapter\IntKeyByteMapToMapAdapter$Entry.class", "Java", 0, 0, 0, 0, 21, 0, 0, 0, 0, 21
"d:\KG\EA\NALA\nala\target\classes\bak\pcj\adapter\IntKeyByteMapToMapAdapter$EntrySet$1.class", "Java", 0, 0, 0, 0, 15, 0, 0, 0, 1, 16
"d:\KG\EA\NALA\nala\target\classes\bak\pcj\adapter\IntKeyByteMapToMapAdapter$EntrySet.class", "Java", 0, 0, 0, 0, 18, 0, 0, 0, 0, 18
"d:\KG\EA\NALA\nala\target\classes\bak\pcj\adapter\IntKeyByteMapToMapAdapter.class", "Java", 0, 0, 0, 0, 33, 0, 0, 0, 0, 33
"d:\KG\EA\NALA\nala\target\classes\bak\pcj\adapter\IntKeyCharMapToMapAdapter$Entry.class", "Java", 0, 0, 0, 0, 21, 0, 0, 0, 0, 21
"d:\KG\EA\NALA\nala\target\classes\bak\pcj\adapter\IntKeyCharMapToMapAdapter$EntrySet$1.class", "Java", 0, 0, 0, 0, 15, 0, 0, 0, 1, 16
"d:\KG\EA\NALA\nala\target\classes\bak\pcj\adapter\IntKeyCharMapToMapAdapter$EntrySet.class", "Java", 0, 0, 0, 0, 18, 0, 0, 0, 0, 18
"d:\KG\EA\NALA\nala\target\classes\bak\pcj\adapter\IntKeyCharMapToMapAdapter.class", "Java", 0, 0, 0, 0, 33, 0, 0, 0, 0, 33
"d:\KG\EA\NALA\nala\target\classes\bak\pcj\adapter\IntKeyDoubleMapToMapAdapter$Entry.class", "Java", 0, 0, 0, 0, 21, 0, 0, 0, 0, 21
"d:\KG\EA\NALA\nala\target\classes\bak\pcj\adapter\IntKeyDoubleMapToMapAdapter$EntrySet$1.class", "Java", 0, 0, 0, 0, 15, 0, 0, 0, 1, 16
"d:\KG\EA\NALA\nala\target\classes\bak\pcj\adapter\IntKeyDoubleMapToMapAdapter$EntrySet.class", "Java", 0, 0, 0, 0, 18, 0, 0, 0, 0, 18
"d:\KG\EA\NALA\nala\target\classes\bak\pcj\adapter\IntKeyDoubleMapToMapAdapter.class", "Java", 0, 0, 0, 0, 34, 0, 0, 0, 0, 34
"d:\KG\EA\NALA\nala\target\classes\bak\pcj\adapter\IntKeyFloatMapToMapAdapter$Entry.class", "Java", 0, 0, 0, 0, 22, 0, 0, 0, 0, 22
"d:\KG\EA\NALA\nala\target\classes\bak\pcj\adapter\IntKeyFloatMapToMapAdapter$EntrySet$1.class", "Java", 0, 0, 0, 0, 15, 0, 0, 0, 1, 16
"d:\KG\EA\NALA\nala\target\classes\bak\pcj\adapter\IntKeyFloatMapToMapAdapter$EntrySet.class", "Java", 0, 0, 0, 0, 18, 0, 0, 0, 0, 18
"d:\KG\EA\NALA\nala\target\classes\bak\pcj\adapter\IntKeyFloatMapToMapAdapter.class", "Java", 0, 0, 0, 0, 34, 0, 0, 0, 0, 34
"d:\KG\EA\NALA\nala\target\classes\bak\pcj\adapter\IntKeyIntMapToMapAdapter$Entry.class", "Java", 0, 0, 0, 0, 15, 0, 0, 0, 0, 15
"d:\KG\EA\NALA\nala\target\classes\bak\pcj\adapter\IntKeyIntMapToMapAdapter$EntrySet$1.class", "Java", 0, 0, 0, 0, 15, 0, 0, 0, 1, 16
"d:\KG\EA\NALA\nala\target\classes\bak\pcj\adapter\IntKeyIntMapToMapAdapter$EntrySet.class", "Java", 0, 0, 0, 0, 18, 0, 0, 0, 0, 18
"d:\KG\EA\NALA\nala\target\classes\bak\pcj\adapter\IntKeyIntMapToMapAdapter.class", "Java", 0, 0, 0, 0, 33, 0, 0, 0, 0, 33
"d:\KG\EA\NALA\nala\target\classes\bak\pcj\adapter\IntKeyLongMapToMapAdapter$Entry.class", "Java", 0, 0, 0, 0, 21, 0, 0, 0, 0, 21
"d:\KG\EA\NALA\nala\target\classes\bak\pcj\adapter\IntKeyLongMapToMapAdapter$EntrySet$1.class", "Java", 0, 0, 0, 0, 15, 0, 0, 0, 1, 16
"d:\KG\EA\NALA\nala\target\classes\bak\pcj\adapter\IntKeyLongMapToMapAdapter$EntrySet.class", "Java", 0, 0, 0, 0, 18, 0, 0, 0, 0, 18
"d:\KG\EA\NALA\nala\target\classes\bak\pcj\adapter\IntKeyLongMapToMapAdapter.class", "Java", 0, 0, 0, 0, 33, 0, 0, 0, 0, 33
"d:\KG\EA\NALA\nala\target\classes\bak\pcj\adapter\IntKeyMapToMapAdapter$Entry.class", "Java", 0, 0, 0, 0, 22, 0, 0, 0, 0, 22
"d:\KG\EA\NALA\nala\target\classes\bak\pcj\adapter\IntKeyMapToMapAdapter$EntrySet$1.class", "Java", 0, 0, 0, 0, 15, 0, 0, 0, 1, 16
"d:\KG\EA\NALA\nala\target\classes\bak\pcj\adapter\IntKeyMapToMapAdapter$EntrySet.class", "Java", 0, 0, 0, 0, 18, 0, 0, 0, 0, 18
"d:\KG\EA\NALA\nala\target\classes\bak\pcj\adapter\IntKeyMapToMapAdapter.class", "Java", 0, 0, 0, 0, 31, 0, 0, 0, 0, 31
"d:\KG\EA\NALA\nala\target\classes\bak\pcj\adapter\IntKeyShortMapToMapAdapter$Entry.class", "Java", 0, 0, 0, 0, 22, 0, 0, 0, 0, 22
"d:\KG\EA\NALA\nala\target\classes\bak\pcj\adapter\IntKeyShortMapToMapAdapter$EntrySet$1.class", "Java", 0, 0, 0, 0, 15, 0, 0, 0, 1, 16
"d:\KG\EA\NALA\nala\target\classes\bak\pcj\adapter\IntKeyShortMapToMapAdapter$EntrySet.class", "Java", 0, 0, 0, 0, 18, 0, 0, 0, 0, 18
"d:\KG\EA\NALA\nala\target\classes\bak\pcj\adapter\IntKeyShortMapToMapAdapter.class", "Java", 0, 0, 0, 0, 34, 0, 0, 0, 0, 34
"d:\KG\EA\NALA\nala\target\classes\bak\pcj\adapter\IntListIteratorToListIteratorAdapter.class", "Java", 0, 0, 0, 0, 23, 0, 0, 0, 0, 23
"d:\KG\EA\NALA\nala\target\classes\bak\pcj\adapter\IntListToListAdapter.class", "Java", 0, 0, 0, 0, 22, 0, 0, 0, 0, 22
"d:\KG\EA\NALA\nala\target\classes\bak\pcj\adapter\IntSetToSetAdapter.class", "Java", 0, 0, 0, 0, 20, 0, 0, 0, 0, 20
"d:\KG\EA\NALA\nala\target\classes\bak\pcj\adapter\IntSortedSetToSortedSetAdapter.class", "Java", 0, 0, 0, 0, 16, 0, 0, 0, 0, 16
"d:\KG\EA\NALA\nala\target\classes\bak\pcj\adapter\IteratorToBooleanIteratorAdapter.class", "Java", 0, 0, 0, 0, 14, 0, 0, 0, 0, 14
"d:\KG\EA\NALA\nala\target\classes\bak\pcj\adapter\IteratorToByteIteratorAdapter.class", "Java", 0, 0, 0, 0, 14, 0, 0, 0, 0, 14
"d:\KG\EA\NALA\nala\target\classes\bak\pcj\adapter\IteratorToCharIteratorAdapter.class", "Java", 0, 0, 0, 0, 14, 0, 0, 0, 0, 14
"d:\KG\EA\NALA\nala\target\classes\bak\pcj\adapter\IteratorToDoubleIteratorAdapter.class", "Java", 0, 0, 0, 0, 14, 0, 0, 0, 0, 14
"d:\KG\EA\NALA\nala\target\classes\bak\pcj\adapter\IteratorToFloatIteratorAdapter.class", "Java", 0, 0, 0, 0, 15, 0, 0, 0, 0, 15
"d:\KG\EA\NALA\nala\target\classes\bak\pcj\adapter\IteratorToIntIteratorAdapter.class", "Java", 0, 0, 0, 0, 14, 0, 0, 0, 0, 14
"d:\KG\EA\NALA\nala\target\classes\bak\pcj\adapter\IteratorToLongIteratorAdapter.class", "Java", 0, 0, 0, 0, 14, 0, 0, 0, 0, 14
"d:\KG\EA\NALA\nala\target\classes\bak\pcj\adapter\IteratorToShortIteratorAdapter.class", "Java", 0, 0, 0, 0, 15, 0, 0, 0, 0, 15
"d:\KG\EA\NALA\nala\target\classes\bak\pcj\adapter\ListIteratorToBooleanListIteratorAdapter.class", "Java", 0, 0, 0, 0, 23, 0, 0, 0, 0, 23
"d:\KG\EA\NALA\nala\target\classes\bak\pcj\adapter\ListIteratorToByteListIteratorAdapter.class", "Java", 0, 0, 0, 0, 23, 0, 0, 0, 0, 23
"d:\KG\EA\NALA\nala\target\classes\bak\pcj\adapter\ListIteratorToCharListIteratorAdapter.class", "Java", 0, 0, 0, 0, 23, 0, 0, 0, 0, 23
"d:\KG\EA\NALA\nala\target\classes\bak\pcj\adapter\ListIteratorToDoubleListIteratorAdapter.class", "Java", 0, 0, 0, 0, 23, 0, 0, 0, 0, 23
"d:\KG\EA\NALA\nala\target\classes\bak\pcj\adapter\ListIteratorToFloatListIteratorAdapter.class", "Java", 0, 0, 0, 0, 24, 0, 0, 0, 0, 24
"d:\KG\EA\NALA\nala\target\classes\bak\pcj\adapter\ListIteratorToIntListIteratorAdapter.class", "Java", 0, 0, 0, 0, 23, 0, 0, 0, 0, 23
"d:\KG\EA\NALA\nala\target\classes\bak\pcj\adapter\ListIteratorToLongListIteratorAdapter.class", "Java", 0, 0, 0, 0, 23, 0, 0, 0, 0, 23
"d:\KG\EA\NALA\nala\target\classes\bak\pcj\adapter\ListIteratorToShortListIteratorAdapter.class", "Java", 0, 0, 0, 0, 24, 0, 0, 0, 0, 24
"d:\KG\EA\NALA\nala\target\classes\bak\pcj\adapter\ListToBooleanListAdapter.class", "Java", 0, 0, 0, 0, 32, 0, 0, 0, 0, 32
"d:\KG\EA\NALA\nala\target\classes\bak\pcj\adapter\ListToByteListAdapter.class", "Java", 0, 0, 0, 0, 32, 0, 0, 0, 0, 32
"d:\KG\EA\NALA\nala\target\classes\bak\pcj\adapter\ListToCharListAdapter.class", "Java", 0, 0, 0, 0, 32, 0, 0, 0, 0, 32
"d:\KG\EA\NALA\nala\target\classes\bak\pcj\adapter\ListToDoubleListAdapter.class", "Java", 0, 0, 0, 0, 32, 0, 0, 0, 0, 32
"d:\KG\EA\NALA\nala\target\classes\bak\pcj\adapter\ListToFloatListAdapter.class", "Java", 0, 0, 0, 0, 33, 0, 0, 0, 0, 33
"d:\KG\EA\NALA\nala\target\classes\bak\pcj\adapter\ListToIntListAdapter.class", "Java", 0, 0, 0, 0, 32, 0, 0, 0, 0, 32
"d:\KG\EA\NALA\nala\target\classes\bak\pcj\adapter\ListToLongListAdapter.class", "Java", 0, 0, 0, 0, 32, 0, 0, 0, 0, 32
"d:\KG\EA\NALA\nala\target\classes\bak\pcj\adapter\ListToShortListAdapter.class", "Java", 0, 0, 0, 0, 33, 0, 0, 0, 0, 33
"d:\KG\EA\NALA\nala\target\classes\bak\pcj\adapter\LongCollectionToCollectionAdapter.class", "Java", 0, 0, 0, 0, 24, 0, 0, 0, 0, 24
"d:\KG\EA\NALA\nala\target\classes\bak\pcj\adapter\LongIteratorToIteratorAdapter.class", "Java", 0, 0, 0, 0, 14, 0, 0, 0, 0, 14
"d:\KG\EA\NALA\nala\target\classes\bak\pcj\adapter\LongKeyBooleanMapToMapAdapter$Entry.class", "Java", 0, 0, 0, 0, 21, 0, 0, 0, 0, 21
"d:\KG\EA\NALA\nala\target\classes\bak\pcj\adapter\LongKeyBooleanMapToMapAdapter$EntrySet$1.class", "Java", 0, 0, 0, 0, 15, 0, 0, 0, 1, 16
"d:\KG\EA\NALA\nala\target\classes\bak\pcj\adapter\LongKeyBooleanMapToMapAdapter$EntrySet.class", "Java", 0, 0, 0, 0, 18, 0, 0, 0, 0, 18
"d:\KG\EA\NALA\nala\target\classes\bak\pcj\adapter\LongKeyBooleanMapToMapAdapter.class", "Java", 0, 0, 0, 0, 33, 0, 0, 0, 0, 33
"d:\KG\EA\NALA\nala\target\classes\bak\pcj\adapter\LongKeyByteMapToMapAdapter$Entry.class", "Java", 0, 0, 0, 0, 21, 0, 0, 0, 0, 21
"d:\KG\EA\NALA\nala\target\classes\bak\pcj\adapter\LongKeyByteMapToMapAdapter$EntrySet$1.class", "Java", 0, 0, 0, 0, 15, 0, 0, 0, 1, 16
"d:\KG\EA\NALA\nala\target\classes\bak\pcj\adapter\LongKeyByteMapToMapAdapter$EntrySet.class", "Java", 0, 0, 0, 0, 18, 0, 0, 0, 0, 18
"d:\KG\EA\NALA\nala\target\classes\bak\pcj\adapter\LongKeyByteMapToMapAdapter.class", "Java", 0, 0, 0, 0, 33, 0, 0, 0, 0, 33
"d:\KG\EA\NALA\nala\target\classes\bak\pcj\adapter\LongKeyCharMapToMapAdapter$Entry.class", "Java", 0, 0, 0, 0, 21, 0, 0, 0, 0, 21
"d:\KG\EA\NALA\nala\target\classes\bak\pcj\adapter\LongKeyCharMapToMapAdapter$EntrySet$1.class", "Java", 0, 0, 0, 0, 15, 0, 0, 0, 1, 16
"d:\KG\EA\NALA\nala\target\classes\bak\pcj\adapter\LongKeyCharMapToMapAdapter$EntrySet.class", "Java", 0, 0, 0, 0, 18, 0, 0, 0, 0, 18
"d:\KG\EA\NALA\nala\target\classes\bak\pcj\adapter\LongKeyCharMapToMapAdapter.class", "Java", 0, 0, 0, 0, 33, 0, 0, 0, 0, 33
"d:\KG\EA\NALA\nala\target\classes\bak\pcj\adapter\LongKeyDoubleMapToMapAdapter$Entry.class", "Java", 0, 0, 0, 0, 21, 0, 0, 0, 0, 21
"d:\KG\EA\NALA\nala\target\classes\bak\pcj\adapter\LongKeyDoubleMapToMapAdapter$EntrySet$1.class", "Java", 0, 0, 0, 0, 15, 0, 0, 0, 1, 16
"d:\KG\EA\NALA\nala\target\classes\bak\pcj\adapter\LongKeyDoubleMapToMapAdapter$EntrySet.class", "Java", 0, 0, 0, 0, 18, 0, 0, 0, 0, 18
"d:\KG\EA\NALA\nala\target\classes\bak\pcj\adapter\LongKeyDoubleMapToMapAdapter.class", "Java", 0, 0, 0, 0, 34, 0, 0, 0, 0, 34
"d:\KG\EA\NALA\nala\target\classes\bak\pcj\adapter\LongKeyFloatMapToMapAdapter$Entry.class", "Java", 0, 0, 0, 0, 22, 0, 0, 0, 0, 22
"d:\KG\EA\NALA\nala\target\classes\bak\pcj\adapter\LongKeyFloatMapToMapAdapter$EntrySet$1.class", "Java", 0, 0, 0, 0, 15, 0, 0, 0, 1, 16
"d:\KG\EA\NALA\nala\target\classes\bak\pcj\adapter\LongKeyFloatMapToMapAdapter$EntrySet.class", "Java", 0, 0, 0, 0, 18, 0, 0, 0, 0, 18
"d:\KG\EA\NALA\nala\target\classes\bak\pcj\adapter\LongKeyFloatMapToMapAdapter.class", "Java", 0, 0, 0, 0, 34, 0, 0, 0, 0, 34
"d:\KG\EA\NALA\nala\target\classes\bak\pcj\adapter\LongKeyIntMapToMapAdapter$Entry.class", "Java", 0, 0, 0, 0, 21, 0, 0, 0, 0, 21
"d:\KG\EA\NALA\nala\target\classes\bak\pcj\adapter\LongKeyIntMapToMapAdapter$EntrySet$1.class", "Java", 0, 0, 0, 0, 15, 0, 0, 0, 1, 16
"d:\KG\EA\NALA\nala\target\classes\bak\pcj\adapter\LongKeyIntMapToMapAdapter$EntrySet.class", "Java", 0, 0, 0, 0, 18, 0, 0, 0, 0, 18
"d:\KG\EA\NALA\nala\target\classes\bak\pcj\adapter\LongKeyIntMapToMapAdapter.class", "Java", 0, 0, 0, 0, 34, 0, 0, 0, 0, 34
"d:\KG\EA\NALA\nala\target\classes\bak\pcj\adapter\LongKeyLongMapToMapAdapter$Entry.class", "Java", 0, 0, 0, 0, 15, 0, 0, 0, 0, 15
"d:\KG\EA\NALA\nala\target\classes\bak\pcj\adapter\LongKeyLongMapToMapAdapter$EntrySet$1.class", "Java", 0, 0, 0, 0, 15, 0, 0, 0, 1, 16
"d:\KG\EA\NALA\nala\target\classes\bak\pcj\adapter\LongKeyLongMapToMapAdapter$EntrySet.class", "Java", 0, 0, 0, 0, 18, 0, 0, 0, 0, 18
"d:\KG\EA\NALA\nala\target\classes\bak\pcj\adapter\LongKeyLongMapToMapAdapter.class", "Java", 0, 0, 0, 0, 32, 0, 0, 0, 0, 32
"d:\KG\EA\NALA\nala\target\classes\bak\pcj\adapter\LongKeyMapToMapAdapter$Entry.class", "Java", 0, 0, 0, 0, 22, 0, 0, 0, 0, 22
"d:\KG\EA\NALA\nala\target\classes\bak\pcj\adapter\LongKeyMapToMapAdapter$EntrySet$1.class", "Java", 0, 0, 0, 0, 15, 0, 0, 0, 1, 16
"d:\KG\EA\NALA\nala\target\classes\bak\pcj\adapter\LongKeyMapToMapAdapter$EntrySet.class", "Java", 0, 0, 0, 0, 18, 0, 0, 0, 0, 18
"d:\KG\EA\NALA\nala\target\classes\bak\pcj\adapter\LongKeyMapToMapAdapter.class", "Java", 0, 0, 0, 0, 31, 0, 0, 0, 0, 31
"d:\KG\EA\NALA\nala\target\classes\bak\pcj\adapter\LongKeyShortMapToMapAdapter$Entry.class", "Java", 0, 0, 0, 0, 22, 0, 0, 0, 0, 22
"d:\KG\EA\NALA\nala\target\classes\bak\pcj\adapter\LongKeyShortMapToMapAdapter$EntrySet$1.class", "Java", 0, 0, 0, 0, 15, 0, 0, 0, 1, 16
"d:\KG\EA\NALA\nala\target\classes\bak\pcj\adapter\LongKeyShortMapToMapAdapter$EntrySet.class", "Java", 0, 0, 0, 0, 18, 0, 0, 0, 0, 18
"d:\KG\EA\NALA\nala\target\classes\bak\pcj\adapter\LongKeyShortMapToMapAdapter.class", "Java", 0, 0, 0, 0, 34, 0, 0, 0, 0, 34
"d:\KG\EA\NALA\nala\target\classes\bak\pcj\adapter\LongListIteratorToListIteratorAdapter.class", "Java", 0, 0, 0, 0, 23, 0, 0, 0, 0, 23
"d:\KG\EA\NALA\nala\target\classes\bak\pcj\adapter\LongListToListAdapter.class", "Java", 0, 0, 0, 0, 22, 0, 0, 0, 0, 22
"d:\KG\EA\NALA\nala\target\classes\bak\pcj\adapter\LongSetToSetAdapter.class", "Java", 0, 0, 0, 0, 20, 0, 0, 0, 0, 20
"d:\KG\EA\NALA\nala\target\classes\bak\pcj\adapter\LongSortedSetToSortedSetAdapter.class", "Java", 0, 0, 0, 0, 16, 0, 0, 0, 0, 16
"d:\KG\EA\NALA\nala\target\classes\bak\pcj\adapter\MapToBooleanKeyBooleanMapAdapter$1.class", "Java", 0, 0, 0, 0, 18, 0, 0, 0, 0, 18
"d:\KG\EA\NALA\nala\target\classes\bak\pcj\adapter\MapToBooleanKeyBooleanMapAdapter.class", "Java", 0, 0, 0, 0, 65, 0, 0, 0, 0, 65
"d:\KG\EA\NALA\nala\target\classes\bak\pcj\adapter\MapToBooleanKeyByteMapAdapter$1.class", "Java", 0, 0, 0, 0, 19, 0, 0, 0, 0, 19
"d:\KG\EA\NALA\nala\target\classes\bak\pcj\adapter\MapToBooleanKeyByteMapAdapter.class", "Java", 0, 0, 0, 0, 66, 0, 0, 0, 0, 66
"d:\KG\EA\NALA\nala\target\classes\bak\pcj\adapter\MapToBooleanKeyCharMapAdapter$1.class", "Java", 0, 0, 0, 0, 19, 0, 0, 0, 0, 19
"d:\KG\EA\NALA\nala\target\classes\bak\pcj\adapter\MapToBooleanKeyCharMapAdapter.class", "Java", 0, 0, 0, 0, 66, 0, 0, 0, 0, 66
"d:\KG\EA\NALA\nala\target\classes\bak\pcj\adapter\MapToBooleanKeyDoubleMapAdapter$1.class", "Java", 0, 0, 0, 0, 19, 0, 0, 0, 0, 19
"d:\KG\EA\NALA\nala\target\classes\bak\pcj\adapter\MapToBooleanKeyDoubleMapAdapter.class", "Java", 0, 0, 0, 0, 48, 0, 0, 19, 0, 67
"d:\KG\EA\NALA\nala\target\classes\bak\pcj\adapter\MapToBooleanKeyFloatMapAdapter$1.class", "Java", 0, 0, 0, 0, 20, 0, 0, 0, 0, 20
"d:\KG\EA\NALA\nala\target\classes\bak\pcj\adapter\MapToBooleanKeyFloatMapAdapter.class", "Java", 0, 0, 0, 0, 67, 0, 0, 0, 0, 67
"d:\KG\EA\NALA\nala\target\classes\bak\pcj\adapter\MapToBooleanKeyIntMapAdapter$1.class", "Java", 0, 0, 0, 0, 19, 0, 0, 0, 0, 19
"d:\KG\EA\NALA\nala\target\classes\bak\pcj\adapter\MapToBooleanKeyIntMapAdapter.class", "Java", 0, 0, 0, 0, 67, 0, 0, 0, 0, 67
"d:\KG\EA\NALA\nala\target\classes\bak\pcj\adapter\MapToBooleanKeyLongMapAdapter$1.class", "Java", 0, 0, 0, 0, 19, 0, 0, 0, 0, 19
"d:\KG\EA\NALA\nala\target\classes\bak\pcj\adapter\MapToBooleanKeyLongMapAdapter.class", "Java", 0, 0, 0, 0, 47, 0, 0, 19, 0, 66
"d:\KG\EA\NALA\nala\target\classes\bak\pcj\adapter\MapToBooleanKeyMapAdapter$1.class", "Java", 0, 0, 0, 0, 18, 0, 0, 0, 0, 18
"d:\KG\EA\NALA\nala\target\classes\bak\pcj\adapter\MapToBooleanKeyMapAdapter.class", "Java", 0, 0, 0, 0, 29, 0, 0, 0, 0, 29
"d:\KG\EA\NALA\nala\target\classes\bak\pcj\adapter\MapToBooleanKeyShortMapAdapter$1.class", "Java", 0, 0, 0, 0, 20, 0, 0, 0, 0, 20
"d:\KG\EA\NALA\nala\target\classes\bak\pcj\adapter\MapToBooleanKeyShortMapAdapter.class", "Java", 0, 0, 0, 0, 67, 0, 0, 0, 0, 67
"d:\KG\EA\NALA\nala\target\classes\bak\pcj\adapter\MapToByteKeyBooleanMapAdapter$1.class", "Java", 0, 0, 0, 0, 19, 0, 0, 0, 0, 19
"d:\KG\EA\NALA\nala\target\classes\bak\pcj\adapter\MapToByteKeyBooleanMapAdapter.class", "Java", 0, 0, 0, 0, 66, 0, 0, 0, 0, 66
"d:\KG\EA\NALA\nala\target\classes\bak\pcj\adapter\MapToByteKeyByteMapAdapter$1.class", "Java", 0, 0, 0, 0, 18, 0, 0, 0, 0, 18
"d:\KG\EA\NALA\nala\target\classes\bak\pcj\adapter\MapToByteKeyByteMapAdapter.class", "Java", 0, 0, 0, 0, 65, 0, 0, 0, 0, 65
"d:\KG\EA\NALA\nala\target\classes\bak\pcj\adapter\MapToByteKeyCharMapAdapter$1.class", "Java", 0, 0, 0, 0, 19, 0, 0, 0, 0, 19
"d:\KG\EA\NALA\nala\target\classes\bak\pcj\adapter\MapToByteKeyCharMapAdapter.class", "Java", 0, 0, 0, 0, 66, 0, 0, 0, 0, 66
"d:\KG\EA\NALA\nala\target\classes\bak\pcj\adapter\MapToByteKeyDoubleMapAdapter$1.class", "Java", 0, 0, 0, 0, 19, 0, 0, 0, 0, 19
"d:\KG\EA\NALA\nala\target\classes\bak\pcj\adapter\MapToByteKeyDoubleMapAdapter.class", "Java", 0, 0, 0, 0, 48, 0, 0, 19, 0, 67
"d:\KG\EA\NALA\nala\target\classes\bak\pcj\adapter\MapToByteKeyFloatMapAdapter$1.class", "Java", 0, 0, 0, 0, 20, 0, 0, 0, 0, 20
"d:\KG\EA\NALA\nala\target\classes\bak\pcj\adapter\MapToByteKeyFloatMapAdapter.class", "Java", 0, 0, 0, 0, 67, 0, 0, 0, 0, 67
"d:\KG\EA\NALA\nala\target\classes\bak\pcj\adapter\MapToByteKeyIntMapAdapter$1.class", "Java", 0, 0, 0, 0, 19, 0, 0, 0, 0, 19
"d:\KG\EA\NALA\nala\target\classes\bak\pcj\adapter\MapToByteKeyIntMapAdapter.class", "Java", 0, 0, 0, 0, 67, 0, 0, 0, 0, 67
"d:\KG\EA\NALA\nala\target\classes\bak\pcj\adapter\MapToByteKeyLongMapAdapter$1.class", "Java", 0, 0, 0, 0, 19, 0, 0, 0, 0, 19
"d:\KG\EA\NALA\nala\target\classes\bak\pcj\adapter\MapToByteKeyLongMapAdapter.class", "Java", 0, 0, 0, 0, 47, 0, 0, 19, 0, 66
"d:\KG\EA\NALA\nala\target\classes\bak\pcj\adapter\MapToByteKeyMapAdapter$1.class", "Java", 0, 0, 0, 0, 18, 0, 0, 0, 0, 18
"d:\KG\EA\NALA\nala\target\classes\bak\pcj\adapter\MapToByteKeyMapAdapter.class", "Java", 0, 0, 0, 0, 29, 0, 0, 0, 0, 29
"d:\KG\EA\NALA\nala\target\classes\bak\pcj\adapter\MapToByteKeyShortMapAdapter$1.class", "Java", 0, 0, 0, 0, 20, 0, 0, 0, 0, 20
"d:\KG\EA\NALA\nala\target\classes\bak\pcj\adapter\MapToByteKeyShortMapAdapter.class", "Java", 0, 0, 0, 0, 67, 0, 0, 0, 0, 67
"d:\KG\EA\NALA\nala\target\classes\bak\pcj\adapter\MapToCharKeyBooleanMapAdapter$1.class", "Java", 0, 0, 0, 0, 19, 0, 0, 0, 0, 19
"d:\KG\EA\NALA\nala\target\classes\bak\pcj\adapter\MapToCharKeyBooleanMapAdapter.class", "Java", 0, 0, 0, 0, 66, 0, 0, 0, 0, 66
"d:\KG\EA\NALA\nala\target\classes\bak\pcj\adapter\MapToCharKeyByteMapAdapter$1.class", "Java", 0, 0, 0, 0, 19, 0, 0, 0, 0, 19
"d:\KG\EA\NALA\nala\target\classes\bak\pcj\adapter\MapToCharKeyByteMapAdapter.class", "Java", 0, 0, 0, 0, 66, 0, 0, 0, 0, 66
"d:\KG\EA\NALA\nala\target\classes\bak\pcj\adapter\MapToCharKeyCharMapAdapter$1.class", "Java", 0, 0, 0, 0, 18, 0, 0, 0, 0, 18
"d:\KG\EA\NALA\nala\target\classes\bak\pcj\adapter\MapToCharKeyCharMapAdapter.class", "Java", 0, 0, 0, 0, 65, 0, 0, 0, 0, 65
"d:\KG\EA\NALA\nala\target\classes\bak\pcj\adapter\MapToCharKeyDoubleMapAdapter$1.class", "Java", 0, 0, 0, 0, 19, 0, 0, 0, 0, 19
"d:\KG\EA\NALA\nala\target\classes\bak\pcj\adapter\MapToCharKeyDoubleMapAdapter.class", "Java", 0, 0, 0, 0, 48, 0, 0, 19, 0, 67
"d:\KG\EA\NALA\nala\target\classes\bak\pcj\adapter\MapToCharKeyFloatMapAdapter$1.class", "Java", 0, 0, 0, 0, 20, 0, 0, 0, 0, 20
"d:\KG\EA\NALA\nala\target\classes\bak\pcj\adapter\MapToCharKeyFloatMapAdapter.class", "Java", 0, 0, 0, 0, 67, 0, 0, 0, 0, 67
"d:\KG\EA\NALA\nala\target\classes\bak\pcj\adapter\MapToCharKeyIntMapAdapter$1.class", "Java", 0, 0, 0, 0, 19, 0, 0, 0, 0, 19
"d:\KG\EA\NALA\nala\target\classes\bak\pcj\adapter\MapToCharKeyIntMapAdapter.class", "Java", 0, 0, 0, 0, 67, 0, 0, 0, 0, 67
"d:\KG\EA\NALA\nala\target\classes\bak\pcj\adapter\MapToCharKeyLongMapAdapter$1.class", "Java", 0, 0, 0, 0, 19, 0, 0, 0, 0, 19
"d:\KG\EA\NALA\nala\target\classes\bak\pcj\adapter\MapToCharKeyLongMapAdapter.class", "Java", 0, 0, 0, 0, 47, 0, 0, 19, 0, 66
"d:\KG\EA\NALA\nala\target\classes\bak\pcj\adapter\MapToCharKeyMapAdapter$1.class", "Java", 0, 0, 0, 0, 18, 0, 0, 0, 0, 18
"d:\KG\EA\NALA\nala\target\classes\bak\pcj\adapter\MapToCharKeyMapAdapter.class", "Java", 0, 0, 0, 0, 29, 0, 0, 0, 0, 29
"d:\KG\EA\NALA\nala\target\classes\bak\pcj\adapter\MapToCharKeyShortMapAdapter$1.class", "Java", 0, 0, 0, 0, 20, 0, 0, 0, 0, 20
"d:\KG\EA\NALA\nala\target\classes\bak\pcj\adapter\MapToCharKeyShortMapAdapter.class", "Java", 0, 0, 0, 0, 67, 0, 0, 0, 0, 67
"d:\KG\EA\NALA\nala\target\classes\bak\pcj\adapter\MapToDoubleKeyBooleanMapAdapter$1.class", "Java", 0, 0, 0, 0, 19, 0, 0, 0, 0, 19
"d:\KG\EA\NALA\nala\target\classes\bak\pcj\adapter\MapToDoubleKeyBooleanMapAdapter.class", "Java", 0, 0, 0, 0, 47, 0, 0, 19, 0, 66
"d:\KG\EA\NALA\nala\target\classes\bak\pcj\adapter\MapToDoubleKeyByteMapAdapter$1.class", "Java", 0, 0, 0, 0, 19, 0, 0, 0, 0, 19
"d:\KG\EA\NALA\nala\target\classes\bak\pcj\adapter\MapToDoubleKeyByteMapAdapter.class", "Java", 0, 0, 0, 0, 47, 0, 0, 19, 0, 66
"d:\KG\EA\NALA\nala\target\classes\bak\pcj\adapter\MapToDoubleKeyCharMapAdapter$1.class", "Java", 0, 0, 0, 0, 19, 0, 0, 0, 0, 19
"d:\KG\EA\NALA\nala\target\classes\bak\pcj\adapter\MapToDoubleKeyCharMapAdapter.class", "Java", 0, 0, 0, 0, 47, 0, 0, 19, 0, 66
"d:\KG\EA\NALA\nala\target\classes\bak\pcj\adapter\MapToDoubleKeyDoubleMapAdapter$1.class", "Java", 0, 0, 0, 0, 18, 0, 0, 0, 0, 18
"d:\KG\EA\NALA\nala\target\classes\bak\pcj\adapter\MapToDoubleKeyDoubleMapAdapter.class", "Java", 0, 0, 0, 0, 47, 0, 0, 19, 0, 66
"d:\KG\EA\NALA\nala\target\classes\bak\pcj\adapter\MapToDoubleKeyFloatMapAdapter$1.class", "Java", 0, 0, 0, 0, 20, 0, 0, 0, 0, 20
"d:\KG\EA\NALA\nala\target\classes\bak\pcj\adapter\MapToDoubleKeyFloatMapAdapter.class", "Java", 0, 0, 0, 0, 48, 0, 0, 19, 0, 67
"d:\KG\EA\NALA\nala\target\classes\bak\pcj\adapter\MapToDoubleKeyIntMapAdapter$1.class", "Java", 0, 0, 0, 0, 19, 0, 0, 0, 0, 19
"d:\KG\EA\NALA\nala\target\classes\bak\pcj\adapter\MapToDoubleKeyIntMapAdapter.class", "Java", 0, 0, 0, 0, 48, 0, 0, 19, 0, 67
"d:\KG\EA\NALA\nala\target\classes\bak\pcj\adapter\MapToDoubleKeyLongMapAdapter$1.class", "Java", 0, 0, 0, 0, 19, 0, 0, 0, 0, 19
"d:\KG\EA\NALA\nala\target\classes\bak\pcj\adapter\MapToDoubleKeyLongMapAdapter.class", "Java", 0, 0, 0, 0, 47, 0, 0, 19, 0, 66
"d:\KG\EA\NALA\nala\target\classes\bak\pcj\adapter\MapToDoubleKeyMapAdapter$1.class", "Java", 0, 0, 0, 0, 18, 0, 0, 0, 0, 18
"d:\KG\EA\NALA\nala\target\classes\bak\pcj\adapter\MapToDoubleKeyMapAdapter.class", "Java", 0, 0, 0, 0, 29, 0, 0, 0, 0, 29
"d:\KG\EA\NALA\nala\target\classes\bak\pcj\adapter\MapToDoubleKeyShortMapAdapter$1.class", "Java", 0, 0, 0, 0, 20, 0, 0, 0, 0, 20
"d:\KG\EA\NALA\nala\target\classes\bak\pcj\adapter\MapToDoubleKeyShortMapAdapter.class", "Java", 0, 0, 0, 0, 48, 0, 0, 19, 0, 67
"d:\KG\EA\NALA\nala\target\classes\bak\pcj\adapter\MapToFloatKeyBooleanMapAdapter$1.class", "Java", 0, 0, 0, 0, 20, 0, 0, 0, 0, 20
"d:\KG\EA\NALA\nala\target\classes\bak\pcj\adapter\MapToFloatKeyBooleanMapAdapter.class", "Java", 0, 0, 0, 0, 66, 0, 0, 0, 0, 66
"d:\KG\EA\NALA\nala\target\classes\bak\pcj\adapter\MapToFloatKeyByteMapAdapter$1.class", "Java", 0, 0, 0, 0, 20, 0, 0, 0, 0, 20
"d:\KG\EA\NALA\nala\target\classes\bak\pcj\adapter\MapToFloatKeyByteMapAdapter.class", "Java", 0, 0, 0, 0, 66, 0, 0, 0, 0, 66
"d:\KG\EA\NALA\nala\target\classes\bak\pcj\adapter\MapToFloatKeyCharMapAdapter$1.class", "Java", 0, 0, 0, 0, 20, 0, 0, 0, 0, 20
"d:\KG\EA\NALA\nala\target\classes\bak\pcj\adapter\MapToFloatKeyCharMapAdapter.class", "Java", 0, 0, 0, 0, 66, 0, 0, 0, 0, 66
"d:\KG\EA\NALA\nala\target\classes\bak\pcj\adapter\MapToFloatKeyDoubleMapAdapter$1.class", "Java", 0, 0, 0, 0, 20, 0, 0, 0, 0, 20
"d:\KG\EA\NALA\nala\target\classes\bak\pcj\adapter\MapToFloatKeyDoubleMapAdapter.class", "Java", 0, 0, 0, 0, 48, 0, 0, 19, 0, 67
"d:\KG\EA\NALA\nala\target\classes\bak\pcj\adapter\MapToFloatKeyFloatMapAdapter$1.class", "Java", 0, 0, 0, 0, 19, 0, 0, 0, 0, 19
"d:\KG\EA\NALA\nala\target\classes\bak\pcj\adapter\MapToFloatKeyFloatMapAdapter.class", "Java", 0, 0, 0, 0, 66, 0, 0, 0, 0, 66
"d:\KG\EA\NALA\nala\target\classes\bak\pcj\adapter\MapToFloatKeyIntMapAdapter$1.class", "Java", 0, 0, 0, 0, 20, 0, 0, 0, 0, 20
"d:\KG\EA\NALA\nala\target\classes\bak\pcj\adapter\MapToFloatKeyIntMapAdapter.class", "Java", 0, 0, 0, 0, 67, 0, 0, 0, 0, 67
"d:\KG\EA\NALA\nala\target\classes\bak\pcj\adapter\MapToFloatKeyLongMapAdapter$1.class", "Java", 0, 0, 0, 0, 20, 0, 0, 0, 0, 20
"d:\KG\EA\NALA\nala\target\classes\bak\pcj\adapter\MapToFloatKeyLongMapAdapter.class", "Java", 0, 0, 0, 0, 47, 0, 0, 19, 0, 66
"d:\KG\EA\NALA\nala\target\classes\bak\pcj\adapter\MapToFloatKeyMapAdapter$1.class", "Java", 0, 0, 0, 0, 19, 0, 0, 0, 0, 19
"d:\KG\EA\NALA\nala\target\classes\bak\pcj\adapter\MapToFloatKeyMapAdapter.class", "Java", 0, 0, 0, 0, 29, 0, 0, 0, 0, 29
"d:\KG\EA\NALA\nala\target\classes\bak\pcj\adapter\MapToFloatKeyShortMapAdapter$1.class", "Java", 0, 0, 0, 0, 21, 0, 0, 0, 0, 21
"d:\KG\EA\NALA\nala\target\classes\bak\pcj\adapter\MapToFloatKeyShortMapAdapter.class", "Java", 0, 0, 0, 0, 67, 0, 0, 0, 0, 67
"d:\KG\EA\NALA\nala\target\classes\bak\pcj\adapter\MapToIntKeyBooleanMapAdapter$1.class", "Java", 0, 0, 0, 0, 19, 0, 0, 0, 0, 19
"d:\KG\EA\NALA\nala\target\classes\bak\pcj\adapter\MapToIntKeyBooleanMapAdapter.class", "Java", 0, 0, 0, 0, 66, 0, 0, 0, 0, 66
"d:\KG\EA\NALA\nala\target\classes\bak\pcj\adapter\MapToIntKeyByteMapAdapter$1.class", "Java", 0, 0, 0, 0, 19, 0, 0, 0, 0, 19
"d:\KG\EA\NALA\nala\target\classes\bak\pcj\adapter\MapToIntKeyByteMapAdapter.class", "Java", 0, 0, 0, 0, 66, 0, 0, 0, 0, 66
"d:\KG\EA\NALA\nala\target\classes\bak\pcj\adapter\MapToIntKeyCharMapAdapter$1.class", "Java", 0, 0, 0, 0, 19, 0, 0, 0, 0, 19
"d:\KG\EA\NALA\nala\target\classes\bak\pcj\adapter\MapToIntKeyCharMapAdapter.class", "Java", 0, 0, 0, 0, 66, 0, 0, 0, 0, 66
"d:\KG\EA\NALA\nala\target\classes\bak\pcj\adapter\MapToIntKeyDoubleMapAdapter$1.class", "Java", 0, 0, 0, 0, 19, 0, 0, 0, 0, 19
"d:\KG\EA\NALA\nala\target\classes\bak\pcj\adapter\MapToIntKeyDoubleMapAdapter.class", "Java", 0, 0, 0, 0, 48, 0, 0, 19, 0, 67
"d:\KG\EA\NALA\nala\target\classes\bak\pcj\adapter\MapToIntKeyFloatMapAdapter$1.class", "Java", 0, 0, 0, 0, 20, 0, 0, 0, 0, 20
"d:\KG\EA\NALA\nala\target\classes\bak\pcj\adapter\MapToIntKeyFloatMapAdapter.class", "Java", 0, 0, 0, 0, 67, 0, 0, 0, 0, 67
"d:\KG\EA\NALA\nala\target\classes\bak\pcj\adapter\MapToIntKeyIntMapAdapter$1.class", "Java", 0, 0, 0, 0, 18, 0, 0, 0, 0, 18
"d:\KG\EA\NALA\nala\target\classes\bak\pcj\adapter\MapToIntKeyIntMapAdapter.class", "Java", 0, 0, 0, 0, 66, 0, 0, 0, 0, 66
"d:\KG\EA\NALA\nala\target\classes\bak\pcj\adapter\MapToIntKeyLongMapAdapter$1.class", "Java", 0, 0, 0, 0, 19, 0, 0, 0, 0, 19
"d:\KG\EA\NALA\nala\target\classes\bak\pcj\adapter\MapToIntKeyLongMapAdapter.class", "Java", 0, 0, 0, 0, 47, 0, 0, 19, 0, 66
"d:\KG\EA\NALA\nala\target\classes\bak\pcj\adapter\MapToIntKeyMapAdapter$1.class", "Java", 0, 0, 0, 0, 18, 0, 0, 0, 0, 18
"d:\KG\EA\NALA\nala\target\classes\bak\pcj\adapter\MapToIntKeyMapAdapter.class", "Java", 0, 0, 0, 0, 29, 0, 0, 0, 0, 29
"d:\KG\EA\NALA\nala\target\classes\bak\pcj\adapter\MapToIntKeyShortMapAdapter$1.class", "Java", 0, 0, 0, 0, 20, 0, 0, 0, 0, 20
"d:\KG\EA\NALA\nala\target\classes\bak\pcj\adapter\MapToIntKeyShortMapAdapter.class", "Java", 0, 0, 0, 0, 67, 0, 0, 0, 0, 67
"d:\KG\EA\NALA\nala\target\classes\bak\pcj\adapter\MapToLongKeyBooleanMapAdapter$1.class", "Java", 0, 0, 0, 0, 19, 0, 0, 0, 0, 19
"d:\KG\EA\NALA\nala\target\classes\bak\pcj\adapter\MapToLongKeyBooleanMapAdapter.class", "Java", 0, 0, 0, 0, 47, 0, 0, 19, 0, 66
"d:\KG\EA\NALA\nala\target\classes\bak\pcj\adapter\MapToLongKeyByteMapAdapter$1.class", "Java", 0, 0, 0, 0, 19, 0, 0, 0, 0, 19
"d:\KG\EA\NALA\nala\target\classes\bak\pcj\adapter\MapToLongKeyByteMapAdapter.class", "Java", 0, 0, 0, 0, 47, 0, 0, 19, 0, 66
"d:\KG\EA\NALA\nala\target\classes\bak\pcj\adapter\MapToLongKeyCharMapAdapter$1.class", "Java", 0, 0, 0, 0, 19, 0, 0, 0, 0, 19
"d:\KG\EA\NALA\nala\target\classes\bak\pcj\adapter\MapToLongKeyCharMapAdapter.class", "Java", 0, 0, 0, 0, 47, 0, 0, 19, 0, 66
"d:\KG\EA\NALA\nala\target\classes\bak\pcj\adapter\MapToLongKeyDoubleMapAdapter$1.class", "Java", 0, 0, 0, 0, 19, 0, 0, 0, 0, 19
"d:\KG\EA\NALA\nala\target\classes\bak\pcj\adapter\MapToLongKeyDoubleMapAdapter.class", "Java", 0, 0, 0, 0, 48, 0, 0, 19, 0, 67
"d:\KG\EA\NALA\nala\target\classes\bak\pcj\adapter\MapToLongKeyFloatMapAdapter$1.class", "Java", 0, 0, 0, 0, 20, 0, 0, 0, 0, 20
"d:\KG\EA\NALA\nala\target\classes\bak\pcj\adapter\MapToLongKeyFloatMapAdapter.class", "Java", 0, 0, 0, 0, 48, 0, 0, 19, 0, 67
"d:\KG\EA\NALA\nala\target\classes\bak\pcj\adapter\MapToLongKeyIntMapAdapter$1.class", "Java", 0, 0, 0, 0, 19, 0, 0, 0, 0, 19
"d:\KG\EA\NALA\nala\target\classes\bak\pcj\adapter\MapToLongKeyIntMapAdapter.class", "Java", 0, 0, 0, 0, 48, 0, 0, 19, 0, 67
"d:\KG\EA\NALA\nala\target\classes\bak\pcj\adapter\MapToLongKeyLongMapAdapter$1.class", "Java", 0, 0, 0, 0, 18, 0, 0, 0, 0, 18
"d:\KG\EA\NALA\nala\target\classes\bak\pcj\adapter\MapToLongKeyLongMapAdapter.class", "Java", 0, 0, 0, 0, 46, 0, 0, 19, 0, 65
"d:\KG\EA\NALA\nala\target\classes\bak\pcj\adapter\MapToLongKeyMapAdapter$1.class", "Java", 0, 0, 0, 0, 18, 0, 0, 0, 0, 18
"d:\KG\EA\NALA\nala\target\classes\bak\pcj\adapter\MapToLongKeyMapAdapter.class", "Java", 0, 0, 0, 0, 29, 0, 0, 0, 0, 29
"d:\KG\EA\NALA\nala\target\classes\bak\pcj\adapter\MapToLongKeyShortMapAdapter$1.class", "Java", 0, 0, 0, 0, 20, 0, 0, 0, 0, 20
"d:\KG\EA\NALA\nala\target\classes\bak\pcj\adapter\MapToLongKeyShortMapAdapter.class", "Java", 0, 0, 0, 0, 48, 0, 0, 19, 0, 67
"d:\KG\EA\NALA\nala\target\classes\bak\pcj\adapter\MapToObjectKeyBooleanMapAdapter$1.class", "Java", 0, 0, 0, 0, 18, 0, 0, 0, 0, 18
"d:\KG\EA\NALA\nala\target\classes\bak\pcj\adapter\MapToObjectKeyBooleanMapAdapter.class", "Java", 0, 0, 0, 0, 65, 0, 0, 0, 0, 65
"d:\KG\EA\NALA\nala\target\classes\bak\pcj\adapter\MapToObjectKeyByteMapAdapter$1.class", "Java", 0, 0, 0, 0, 18, 0, 0, 0, 0, 18
"d:\KG\EA\NALA\nala\target\classes\bak\pcj\adapter\MapToObjectKeyByteMapAdapter.class", "Java", 0, 0, 0, 0, 65, 0, 0, 0, 0, 65
"d:\KG\EA\NALA\nala\target\classes\bak\pcj\adapter\MapToObjectKeyCharMapAdapter$1.class", "Java", 0, 0, 0, 0, 18, 0, 0, 0, 0, 18
"d:\KG\EA\NALA\nala\target\classes\bak\pcj\adapter\MapToObjectKeyCharMapAdapter.class", "Java", 0, 0, 0, 0, 65, 0, 0, 0, 0, 65
"d:\KG\EA\NALA\nala\target\classes\bak\pcj\adapter\MapToObjectKeyDoubleMapAdapter$1.class", "Java", 0, 0, 0, 0, 18, 0, 0, 0, 0, 18
"d:\KG\EA\NALA\nala\target\classes\bak\pcj\adapter\MapToObjectKeyDoubleMapAdapter.class", "Java", 0, 0, 0, 0, 66, 0, 0, 0, 0, 66
"d:\KG\EA\NALA\nala\target\classes\bak\pcj\adapter\MapToObjectKeyFloatMapAdapter$1.class", "Java", 0, 0, 0, 0, 19, 0, 0, 0, 0, 19
"d:\KG\EA\NALA\nala\target\classes\bak\pcj\adapter\MapToObjectKeyFloatMapAdapter.class", "Java", 0, 0, 0, 0, 66, 0, 0, 0, 0, 66
"d:\KG\EA\NALA\nala\target\classes\bak\pcj\adapter\MapToObjectKeyIntMapAdapter$1.class", "Java", 0, 0, 0, 0, 18, 0, 0, 0, 0, 18
"d:\KG\EA\NALA\nala\target\classes\bak\pcj\adapter\MapToObjectKeyIntMapAdapter.class", "Java", 0, 0, 0, 0, 66, 0, 0, 0, 0, 66
"d:\KG\EA\NALA\nala\target\classes\bak\pcj\adapter\MapToObjectKeyLongMapAdapter$1.class", "Java", 0, 0, 0, 0, 18, 0, 0, 0, 0, 18
"d:\KG\EA\NALA\nala\target\classes\bak\pcj\adapter\MapToObjectKeyLongMapAdapter.class", "Java", 0, 0, 0, 0, 65, 0, 0, 0, 0, 65
"d:\KG\EA\NALA\nala\target\classes\bak\pcj\adapter\MapToObjectKeyShortMapAdapter$1.class", "Java", 0, 0, 0, 0, 19, 0, 0, 0, 0, 19
"d:\KG\EA\NALA\nala\target\classes\bak\pcj\adapter\MapToObjectKeyShortMapAdapter.class", "Java", 0, 0, 0, 0, 66, 0, 0, 0, 0, 66
"d:\KG\EA\NALA\nala\target\classes\bak\pcj\adapter\MapToShortKeyBooleanMapAdapter$1.class", "Java", 0, 0, 0, 0, 20, 0, 0, 0, 0, 20
"d:\KG\EA\NALA\nala\target\classes\bak\pcj\adapter\MapToShortKeyBooleanMapAdapter.class", "Java", 0, 0, 0, 0, 66, 0, 0, 0, 0, 66
"d:\KG\EA\NALA\nala\target\classes\bak\pcj\adapter\MapToShortKeyByteMapAdapter$1.class", "Java", 0, 0, 0, 0, 20, 0, 0, 0, 0, 20
"d:\KG\EA\NALA\nala\target\classes\bak\pcj\adapter\MapToShortKeyByteMapAdapter.class", "Java", 0, 0, 0, 0, 66, 0, 0, 0, 0, 66
"d:\KG\EA\NALA\nala\target\classes\bak\pcj\adapter\MapToShortKeyCharMapAdapter$1.class", "Java", 0, 0, 0, 0, 20, 0, 0, 0, 0, 20
"d:\KG\EA\NALA\nala\target\classes\bak\pcj\adapter\MapToShortKeyCharMapAdapter.class", "Java", 0, 0, 0, 0, 66, 0, 0, 0, 0, 66
"d:\KG\EA\NALA\nala\target\classes\bak\pcj\adapter\MapToShortKeyDoubleMapAdapter$1.class", "Java", 0, 0, 0, 0, 20, 0, 0, 0, 0, 20
"d:\KG\EA\NALA\nala\target\classes\bak\pcj\adapter\MapToShortKeyDoubleMapAdapter.class", "Java", 0, 0, 0, 0, 48, 0, 0, 19, 0, 67
"d:\KG\EA\NALA\nala\target\classes\bak\pcj\adapter\MapToShortKeyFloatMapAdapter$1.class", "Java", 0, 0, 0, 0, 21, 0, 0, 0, 0, 21
"d:\KG\EA\NALA\nala\target\classes\bak\pcj\adapter\MapToShortKeyFloatMapAdapter.class", "Java", 0, 0, 0, 0, 67, 0, 0, 0, 0, 67
"d:\KG\EA\NALA\nala\target\classes\bak\pcj\adapter\MapToShortKeyIntMapAdapter$1.class", "Java", 0, 0, 0, 0, 20, 0, 0, 0, 0, 20
"d:\KG\EA\NALA\nala\target\classes\bak\pcj\adapter\MapToShortKeyIntMapAdapter.class", "Java", 0, 0, 0, 0, 67, 0, 0, 0, 0, 67
"d:\KG\EA\NALA\nala\target\classes\bak\pcj\adapter\MapToShortKeyLongMapAdapter$1.class", "Java", 0, 0, 0, 0, 20, 0, 0, 0, 0, 20
"d:\KG\EA\NALA\nala\target\classes\bak\pcj\adapter\MapToShortKeyLongMapAdapter.class", "Java", 0, 0, 0, 0, 47, 0, 0, 19, 0, 66
"d:\KG\EA\NALA\nala\target\classes\bak\pcj\adapter\MapToShortKeyMapAdapter$1.class", "Java", 0, 0, 0, 0, 19, 0, 0, 0, 0, 19
"d:\KG\EA\NALA\nala\target\classes\bak\pcj\adapter\MapToShortKeyMapAdapter.class", "Java", 0, 0, 0, 0, 29, 0, 0, 0, 0, 29
"d:\KG\EA\NALA\nala\target\classes\bak\pcj\adapter\MapToShortKeyShortMapAdapter$1.class", "Java", 0, 0, 0, 0, 19, 0, 0, 0, 0, 19
"d:\KG\EA\NALA\nala\target\classes\bak\pcj\adapter\MapToShortKeyShortMapAdapter.class", "Java", 0, 0, 0, 0, 66, 0, 0, 0, 0, 66
"d:\KG\EA\NALA\nala\target\classes\bak\pcj\adapter\ObjectKeyBooleanMapToMapAdapter$Entry.class", "Java", 0, 0, 0, 0, 20, 0, 0, 0, 0, 20
"d:\KG\EA\NALA\nala\target\classes\bak\pcj\adapter\ObjectKeyBooleanMapToMapAdapter$EntrySet$1.class", "Java", 0, 0, 0, 0, 15, 0, 0, 0, 1, 16
"d:\KG\EA\NALA\nala\target\classes\bak\pcj\adapter\ObjectKeyBooleanMapToMapAdapter$EntrySet.class", "Java", 0, 0, 0, 0, 18, 0, 0, 0, 0, 18
"d:\KG\EA\NALA\nala\target\classes\bak\pcj\adapter\ObjectKeyBooleanMapToMapAdapter.class", "Java", 0, 0, 0, 0, 32, 0, 0, 0, 0, 32
"d:\KG\EA\NALA\nala\target\classes\bak\pcj\adapter\ObjectKeyByteMapToMapAdapter$Entry.class", "Java", 0, 0, 0, 0, 20, 0, 0, 0, 0, 20
"d:\KG\EA\NALA\nala\target\classes\bak\pcj\adapter\ObjectKeyByteMapToMapAdapter$EntrySet$1.class", "Java", 0, 0, 0, 0, 15, 0, 0, 0, 1, 16
"d:\KG\EA\NALA\nala\target\classes\bak\pcj\adapter\ObjectKeyByteMapToMapAdapter$EntrySet.class", "Java", 0, 0, 0, 0, 18, 0, 0, 0, 0, 18
"d:\KG\EA\NALA\nala\target\classes\bak\pcj\adapter\ObjectKeyByteMapToMapAdapter.class", "Java", 0, 0, 0, 0, 32, 0, 0, 0, 0, 32
"d:\KG\EA\NALA\nala\target\classes\bak\pcj\adapter\ObjectKeyCharMapToMapAdapter$Entry.class", "Java", 0, 0, 0, 0, 20, 0, 0, 0, 0, 20
"d:\KG\EA\NALA\nala\target\classes\bak\pcj\adapter\ObjectKeyCharMapToMapAdapter$EntrySet$1.class", "Java", 0, 0, 0, 0, 15, 0, 0, 0, 1, 16
"d:\KG\EA\NALA\nala\target\classes\bak\pcj\adapter\ObjectKeyCharMapToMapAdapter$EntrySet.class", "Java", 0, 0, 0, 0, 18, 0, 0, 0, 0, 18
"d:\KG\EA\NALA\nala\target\classes\bak\pcj\adapter\ObjectKeyCharMapToMapAdapter.class", "Java", 0, 0, 0, 0, 32, 0, 0, 0, 0, 32
"d:\KG\EA\NALA\nala\target\classes\bak\pcj\adapter\ObjectKeyDoubleMapToMapAdapter$Entry.class", "Java", 0, 0, 0, 0, 20, 0, 0, 0, 0, 20
"d:\KG\EA\NALA\nala\target\classes\bak\pcj\adapter\ObjectKeyDoubleMapToMapAdapter$EntrySet$1.class", "Java", 0, 0, 0, 0, 15, 0, 0, 0, 1, 16
"d:\KG\EA\NALA\nala\target\classes\bak\pcj\adapter\ObjectKeyDoubleMapToMapAdapter$EntrySet.class", "Java", 0, 0, 0, 0, 18, 0, 0, 0, 0, 18
"d:\KG\EA\NALA\nala\target\classes\bak\pcj\adapter\ObjectKeyDoubleMapToMapAdapter.class", "Java", 0, 0, 0, 0, 33, 0, 0, 0, 0, 33
"d:\KG\EA\NALA\nala\target\classes\bak\pcj\adapter\ObjectKeyFloatMapToMapAdapter$Entry.class", "Java", 0, 0, 0, 0, 21, 0, 0, 0, 0, 21
"d:\KG\EA\NALA\nala\target\classes\bak\pcj\adapter\ObjectKeyFloatMapToMapAdapter$EntrySet$1.class", "Java", 0, 0, 0, 0, 15, 0, 0, 0, 1, 16
"d:\KG\EA\NALA\nala\target\classes\bak\pcj\adapter\ObjectKeyFloatMapToMapAdapter$EntrySet.class", "Java", 0, 0, 0, 0, 18, 0, 0, 0, 0, 18
"d:\KG\EA\NALA\nala\target\classes\bak\pcj\adapter\ObjectKeyFloatMapToMapAdapter.class", "Java", 0, 0, 0, 0, 33, 0, 0, 0, 0, 33
"d:\KG\EA\NALA\nala\target\classes\bak\pcj\adapter\ObjectKeyIntMapToMapAdapter$Entry.class", "Java", 0, 0, 0, 0, 20, 0, 0, 0, 0, 20
"d:\KG\EA\NALA\nala\target\classes\bak\pcj\adapter\ObjectKeyIntMapToMapAdapter$EntrySet$1.class", "Java", 0, 0, 0, 0, 15, 0, 0, 0, 1, 16
"d:\KG\EA\NALA\nala\target\classes\bak\pcj\adapter\ObjectKeyIntMapToMapAdapter$EntrySet.class", "Java", 0, 0, 0, 0, 18, 0, 0, 0, 0, 18
"d:\KG\EA\NALA\nala\target\classes\bak\pcj\adapter\ObjectKeyIntMapToMapAdapter.class", "Java", 0, 0, 0, 0, 33, 0, 0, 0, 0, 33
"d:\KG\EA\NALA\nala\target\classes\bak\pcj\adapter\ObjectKeyLongMapToMapAdapter$Entry.class", "Java", 0, 0, 0, 0, 20, 0, 0, 0, 0, 20
"d:\KG\EA\NALA\nala\target\classes\bak\pcj\adapter\ObjectKeyLongMapToMapAdapter$EntrySet$1.class", "Java", 0, 0, 0, 0, 15, 0, 0, 0, 1, 16
"d:\KG\EA\NALA\nala\target\classes\bak\pcj\adapter\ObjectKeyLongMapToMapAdapter$EntrySet.class", "Java", 0, 0, 0, 0, 18, 0, 0, 0, 0, 18
"d:\KG\EA\NALA\nala\target\classes\bak\pcj\adapter\ObjectKeyLongMapToMapAdapter.class", "Java", 0, 0, 0, 0, 32, 0, 0, 0, 0, 32
"d:\KG\EA\NALA\nala\target\classes\bak\pcj\adapter\ObjectKeyShortMapToMapAdapter$Entry.class", "Java", 0, 0, 0, 0, 21, 0, 0, 0, 0, 21
"d:\KG\EA\NALA\nala\target\classes\bak\pcj\adapter\ObjectKeyShortMapToMapAdapter$EntrySet$1.class", "Java", 0, 0, 0, 0, 15, 0, 0, 0, 1, 16
"d:\KG\EA\NALA\nala\target\classes\bak\pcj\adapter\ObjectKeyShortMapToMapAdapter$EntrySet.class", "Java", 0, 0, 0, 0, 18, 0, 0, 0, 0, 18
"d:\KG\EA\NALA\nala\target\classes\bak\pcj\adapter\ObjectKeyShortMapToMapAdapter.class", "Java", 0, 0, 0, 0, 33, 0, 0, 0, 0, 33
"d:\KG\EA\NALA\nala\target\classes\bak\pcj\adapter\SetToBooleanSetAdapter.class", "Java", 0, 0, 0, 0, 26, 0, 0, 0, 0, 26
"d:\KG\EA\NALA\nala\target\classes\bak\pcj\adapter\SetToByteSetAdapter.class", "Java", 0, 0, 0, 0, 26, 0, 0, 0, 0, 26
"d:\KG\EA\NALA\nala\target\classes\bak\pcj\adapter\SetToCharSetAdapter.class", "Java", 0, 0, 0, 0, 26, 0, 0, 0, 0, 26
"d:\KG\EA\NALA\nala\target\classes\bak\pcj\adapter\SetToDoubleSetAdapter.class", "Java", 0, 0, 0, 0, 26, 0, 0, 0, 0, 26
"d:\KG\EA\NALA\nala\target\classes\bak\pcj\adapter\SetToFloatSetAdapter.class", "Java", 0, 0, 0, 0, 26, 0, 0, 0, 0, 26
"d:\KG\EA\NALA\nala\target\classes\bak\pcj\adapter\SetToIntSetAdapter.class", "Java", 0, 0, 0, 0, 26, 0, 0, 0, 0, 26
"d:\KG\EA\NALA\nala\target\classes\bak\pcj\adapter\SetToLongSetAdapter.class", "Java", 0, 0, 0, 0, 26, 0, 0, 0, 0, 26
"d:\KG\EA\NALA\nala\target\classes\bak\pcj\adapter\SetToShortSetAdapter.class", "Java", 0, 0, 0, 0, 26, 0, 0, 0, 0, 26
"d:\KG\EA\NALA\nala\target\classes\bak\pcj\adapter\ShortCollectionToCollectionAdapter.class", "Java", 0, 0, 0, 0, 25, 0, 0, 0, 0, 25
"d:\KG\EA\NALA\nala\target\classes\bak\pcj\adapter\ShortIteratorToIteratorAdapter.class", "Java", 0, 0, 0, 0, 14, 0, 0, 0, 0, 14
"d:\KG\EA\NALA\nala\target\classes\bak\pcj\adapter\ShortKeyBooleanMapToMapAdapter$Entry.class", "Java", 0, 0, 0, 0, 22, 0, 0, 0, 0, 22
"d:\KG\EA\NALA\nala\target\classes\bak\pcj\adapter\ShortKeyBooleanMapToMapAdapter$EntrySet$1.class", "Java", 0, 0, 0, 0, 15, 0, 0, 0, 1, 16
"d:\KG\EA\NALA\nala\target\classes\bak\pcj\adapter\ShortKeyBooleanMapToMapAdapter$EntrySet.class", "Java", 0, 0, 0, 0, 18, 0, 0, 0, 0, 18
"d:\KG\EA\NALA\nala\target\classes\bak\pcj\adapter\ShortKeyBooleanMapToMapAdapter.class", "Java", 0, 0, 0, 0, 34, 0, 0, 0, 0, 34
"d:\KG\EA\NALA\nala\target\classes\bak\pcj\adapter\ShortKeyByteMapToMapAdapter$Entry.class", "Java", 0, 0, 0, 0, 22, 0, 0, 0, 0, 22
"d:\KG\EA\NALA\nala\target\classes\bak\pcj\adapter\ShortKeyByteMapToMapAdapter$EntrySet$1.class", "Java", 0, 0, 0, 0, 15, 0, 0, 0, 1, 16
"d:\KG\EA\NALA\nala\target\classes\bak\pcj\adapter\ShortKeyByteMapToMapAdapter$EntrySet.class", "Java", 0, 0, 0, 0, 18, 0, 0, 0, 0, 18
"d:\KG\EA\NALA\nala\target\classes\bak\pcj\adapter\ShortKeyByteMapToMapAdapter.class", "Java", 0, 0, 0, 0, 34, 0, 0, 0, 0, 34
"d:\KG\EA\NALA\nala\target\classes\bak\pcj\adapter\ShortKeyCharMapToMapAdapter$Entry.class", "Java", 0, 0, 0, 0, 22, 0, 0, 0, 0, 22
"d:\KG\EA\NALA\nala\target\classes\bak\pcj\adapter\ShortKeyCharMapToMapAdapter$EntrySet$1.class", "Java", 0, 0, 0, 0, 15, 0, 0, 0, 1, 16
"d:\KG\EA\NALA\nala\target\classes\bak\pcj\adapter\ShortKeyCharMapToMapAdapter$EntrySet.class", "Java", 0, 0, 0, 0, 18, 0, 0, 0, 0, 18
"d:\KG\EA\NALA\nala\target\classes\bak\pcj\adapter\ShortKeyCharMapToMapAdapter.class", "Java", 0, 0, 0, 0, 34, 0, 0, 0, 0, 34
"d:\KG\EA\NALA\nala\target\classes\bak\pcj\adapter\ShortKeyDoubleMapToMapAdapter$Entry.class", "Java", 0, 0, 0, 0, 22, 0, 0, 0, 0, 22
"d:\KG\EA\NALA\nala\target\classes\bak\pcj\adapter\ShortKeyDoubleMapToMapAdapter$EntrySet$1.class", "Java", 0, 0, 0, 0, 15, 0, 0, 0, 1, 16
"d:\KG\EA\NALA\nala\target\classes\bak\pcj\adapter\ShortKeyDoubleMapToMapAdapter$EntrySet.class", "Java", 0, 0, 0, 0, 18, 0, 0, 0, 0, 18
"d:\KG\EA\NALA\nala\target\classes\bak\pcj\adapter\ShortKeyDoubleMapToMapAdapter.class", "Java", 0, 0, 0, 0, 35, 0, 0, 0, 0, 35
"d:\KG\EA\NALA\nala\target\classes\bak\pcj\adapter\ShortKeyFloatMapToMapAdapter$Entry.class", "Java", 0, 0, 0, 0, 23, 0, 0, 0, 0, 23
"d:\KG\EA\NALA\nala\target\classes\bak\pcj\adapter\ShortKeyFloatMapToMapAdapter$EntrySet$1.class", "Java", 0, 0, 0, 0, 15, 0, 0, 0, 1, 16
"d:\KG\EA\NALA\nala\target\classes\bak\pcj\adapter\ShortKeyFloatMapToMapAdapter$EntrySet.class", "Java", 0, 0, 0, 0, 18, 0, 0, 0, 0, 18
"d:\KG\EA\NALA\nala\target\classes\bak\pcj\adapter\ShortKeyFloatMapToMapAdapter.class", "Java", 0, 0, 0, 0, 35, 0, 0, 0, 0, 35
"d:\KG\EA\NALA\nala\target\classes\bak\pcj\adapter\ShortKeyIntMapToMapAdapter$Entry.class", "Java", 0, 0, 0, 0, 22, 0, 0, 0, 0, 22
"d:\KG\EA\NALA\nala\target\classes\bak\pcj\adapter\ShortKeyIntMapToMapAdapter$EntrySet$1.class", "Java", 0, 0, 0, 0, 15, 0, 0, 0, 1, 16
"d:\KG\EA\NALA\nala\target\classes\bak\pcj\adapter\ShortKeyIntMapToMapAdapter$EntrySet.class", "Java", 0, 0, 0, 0, 18, 0, 0, 0, 0, 18
"d:\KG\EA\NALA\nala\target\classes\bak\pcj\adapter\ShortKeyIntMapToMapAdapter.class", "Java", 0, 0, 0, 0, 35, 0, 0, 0, 0, 35
"d:\KG\EA\NALA\nala\target\classes\bak\pcj\adapter\ShortKeyLongMapToMapAdapter$Entry.class", "Java", 0, 0, 0, 0, 22, 0, 0, 0, 0, 22
"d:\KG\EA\NALA\nala\target\classes\bak\pcj\adapter\ShortKeyLongMapToMapAdapter$EntrySet$1.class", "Java", 0, 0, 0, 0, 15, 0, 0, 0, 1, 16
"d:\KG\EA\NALA\nala\target\classes\bak\pcj\adapter\ShortKeyLongMapToMapAdapter$EntrySet.class", "Java", 0, 0, 0, 0, 18, 0, 0, 0, 0, 18
"d:\KG\EA\NALA\nala\target\classes\bak\pcj\adapter\ShortKeyLongMapToMapAdapter.class", "Java", 0, 0, 0, 0, 34, 0, 0, 0, 0, 34
"d:\KG\EA\NALA\nala\target\classes\bak\pcj\adapter\ShortKeyMapToMapAdapter$Entry.class", "Java", 0, 0, 0, 0, 23, 0, 0, 0, 0, 23
"d:\KG\EA\NALA\nala\target\classes\bak\pcj\adapter\ShortKeyMapToMapAdapter$EntrySet$1.class", "Java", 0, 0, 0, 0, 15, 0, 0, 0, 1, 16
"d:\KG\EA\NALA\nala\target\classes\bak\pcj\adapter\ShortKeyMapToMapAdapter$EntrySet.class", "Java", 0, 0, 0, 0, 18, 0, 0, 0, 0, 18
"d:\KG\EA\NALA\nala\target\classes\bak\pcj\adapter\ShortKeyMapToMapAdapter.class", "Java", 0, 0, 0, 0, 32, 0, 0, 0, 0, 32
"d:\KG\EA\NALA\nala\target\classes\bak\pcj\adapter\ShortKeyShortMapToMapAdapter$Entry.class", "Java", 0, 0, 0, 0, 16, 0, 0, 0, 0, 16
"d:\KG\EA\NALA\nala\target\classes\bak\pcj\adapter\ShortKeyShortMapToMapAdapter$EntrySet$1.class", "Java", 0, 0, 0, 0, 15, 0, 0, 0, 1, 16
"d:\KG\EA\NALA\nala\target\classes\bak\pcj\adapter\ShortKeyShortMapToMapAdapter$EntrySet.class", "Java", 0, 0, 0, 0, 18, 0, 0, 0, 0, 18
"d:\KG\EA\NALA\nala\target\classes\bak\pcj\adapter\ShortKeyShortMapToMapAdapter.class", "Java", 0, 0, 0, 0, 33, 0, 0, 0, 0, 33
"d:\KG\EA\NALA\nala\target\classes\bak\pcj\adapter\ShortListIteratorToListIteratorAdapter.class", "Java", 0, 0, 0, 0, 24, 0, 0, 0, 0, 24
"d:\KG\EA\NALA\nala\target\classes\bak\pcj\adapter\ShortListToListAdapter.class", "Java", 0, 0, 0, 0, 23, 0, 0, 0, 0, 23
"d:\KG\EA\NALA\nala\target\classes\bak\pcj\adapter\ShortSetToSetAdapter.class", "Java", 0, 0, 0, 0, 21, 0, 0, 0, 0, 21
"d:\KG\EA\NALA\nala\target\classes\bak\pcj\adapter\ShortSortedSetToSortedSetAdapter.class", "Java", 0, 0, 0, 0, 17, 0, 0, 0, 0, 17
"d:\KG\EA\NALA\nala\target\classes\bak\pcj\adapter\SortedSetToBooleanSortedSetAdapter.class", "Java", 0, 0, 0, 0, 17, 0, 0, 0, 0, 17
"d:\KG\EA\NALA\nala\target\classes\bak\pcj\adapter\SortedSetToByteSortedSetAdapter.class", "Java", 0, 0, 0, 0, 17, 0, 0, 0, 0, 17
"d:\KG\EA\NALA\nala\target\classes\bak\pcj\adapter\SortedSetToCharSortedSetAdapter.class", "Java", 0, 0, 0, 0, 17, 0, 0, 0, 0, 17
"d:\KG\EA\NALA\nala\target\classes\bak\pcj\adapter\SortedSetToDoubleSortedSetAdapter.class", "Java", 0, 0, 0, 0, 17, 0, 0, 0, 0, 17
"d:\KG\EA\NALA\nala\target\classes\bak\pcj\adapter\SortedSetToFloatSortedSetAdapter.class", "Java", 0, 0, 0, 0, 18, 0, 0, 0, 0, 18
"d:\KG\EA\NALA\nala\target\classes\bak\pcj\adapter\SortedSetToIntSortedSetAdapter.class", "Java", 0, 0, 0, 0, 17, 0, 0, 0, 0, 17
"d:\KG\EA\NALA\nala\target\classes\bak\pcj\adapter\SortedSetToLongSortedSetAdapter.class", "Java", 0, 0, 0, 0, 17, 0, 0, 0, 0, 17
"d:\KG\EA\NALA\nala\target\classes\bak\pcj\adapter\SortedSetToShortSortedSetAdapter.class", "Java", 0, 0, 0, 0, 18, 0, 0, 0, 0, 18
"d:\KG\EA\NALA\nala\target\classes\bak\pcj\adapter\package.html", "HTML", 0, 0, 0, 0, 0, 9, 0, 0, 1, 10
"d:\KG\EA\NALA\nala\target\classes\bak\pcj\benchmark\ArrayListBenchmark.class", "Java", 0, 0, 0, 0, 14, 0, 0, 0, 0, 14
"d:\KG\EA\NALA\nala\target\classes\bak\pcj\benchmark\Benchmark.class", "Java", 0, 0, 0, 0, 16, 0, 0, 0, 0, 16
"d:\KG\EA\NALA\nala\target\classes\bak\pcj\benchmark\BenchmarkRunner.class", "Java", 0, 0, 0, 0, 88, 0, 0, 0, 0, 88
"d:\KG\EA\NALA\nala\target\classes\bak\pcj\benchmark\CollectionBenchmark.class", "Java", 0, 0, 0, 0, 69, 0, 0, 0, 0, 69
"d:\KG\EA\NALA\nala\target\classes\bak\pcj\benchmark\DataSet.class", "Java", 0, 0, 0, 0, 18, 0, 0, 0, 0, 18
"d:\KG\EA\NALA\nala\target\classes\bak\pcj\benchmark\DataSetOrderedCompact.class", "Java", 0, 0, 0, 0, 15, 0, 0, 0, 0, 15
"d:\KG\EA\NALA\nala\target\classes\bak\pcj\benchmark\DataSetShuffledCompact.class", "Java", 0, 0, 0, 0, 22, 0, 0, 0, 0, 22
"d:\KG\EA\NALA\nala\target\classes\bak\pcj\benchmark\HashMapBenchmark.class", "Java", 0, 0, 0, 0, 11, 0, 0, 0, 0, 11
"d:\KG\EA\NALA\nala\target\classes\bak\pcj\benchmark\HashSetBenchmark.class", "Java", 0, 0, 0, 0, 15, 0, 0, 0, 0, 15
"d:\KG\EA\NALA\nala\target\classes\bak\pcj\benchmark\IntAdaptedArrayListBenchmark$1.class", "Java", 0, 0, 0, 0, 15, 0, 0, 0, 0, 15
"d:\KG\EA\NALA\nala\target\classes\bak\pcj\benchmark\IntAdaptedArrayListBenchmark.class", "Java", 0, 0, 0, 0, 7, 0, 0, 0, 0, 7
"d:\KG\EA\NALA\nala\target\classes\bak\pcj\benchmark\IntAdaptedHashSetBenchmark$1.class", "Java", 0, 0, 0, 0, 16, 0, 0, 0, 0, 16
"d:\KG\EA\NALA\nala\target\classes\bak\pcj\benchmark\IntAdaptedHashSetBenchmark.class", "Java", 0, 0, 0, 0, 7, 0, 0, 0, 0, 7
"d:\KG\EA\NALA\nala\target\classes\bak\pcj\benchmark\IntArrayDequeBenchmark$1.class", "Java", 0, 0, 0, 0, 12, 0, 0, 0, 0, 12
"d:\KG\EA\NALA\nala\target\classes\bak\pcj\benchmark\IntArrayDequeBenchmark.class", "Java", 0, 0, 0, 0, 7, 0, 0, 0, 0, 7
"d:\KG\EA\NALA\nala\target\classes\bak\pcj\benchmark\IntArrayListBenchmark$1.class", "Java", 0, 0, 0, 0, 12, 0, 0, 0, 0, 12
"d:\KG\EA\NALA\nala\target\classes\bak\pcj\benchmark\IntArrayListBenchmark.class", "Java", 0, 0, 0, 0, 7, 0, 0, 0, 0, 7
"d:\KG\EA\NALA\nala\target\classes\bak\pcj\benchmark\IntBitSetBenchmark$1.class", "Java", 0, 0, 0, 0, 13, 0, 0, 0, 0, 13
"d:\KG\EA\NALA\nala\target\classes\bak\pcj\benchmark\IntBitSetBenchmark.class", "Java", 0, 0, 0, 0, 7, 0, 0, 0, 0, 7
"d:\KG\EA\NALA\nala\target\classes\bak\pcj\benchmark\IntChainedHashSetBenchmark$1.class", "Java", 0, 0, 0, 0, 13, 0, 0, 0, 0, 13
"d:\KG\EA\NALA\nala\target\classes\bak\pcj\benchmark\IntChainedHashSetBenchmark.class", "Java", 0, 0, 0, 0, 7, 0, 0, 0, 0, 7
"d:\KG\EA\NALA\nala\target\classes\bak\pcj\benchmark\IntCollectionBenchmark.class", "Java", 0, 0, 0, 0, 69, 0, 0, 0, 0, 69
"d:\KG\EA\NALA\nala\target\classes\bak\pcj\benchmark\IntKeyAdaptedHashMapBenchmark$1.class", "Java", 0, 0, 0, 0, 13, 0, 0, 0, 0, 13
"d:\KG\EA\NALA\nala\target\classes\bak\pcj\benchmark\IntKeyAdaptedHashMapBenchmark.class", "Java", 0, 0, 0, 0, 7, 0, 0, 0, 0, 7
"d:\KG\EA\NALA\nala\target\classes\bak\pcj\benchmark\IntKeyChainedHashMapBenchmark$1.class", "Java", 0, 0, 0, 0, 10, 0, 0, 0, 0, 10
"d:\KG\EA\NALA\nala\target\classes\bak\pcj\benchmark\IntKeyChainedHashMapBenchmark.class", "Java", 0, 0, 0, 0, 7, 0, 0, 0, 0, 7
"d:\KG\EA\NALA\nala\target\classes\bak\pcj\benchmark\IntKeyIntAdaptedHashMapBenchmark$1.class", "Java", 0, 0, 0, 0, 13, 0, 0, 0, 0, 13
"d:\KG\EA\NALA\nala\target\classes\bak\pcj\benchmark\IntKeyIntAdaptedHashMapBenchmark.class", "Java", 0, 0, 0, 0, 7, 0, 0, 0, 0, 7
"d:\KG\EA\NALA\nala\target\classes\bak\pcj\benchmark\IntKeyIntChainedHashMapBenchmark$1.class", "Java", 0, 0, 0, 0, 10, 0, 0, 0, 0, 10
"d:\KG\EA\NALA\nala\target\classes\bak\pcj\benchmark\IntKeyIntChainedHashMapBenchmark.class", "Java", 0, 0, 0, 0, 7, 0, 0, 0, 0, 7
"d:\KG\EA\NALA\nala\target\classes\bak\pcj\benchmark\IntKeyIntMapBenchmark.class", "Java", 0, 0, 0, 0, 39, 0, 0, 0, 0, 39
"d:\KG\EA\NALA\nala\target\classes\bak\pcj\benchmark\IntKeyIntMapFactory.class", "Java", 0, 0, 0, 0, 2, 0, 0, 0, 0, 2
"d:\KG\EA\NALA\nala\target\classes\bak\pcj\benchmark\IntKeyIntOpenHashMapBenchmark$1.class", "Java", 0, 0, 0, 0, 10, 0, 0, 0, 0, 10
"d:\KG\EA\NALA\nala\target\classes\bak\pcj\benchmark\IntKeyIntOpenHashMapBenchmark.class", "Java", 0, 0, 0, 0, 7, 0, 0, 0, 0, 7
"d:\KG\EA\NALA\nala\target\classes\bak\pcj\benchmark\IntKeyMapBenchmark.class", "Java", 0, 0, 0, 0, 39, 0, 0, 0, 0, 39
"d:\KG\EA\NALA\nala\target\classes\bak\pcj\benchmark\IntKeyMapFactory.class", "Java", 0, 0, 0, 0, 2, 0, 0, 0, 0, 2
"d:\KG\EA\NALA\nala\target\classes\bak\pcj\benchmark\IntKeyOpenHashMapBenchmark$1.class", "Java", 0, 0, 0, 0, 10, 0, 0, 0, 0, 10
"d:\KG\EA\NALA\nala\target\classes\bak\pcj\benchmark\IntKeyOpenHashMapBenchmark.class", "Java", 0, 0, 0, 0, 7, 0, 0, 0, 0, 7
"d:\KG\EA\NALA\nala\target\classes\bak\pcj\benchmark\IntListBenchmark.class", "Java", 0, 0, 0, 0, 57, 0, 0, 0, 0, 57
"d:\KG\EA\NALA\nala\target\classes\bak\pcj\benchmark\IntListFactory.class", "Java", 0, 0, 0, 0, 2, 0, 0, 0, 0, 2
"d:\KG\EA\NALA\nala\target\classes\bak\pcj\benchmark\IntOpenHashSetBenchmark$1.class", "Java", 0, 0, 0, 0, 13, 0, 0, 0, 0, 13
"d:\KG\EA\NALA\nala\target\classes\bak\pcj\benchmark\IntOpenHashSetBenchmark.class", "Java", 0, 0, 0, 0, 7, 0, 0, 0, 0, 7
"d:\KG\EA\NALA\nala\target\classes\bak\pcj\benchmark\IntRangeSetBenchmark$1.class", "Java", 0, 0, 0, 0, 9, 0, 0, 0, 0, 9
"d:\KG\EA\NALA\nala\target\classes\bak\pcj\benchmark\IntRangeSetBenchmark.class", "Java", 0, 0, 0, 0, 7, 0, 0, 0, 0, 7
"d:\KG\EA\NALA\nala\target\classes\bak\pcj\benchmark\IntSetBenchmark.class", "Java", 0, 0, 0, 0, 9, 0, 0, 0, 0, 9
"d:\KG\EA\NALA\nala\target\classes\bak\pcj\benchmark\IntSetFactory.class", "Java", 0, 0, 0, 0, 2, 0, 0, 0, 0, 2
"d:\KG\EA\NALA\nala\target\classes\bak\pcj\benchmark\ListBenchmark.class", "Java", 0, 0, 0, 0, 47, 0, 0, 0, 0, 47
"d:\KG\EA\NALA\nala\target\classes\bak\pcj\benchmark\MapBenchmark.class", "Java", 0, 0, 0, 0, 56, 0, 0, 0, 0, 56
"d:\KG\EA\NALA\nala\target\classes\bak\pcj\benchmark\Report.class", "Java", 0, 0, 0, 0, 186, 0, 0, 0, 5, 191
"d:\KG\EA\NALA\nala\target\classes\bak\pcj\benchmark\Result.class", "Java", 0, 0, 0, 0, 13, 0, 0, 0, 0, 13
"d:\KG\EA\NALA\nala\target\classes\bak\pcj\benchmark\ResultCollector.class", "Java", 0, 0, 0, 0, 43, 0, 0, 0, 0, 43
"d:\KG\EA\NALA\nala\target\classes\bak\pcj\benchmark\ResultComparator.class", "Java", 0, 0, 0, 0, 14, 0, 0, 0, 0, 14
"d:\KG\EA\NALA\nala\target\classes\bak\pcj\benchmark\package.html", "HTML", 0, 0, 0, 0, 0, 8, 0, 0, 2, 10
"d:\KG\EA\NALA\nala\target\classes\bak\pcj\hash\BooleanHashFunction.class", "Java", 0, 0, 0, 0, 2, 0, 0, 0, 0, 2
"d:\KG\EA\NALA\nala\target\classes\bak\pcj\hash\ByteHashFunction.class", "Java", 0, 0, 0, 0, 2, 0, 0, 0, 0, 2
"d:\KG\EA\NALA\nala\target\classes\bak\pcj\hash\CharHashFunction.class", "Java", 0, 0, 0, 0, 2, 0, 0, 0, 0, 2
"d:\KG\EA\NALA\nala\target\classes\bak\pcj\hash\DefaultBooleanHashFunction.class", "Java", 0, 0, 0, 0, 11, 0, 0, 0, 0, 11
"d:\KG\EA\NALA\nala\target\classes\bak\pcj\hash\DefaultByteHashFunction.class", "Java", 0, 0, 0, 0, 9, 0, 0, 0, 0, 9
"d:\KG\EA\NALA\nala\target\classes\bak\pcj\hash\DefaultCharHashFunction.class", "Java", 0, 0, 0, 0, 9, 0, 0, 0, 0, 9
"d:\KG\EA\NALA\nala\target\classes\bak\pcj\hash\DefaultDoubleHashFunction.class", "Java", 0, 0, 0, 0, 14, 0, 0, 0, 0, 14
"d:\KG\EA\NALA\nala\target\classes\bak\pcj\hash\DefaultFloatHashFunction.class", "Java", 0, 0, 0, 0, 10, 0, 0, 0, 0, 10
"d:\KG\EA\NALA\nala\target\classes\bak\pcj\hash\DefaultIntHashFunction.class", "Java", 0, 0, 0, 0, 9, 0, 0, 0, 0, 9
"d:\KG\EA\NALA\nala\target\classes\bak\pcj\hash\DefaultLongHashFunction.class", "Java", 0, 0, 0, 0, 9, 0, 0, 0, 0, 9
"d:\KG\EA\NALA\nala\target\classes\bak\pcj\hash\DefaultShortHashFunction.class", "Java", 0, 0, 0, 0, 9, 0, 0, 0, 0, 9
"d:\KG\EA\NALA\nala\target\classes\bak\pcj\hash\DoubleHashFunction.class", "Java", 0, 0, 0, 0, 2, 0, 0, 0, 0, 2
"d:\KG\EA\NALA\nala\target\classes\bak\pcj\hash\FloatHashFunction.class", "Java", 0, 0, 0, 0, 2, 0, 0, 0, 0, 2
"d:\KG\EA\NALA\nala\target\classes\bak\pcj\hash\IntHashFunction.class", "Java", 0, 0, 0, 0, 2, 0, 0, 0, 0, 2
"d:\KG\EA\NALA\nala\target\classes\bak\pcj\hash\LongHashFunction.class", "Java", 0, 0, 0, 0, 2, 0, 0, 0, 0, 2
"d:\KG\EA\NALA\nala\target\classes\bak\pcj\hash\Primes.class", "Java", 0, 0, 0, 0, 88, 0, 0, 0, 0, 88
"d:\KG\EA\NALA\nala\target\classes\bak\pcj\hash\ShortHashFunction.class", "Java", 0, 0, 0, 0, 2, 0, 0, 0, 0, 2
"d:\KG\EA\NALA\nala\target\classes\bak\pcj\hash\package.html", "HTML", 0, 0, 0, 0, 0, 6, 0, 0, 1, 7
"d:\KG\EA\NALA\nala\target\classes\bak\pcj\list\AbstractBooleanList$1.class", "Java", 0, 0, 0, 0, 23, 0, 0, 0, 0, 23
"d:\KG\EA\NALA\nala\target\classes\bak\pcj\list\AbstractBooleanList.class", "Java", 0, 0, 0, 0, 41, 0, 0, 0, 0, 41
"d:\KG\EA\NALA\nala\target\classes\bak\pcj\list\AbstractByteList$1.class", "Java", 0, 0, 0, 0, 23, 0, 0, 0, 0, 23
"d:\KG\EA\NALA\nala\target\classes\bak\pcj\list\AbstractByteList.class", "Java", 0, 0, 0, 0, 41, 0, 0, 0, 0, 41
"d:\KG\EA\NALA\nala\target\classes\bak\pcj\list\AbstractCharList$1.class", "Java", 0, 0, 0, 0, 23, 0, 0, 0, 0, 23
"d:\KG\EA\NALA\nala\target\classes\bak\pcj\list\AbstractCharList.class", "Java", 0, 0, 0, 0, 41, 0, 0, 0, 0, 41
"d:\KG\EA\NALA\nala\target\classes\bak\pcj\list\AbstractDoubleList$1.class", "Java", 0, 0, 0, 0, 23, 0, 0, 0, 0, 23
"d:\KG\EA\NALA\nala\target\classes\bak\pcj\list\AbstractDoubleList.class", "Java", 0, 0, 0, 0, 43, 0, 0, 0, 0, 43
"d:\KG\EA\NALA\nala\target\classes\bak\pcj\list\AbstractFloatList$1.class", "Java", 0, 0, 0, 0, 23, 0, 0, 0, 0, 23
"d:\KG\EA\NALA\nala\target\classes\bak\pcj\list\AbstractFloatList.class", "Java", 0, 0, 0, 0, 41, 0, 0, 0, 0, 41
"d:\KG\EA\NALA\nala\target\classes\bak\pcj\list\AbstractIntList$1.class", "Java", 0, 0, 0, 0, 23, 0, 0, 0, 0, 23
"d:\KG\EA\NALA\nala\target\classes\bak\pcj\list\AbstractIntList.class", "Java", 0, 0, 0, 0, 41, 0, 0, 0, 0, 41
"d:\KG\EA\NALA\nala\target\classes\bak\pcj\list\AbstractLongList$1.class", "Java", 0, 0, 0, 0, 23, 0, 0, 0, 0, 23
"d:\KG\EA\NALA\nala\target\classes\bak\pcj\list\AbstractLongList.class", "Java", 0, 0, 0, 0, 43, 0, 0, 0, 0, 43
"d:\KG\EA\NALA\nala\target\classes\bak\pcj\list\AbstractShortList$1.class", "Java", 0, 0, 0, 0, 23, 0, 0, 0, 0, 23
"d:\KG\EA\NALA\nala\target\classes\bak\pcj\list\AbstractShortList.class", "Java", 0, 0, 0, 0, 41, 0, 0, 0, 0, 41
"d:\KG\EA\NALA\nala\target\classes\bak\pcj\list\BooleanArrayDeque.class", "Java", 0, 0, 0, 0, 53, 0, 0, 50, 0, 103
"d:\KG\EA\NALA\nala\target\classes\bak\pcj\list\BooleanArrayList.class", "Java", 0, 0, 0, 0, 94, 0, 0, 0, 0, 94
"d:\KG\EA\NALA\nala\target\classes\bak\pcj\list\BooleanArrayStack.class", "Java", 0, 0, 0, 0, 28, 0, 0, 0, 0, 28
"d:\KG\EA\NALA\nala\target\classes\bak\pcj\list\BooleanDeque.class", "Java", 0, 0, 0, 0, 6, 0, 0, 0, 0, 6
"d:\KG\EA\NALA\nala\target\classes\bak\pcj\list\BooleanList.class", "Java", 0, 0, 0, 0, 5, 0, 0, 0, 0, 5
"d:\KG\EA\NALA\nala\target\classes\bak\pcj\list\BooleanListIterator.class", "Java", 0, 0, 0, 0, 6, 0, 0, 0, 0, 6
"d:\KG\EA\NALA\nala\target\classes\bak\pcj\list\BooleanStack.class", "Java", 0, 0, 0, 0, 4, 0, 0, 0, 1, 5
"d:\KG\EA\NALA\nala\target\classes\bak\pcj\list\ByteArrayDeque.class", "Java", 0, 0, 0, 0, 52, 0, 0, 51, 0, 103
"d:\KG\EA\NALA\nala\target\classes\bak\pcj\list\ByteArrayList.class", "Java", 0, 0, 0, 0, 94, 0, 0, 0, 0, 94
"d:\KG\EA\NALA\nala\target\classes\bak\pcj\list\ByteArrayStack.class", "Java", 0, 0, 0, 0, 28, 0, 0, 0, 0, 28
"d:\KG\EA\NALA\nala\target\classes\bak\pcj\list\ByteDeque.class", "Java", 0, 0, 0, 0, 6, 0, 0, 0, 0, 6
"d:\KG\EA\NALA\nala\target\classes\bak\pcj\list\ByteList.class", "Java", 0, 0, 0, 0, 6, 0, 0, 0, 0, 6
"d:\KG\EA\NALA\nala\target\classes\bak\pcj\list\ByteListIterator.class", "Java", 0, 0, 0, 0, 5, 0, 0, 0, 0, 5
"d:\KG\EA\NALA\nala\target\classes\bak\pcj\list\ByteStack.class", "Java", 0, 0, 0, 0, 4, 0, 0, 0, 1, 5
"d:\KG\EA\NALA\nala\target\classes\bak\pcj\list\CharArrayDeque.class", "Java", 0, 0, 0, 0, 52, 0, 0, 51, 0, 103
"d:\KG\EA\NALA\nala\target\classes\bak\pcj\list\CharArrayList.class", "Java", 0, 0, 0, 0, 94, 0, 0, 0, 0, 94
"d:\KG\EA\NALA\nala\target\classes\bak\pcj\list\CharArrayStack.class", "Java", 0, 0, 0, 0, 28, 0, 0, 0, 0, 28
"d:\KG\EA\NALA\nala\target\classes\bak\pcj\list\CharDeque.class", "Java", 0, 0, 0, 0, 6, 0, 0, 0, 0, 6
"d:\KG\EA\NALA\nala\target\classes\bak\pcj\list\CharList.class", "Java", 0, 0, 0, 0, 6, 0, 0, 0, 0, 6
"d:\KG\EA\NALA\nala\target\classes\bak\pcj\list\CharListIterator.class", "Java", 0, 0, 0, 0, 5, 0, 0, 0, 0, 5
"d:\KG\EA\NALA\nala\target\classes\bak\pcj\list\CharStack.class", "Java", 0, 0, 0, 0, 4, 0, 0, 0, 1, 5
"d:\KG\EA\NALA\nala\target\classes\bak\pcj\list\DoubleArrayDeque.class", "Java", 0, 0, 0, 0, 54, 0, 0, 48, 0, 102
"d:\KG\EA\NALA\nala\target\classes\bak\pcj\list\DoubleArrayList.class", "Java", 0, 0, 0, 0, 96, 0, 0, 0, 0, 96
"d:\KG\EA\NALA\nala\target\classes\bak\pcj\list\DoubleArrayStack.class", "Java", 0, 0, 0, 0, 28, 0, 0, 0, 0, 28
"d:\KG\EA\NALA\nala\target\classes\bak\pcj\list\DoubleDeque.class", "Java", 0, 0, 0, 0, 6, 0, 0, 0, 0, 6
"d:\KG\EA\NALA\nala\target\classes\bak\pcj\list\DoubleList.class", "Java", 0, 0, 0, 0, 5, 0, 0, 0, 0, 5
"d:\KG\EA\NALA\nala\target\classes\bak\pcj\list\DoubleListIterator.class", "Java", 0, 0, 0, 0, 5, 0, 0, 0, 0, 5
"d:\KG\EA\NALA\nala\target\classes\bak\pcj\list\DoubleStack.class", "Java", 0, 0, 0, 0, 4, 0, 0, 0, 1, 5
"d:\KG\EA\NALA\nala\target\classes\bak\pcj\list\FloatArrayDeque.class", "Java", 0, 0, 0, 0, 53, 0, 0, 51, 0, 104
"d:\KG\EA\NALA\nala\target\classes\bak\pcj\list\FloatArrayList.class", "Java", 0, 0, 0, 0, 95, 0, 0, 0, 0, 95
"d:\KG\EA\NALA\nala\target\classes\bak\pcj\list\FloatArrayStack.class", "Java", 0, 0, 0, 0, 28, 0, 0, 0, 0, 28
"d:\KG\EA\NALA\nala\target\classes\bak\pcj\list\FloatDeque.class", "Java", 0, 0, 0, 0, 6, 0, 0, 0, 0, 6
"d:\KG\EA\NALA\nala\target\classes\bak\pcj\list\FloatList.class", "Java", 0, 0, 0, 0, 5, 0, 0, 0, 0, 5
"d:\KG\EA\NALA\nala\target\classes\bak\pcj\list\FloatListIterator.class", "Java", 0, 0, 0, 0, 5, 0, 0, 0, 0, 5
"d:\KG\EA\NALA\nala\target\classes\bak\pcj\list\FloatStack.class", "Java", 0, 0, 0, 0, 4, 0, 0, 0, 1, 5
"d:\KG\EA\NALA\nala\target\classes\bak\pcj\list\IntArrayDeque.class", "Java", 0, 0, 0, 0, 50, 0, 0, 55, 0, 105
"d:\KG\EA\NALA\nala\target\classes\bak\pcj\list\IntArrayList.class", "Java", 0, 0, 0, 0, 108, 0, 0, 0, 0, 108
"d:\KG\EA\NALA\nala\target\classes\bak\pcj\list\IntArrayStack.class", "Java", 0, 0, 0, 0, 28, 0, 0, 0, 0, 28
"d:\KG\EA\NALA\nala\target\classes\bak\pcj\list\IntDeque.class", "Java", 0, 0, 0, 0, 7, 0, 0, 0, 0, 7
"d:\KG\EA\NALA\nala\target\classes\bak\pcj\list\IntList.class", "Java", 0, 0, 0, 0, 5, 0, 0, 0, 0, 5
"d:\KG\EA\NALA\nala\target\classes\bak\pcj\list\IntListIterator.class", "Java", 0, 0, 0, 0, 5, 0, 0, 0, 0, 5
"d:\KG\EA\NALA\nala\target\classes\bak\pcj\list\IntStack.class", "Java", 0, 0, 0, 0, 5, 0, 0, 0, 1, 6
"d:\KG\EA\NALA\nala\target\classes\bak\pcj\list\LongArrayDeque.class", "Java", 0, 0, 0, 0, 52, 0, 0, 49, 0, 101
"d:\KG\EA\NALA\nala\target\classes\bak\pcj\list\LongArrayList.class", "Java", 0, 0, 0, 0, 95, 0, 0, 0, 0, 95
"d:\KG\EA\NALA\nala\target\classes\bak\pcj\list\LongArrayStack.class", "Java", 0, 0, 0, 0, 28, 0, 0, 0, 0, 28
"d:\KG\EA\NALA\nala\target\classes\bak\pcj\list\LongDeque.class", "Java", 0, 0, 0, 0, 6, 0, 0, 0, 0, 6
"d:\KG\EA\NALA\nala\target\classes\bak\pcj\list\LongList.class", "Java", 0, 0, 0, 0, 6, 0, 0, 0, 0, 6
"d:\KG\EA\NALA\nala\target\classes\bak\pcj\list\LongListIterator.class", "Java", 0, 0, 0, 0, 5, 0, 0, 0, 0, 5
"d:\KG\EA\NALA\nala\target\classes\bak\pcj\list\LongStack.class", "Java", 0, 0, 0, 0, 4, 0, 0, 0, 1, 5
"d:\KG\EA\NALA\nala\target\classes\bak\pcj\list\ShortArrayDeque.class", "Java", 0, 0, 0, 0, 53, 0, 0, 51, 0, 104
"d:\KG\EA\NALA\nala\target\classes\bak\pcj\list\ShortArrayList.class", "Java", 0, 0, 0, 0, 95, 0, 0, 0, 0, 95
"d:\KG\EA\NALA\nala\target\classes\bak\pcj\list\ShortArrayStack.class", "Java", 0, 0, 0, 0, 28, 0, 0, 0, 0, 28
"d:\KG\EA\NALA\nala\target\classes\bak\pcj\list\ShortDeque.class", "Java", 0, 0, 0, 0, 6, 0, 0, 0, 0, 6
"d:\KG\EA\NALA\nala\target\classes\bak\pcj\list\ShortList.class", "Java", 0, 0, 0, 0, 5, 0, 0, 0, 0, 5
"d:\KG\EA\NALA\nala\target\classes\bak\pcj\list\ShortListIterator.class", "Java", 0, 0, 0, 0, 5, 0, 0, 0, 0, 5
"d:\KG\EA\NALA\nala\target\classes\bak\pcj\list\ShortStack.class", "Java", 0, 0, 0, 0, 4, 0, 0, 0, 1, 5
"d:\KG\EA\NALA\nala\target\classes\bak\pcj\list\UnmodifiableBooleanList$1.class", "Java", 0, 0, 0, 0, 30, 0, 0, 0, 1, 31
"d:\KG\EA\NALA\nala\target\classes\bak\pcj\list\UnmodifiableBooleanList.class", "Java", 0, 0, 0, 0, 35, 0, 0, 0, 0, 35
"d:\KG\EA\NALA\nala\target\classes\bak\pcj\list\UnmodifiableByteList$1.class", "Java", 0, 0, 0, 0, 30, 0, 0, 0, 1, 31
"d:\KG\EA\NALA\nala\target\classes\bak\pcj\list\UnmodifiableByteList.class", "Java", 0, 0, 0, 0, 35, 0, 0, 0, 0, 35
"d:\KG\EA\NALA\nala\target\classes\bak\pcj\list\UnmodifiableCharList$1.class", "Java", 0, 0, 0, 0, 30, 0, 0, 0, 1, 31
"d:\KG\EA\NALA\nala\target\classes\bak\pcj\list\UnmodifiableCharList.class", "Java", 0, 0, 0, 0, 35, 0, 0, 0, 0, 35
"d:\KG\EA\NALA\nala\target\classes\bak\pcj\list\UnmodifiableDoubleList$1.class", "Java", 0, 0, 0, 0, 30, 0, 0, 0, 1, 31
"d:\KG\EA\NALA\nala\target\classes\bak\pcj\list\UnmodifiableDoubleList.class", "Java", 0, 0, 0, 0, 35, 0, 0, 0, 0, 35
"d:\KG\EA\NALA\nala\target\classes\bak\pcj\list\UnmodifiableFloatList$1.class", "Java", 0, 0, 0, 0, 30, 0, 0, 0, 1, 31
"d:\KG\EA\NALA\nala\target\classes\bak\pcj\list\UnmodifiableFloatList.class", "Java", 0, 0, 0, 0, 35, 0, 0, 0, 0, 35
"d:\KG\EA\NALA\nala\target\classes\bak\pcj\list\UnmodifiableIntList$1.class", "Java", 0, 0, 0, 0, 30, 0, 0, 0, 1, 31
"d:\KG\EA\NALA\nala\target\classes\bak\pcj\list\UnmodifiableIntList.class", "Java", 0, 0, 0, 0, 35, 0, 0, 0, 0, 35
"d:\KG\EA\NALA\nala\target\classes\bak\pcj\list\UnmodifiableLongList$1.class", "Java", 0, 0, 0, 0, 30, 0, 0, 0, 1, 31
"d:\KG\EA\NALA\nala\target\classes\bak\pcj\list\UnmodifiableLongList.class", "Java", 0, 0, 0, 0, 35, 0, 0, 0, 0, 35
"d:\KG\EA\NALA\nala\target\classes\bak\pcj\list\UnmodifiableShortList$1.class", "Java", 0, 0, 0, 0, 30, 0, 0, 0, 1, 31
"d:\KG\EA\NALA\nala\target\classes\bak\pcj\list\UnmodifiableShortList.class", "Java", 0, 0, 0, 0, 35, 0, 0, 0, 0, 35
"d:\KG\EA\NALA\nala\target\classes\bak\pcj\list\package.html", "HTML", 0, 0, 0, 0, 0, 6, 0, 0, 1, 7
"d:\KG\EA\NALA\nala\target\classes\bak\pcj\map\AbstractBooleanKeyBooleanMap.class", "Java", 0, 0, 0, 0, 50, 0, 0, 0, 0, 50
"d:\KG\EA\NALA\nala\target\classes\bak\pcj\map\AbstractBooleanKeyByteMap.class", "Java", 0, 0, 0, 0, 51, 0, 0, 0, 0, 51
"d:\KG\EA\NALA\nala\target\classes\bak\pcj\map\AbstractBooleanKeyCharMap.class", "Java", 0, 0, 0, 0, 51, 0, 0, 0, 0, 51
"d:\KG\EA\NALA\nala\target\classes\bak\pcj\map\AbstractBooleanKeyDoubleMap.class", "Java", 0, 0, 0, 0, 51, 0, 0, 0, 0, 51
"d:\KG\EA\NALA\nala\target\classes\bak\pcj\map\AbstractBooleanKeyFloatMap.class", "Java", 0, 0, 0, 0, 50, 0, 0, 0, 0, 50
"d:\KG\EA\NALA\nala\target\classes\bak\pcj\map\AbstractBooleanKeyIntMap.class", "Java", 0, 0, 0, 0, 52, 0, 0, 0, 0, 52
"d:\KG\EA\NALA\nala\target\classes\bak\pcj\map\AbstractBooleanKeyLongMap.class", "Java", 0, 0, 0, 0, 50, 0, 0, 0, 0, 50
"d:\KG\EA\NALA\nala\target\classes\bak\pcj\map\AbstractBooleanKeyMap.class", "Java", 0, 0, 0, 0, 46, 0, 0, 0, 0, 46
"d:\KG\EA\NALA\nala\target\classes\bak\pcj\map\AbstractBooleanKeyShortMap.class", "Java", 0, 0, 0, 0, 51, 0, 0, 0, 0, 51
"d:\KG\EA\NALA\nala\target\classes\bak\pcj\map\AbstractByteKeyBooleanMap.class", "Java", 0, 0, 0, 0, 51, 0, 0, 0, 0, 51
"d:\KG\EA\NALA\nala\target\classes\bak\pcj\map\AbstractByteKeyByteMap.class", "Java", 0, 0, 0, 0, 50, 0, 0, 0, 0, 50
"d:\KG\EA\NALA\nala\target\classes\bak\pcj\map\AbstractByteKeyCharMap.class", "Java", 0, 0, 0, 0, 51, 0, 0, 0, 0, 51
"d:\KG\EA\NALA\nala\target\classes\bak\pcj\map\AbstractByteKeyDoubleMap.class", "Java", 0, 0, 0, 0, 51, 0, 0, 0, 0, 51
"d:\KG\EA\NALA\nala\target\classes\bak\pcj\map\AbstractByteKeyFloatMap.class", "Java", 0, 0, 0, 0, 50, 0, 0, 0, 0, 50
"d:\KG\EA\NALA\nala\target\classes\bak\pcj\map\AbstractByteKeyIntMap.class", "Java", 0, 0, 0, 0, 51, 0, 0, 0, 0, 51
"d:\KG\EA\NALA\nala\target\classes\bak\pcj\map\AbstractByteKeyLongMap.class", "Java", 0, 0, 0, 0, 50, 0, 0, 0, 0, 50
"d:\KG\EA\NALA\nala\target\classes\bak\pcj\map\AbstractByteKeyMap.class", "Java", 0, 0, 0, 0, 46, 0, 0, 0, 0, 46
"d:\KG\EA\NALA\nala\target\classes\bak\pcj\map\AbstractByteKeyShortMap.class", "Java", 0, 0, 0, 0, 50, 0, 0, 0, 0, 50
"d:\KG\EA\NALA\nala\target\classes\bak\pcj\map\AbstractCharKeyBooleanMap.class", "Java", 0, 0, 0, 0, 51, 0, 0, 0, 0, 51
"d:\KG\EA\NALA\nala\target\classes\bak\pcj\map\AbstractCharKeyByteMap.class", "Java", 0, 0, 0, 0, 51, 0, 0, 0, 0, 51
"d:\KG\EA\NALA\nala\target\classes\bak\pcj\map\AbstractCharKeyCharMap.class", "Java", 0, 0, 0, 0, 50, 0, 0, 0, 0, 50
"d:\KG\EA\NALA\nala\target\classes\bak\pcj\map\AbstractCharKeyDoubleMap.class", "Java", 0, 0, 0, 0, 51, 0, 0, 0, 0, 51
"d:\KG\EA\NALA\nala\target\classes\bak\pcj\map\AbstractCharKeyFloatMap.class", "Java", 0, 0, 0, 0, 50, 0, 0, 0, 0, 50
"d:\KG\EA\NALA\nala\target\classes\bak\pcj\map\AbstractCharKeyIntMap.class", "Java", 0, 0, 0, 0, 52, 0, 0, 0, 0, 52
"d:\KG\EA\NALA\nala\target\classes\bak\pcj\map\AbstractCharKeyLongMap.class", "Java", 0, 0, 0, 0, 50, 0, 0, 0, 0, 50
"d:\KG\EA\NALA\nala\target\classes\bak\pcj\map\AbstractCharKeyMap.class", "Java", 0, 0, 0, 0, 46, 0, 0, 0, 0, 46
"d:\KG\EA\NALA\nala\target\classes\bak\pcj\map\AbstractCharKeyShortMap.class", "Java", 0, 0, 0, 0, 51, 0, 0, 0, 0, 51
"d:\KG\EA\NALA\nala\target\classes\bak\pcj\map\AbstractDoubleKeyBooleanMap.class", "Java", 0, 0, 0, 0, 51, 0, 0, 0, 0, 51
"d:\KG\EA\NALA\nala\target\classes\bak\pcj\map\AbstractDoubleKeyByteMap.class", "Java", 0, 0, 0, 0, 51, 0, 0, 0, 0, 51
"d:\KG\EA\NALA\nala\target\classes\bak\pcj\map\AbstractDoubleKeyCharMap.class", "Java", 0, 0, 0, 0, 51, 0, 0, 0, 0, 51
"d:\KG\EA\NALA\nala\target\classes\bak\pcj\map\AbstractDoubleKeyDoubleMap.class", "Java", 0, 0, 0, 0, 50, 0, 0, 0, 0, 50
"d:\KG\EA\NALA\nala\target\classes\bak\pcj\map\AbstractDoubleKeyFloatMap.class", "Java", 0, 0, 0, 0, 50, 0, 0, 0, 0, 50
"d:\KG\EA\NALA\nala\target\classes\bak\pcj\map\AbstractDoubleKeyIntMap.class", "Java", 0, 0, 0, 0, 52, 0, 0, 0, 0, 52
"d:\KG\EA\NALA\nala\target\classes\bak\pcj\map\AbstractDoubleKeyLongMap.class", "Java", 0, 0, 0, 0, 50, 0, 0, 0, 0, 50
"d:\KG\EA\NALA\nala\target\classes\bak\pcj\map\AbstractDoubleKeyMap.class", "Java", 0, 0, 0, 0, 46, 0, 0, 0, 0, 46
"d:\KG\EA\NALA\nala\target\classes\bak\pcj\map\AbstractDoubleKeyShortMap.class", "Java", 0, 0, 0, 0, 51, 0, 0, 0, 0, 51
"d:\KG\EA\NALA\nala\target\classes\bak\pcj\map\AbstractFloatKeyBooleanMap.class", "Java", 0, 0, 0, 0, 51, 0, 0, 0, 0, 51
"d:\KG\EA\NALA\nala\target\classes\bak\pcj\map\AbstractFloatKeyByteMap.class", "Java", 0, 0, 0, 0, 51, 0, 0, 0, 0, 51
"d:\KG\EA\NALA\nala\target\classes\bak\pcj\map\AbstractFloatKeyCharMap.class", "Java", 0, 0, 0, 0, 51, 0, 0, 0, 0, 51
"d:\KG\EA\NALA\nala\target\classes\bak\pcj\map\AbstractFloatKeyDoubleMap.class", "Java", 0, 0, 0, 0, 51, 0, 0, 0, 0, 51
"d:\KG\EA\NALA\nala\target\classes\bak\pcj\map\AbstractFloatKeyFloatMap.class", "Java", 0, 0, 0, 0, 49, 0, 0, 0, 0, 49
"d:\KG\EA\NALA\nala\target\classes\bak\pcj\map\AbstractFloatKeyIntMap.class", "Java", 0, 0, 0, 0, 52, 0, 0, 0, 0, 52
"d:\KG\EA\NALA\nala\target\classes\bak\pcj\map\AbstractFloatKeyLongMap.class", "Java", 0, 0, 0, 0, 50, 0, 0, 0, 0, 50
"d:\KG\EA\NALA\nala\target\classes\bak\pcj\map\AbstractFloatKeyMap.class", "Java", 0, 0, 0, 0, 46, 0, 0, 0, 0, 46
"d:\KG\EA\NALA\nala\target\classes\bak\pcj\map\AbstractFloatKeyShortMap.class", "Java", 0, 0, 0, 0, 51, 0, 0, 0, 0, 51
"d:\KG\EA\NALA\nala\target\classes\bak\pcj\map\AbstractIntKeyBooleanMap.class", "Java", 0, 0, 0, 0, 51, 0, 0, 0, 0, 51
"d:\KG\EA\NALA\nala\target\classes\bak\pcj\map\AbstractIntKeyByteMap.class", "Java", 0, 0, 0, 0, 50, 0, 0, 0, 0, 50
"d:\KG\EA\NALA\nala\target\classes\bak\pcj\map\AbstractIntKeyCharMap.class", "Java", 0, 0, 0, 0, 51, 0, 0, 0, 0, 51
"d:\KG\EA\NALA\nala\target\classes\bak\pcj\map\AbstractIntKeyDoubleMap.class", "Java", 0, 0, 0, 0, 51, 0, 0, 0, 0, 51
"d:\KG\EA\NALA\nala\target\classes\bak\pcj\map\AbstractIntKeyFloatMap.class", "Java", 0, 0, 0, 0, 50, 0, 0, 0, 0, 50
"d:\KG\EA\NALA\nala\target\classes\bak\pcj\map\AbstractIntKeyIntMap.class", "Java", 0, 0, 0, 0, 51, 0, 0, 0, 0, 51
"d:\KG\EA\NALA\nala\target\classes\bak\pcj\map\AbstractIntKeyLongMap.class", "Java", 0, 0, 0, 0, 50, 0, 0, 0, 0, 50
"d:\KG\EA\NALA\nala\target\classes\bak\pcj\map\AbstractIntKeyMap.class", "Java", 0, 0, 0, 0, 46, 0, 0, 0, 0, 46
"d:\KG\EA\NALA\nala\target\classes\bak\pcj\map\AbstractIntKeyShortMap.class", "Java", 0, 0, 0, 0, 50, 0, 0, 0, 0, 50
"d:\KG\EA\NALA\nala\target\classes\bak\pcj\map\AbstractLongKeyBooleanMap.class", "Java", 0, 0, 0, 0, 51, 0, 0, 0, 0, 51
"d:\KG\EA\NALA\nala\target\classes\bak\pcj\map\AbstractLongKeyByteMap.class", "Java", 0, 0, 0, 0, 51, 0, 0, 0, 0, 51
"d:\KG\EA\NALA\nala\target\classes\bak\pcj\map\AbstractLongKeyCharMap.class", "Java", 0, 0, 0, 0, 51, 0, 0, 0, 0, 51
"d:\KG\EA\NALA\nala\target\classes\bak\pcj\map\AbstractLongKeyDoubleMap.class", "Java", 0, 0, 0, 0, 51, 0, 0, 0, 0, 51
"d:\KG\EA\NALA\nala\target\classes\bak\pcj\map\AbstractLongKeyFloatMap.class", "Java", 0, 0, 0, 0, 50, 0, 0, 0, 0, 50
"d:\KG\EA\NALA\nala\target\classes\bak\pcj\map\AbstractLongKeyIntMap.class", "Java", 0, 0, 0, 0, 52, 0, 0, 0, 0, 52
"d:\KG\EA\NALA\nala\target\classes\bak\pcj\map\AbstractLongKeyLongMap.class", "Java", 0, 0, 0, 0, 49, 0, 0, 0, 0, 49
"d:\KG\EA\NALA\nala\target\classes\bak\pcj\map\AbstractLongKeyMap.class", "Java", 0, 0, 0, 0, 46, 0, 0, 0, 0, 46
"d:\KG\EA\NALA\nala\target\classes\bak\pcj\map\AbstractLongKeyShortMap.class", "Java", 0, 0, 0, 0, 51, 0, 0, 0, 0, 51
"d:\KG\EA\NALA\nala\target\classes\bak\pcj\map\AbstractObjectKeyBooleanMap.class", "Java", 0, 0, 0, 0, 54, 0, 0, 0, 0, 54
"d:\KG\EA\NALA\nala\target\classes\bak\pcj\map\AbstractObjectKeyByteMap.class", "Java", 0, 0, 0, 0, 54, 0, 0, 0, 0, 54
"d:\KG\EA\NALA\nala\target\classes\bak\pcj\map\AbstractObjectKeyCharMap.class", "Java", 0, 0, 0, 0, 54, 0, 0, 0, 0, 54
"d:\KG\EA\NALA\nala\target\classes\bak\pcj\map\AbstractObjectKeyDoubleMap.class", "Java", 0, 0, 0, 0, 54, 0, 0, 0, 0, 54
"d:\KG\EA\NALA\nala\target\classes\bak\pcj\map\AbstractObjectKeyFloatMap.class", "Java", 0, 0, 0, 0, 53, 0, 0, 0, 0, 53
"d:\KG\EA\NALA\nala\target\classes\bak\pcj\map\AbstractObjectKeyIntMap.class", "Java", 0, 0, 0, 0, 55, 0, 0, 0, 0, 55
"d:\KG\EA\NALA\nala\target\classes\bak\pcj\map\AbstractObjectKeyLongMap.class", "Java", 0, 0, 0, 0, 53, 0, 0, 0, 0, 53
"d:\KG\EA\NALA\nala\target\classes\bak\pcj\map\AbstractObjectKeyShortMap.class", "Java", 0, 0, 0, 0, 54, 0, 0, 0, 0, 54
"d:\KG\EA\NALA\nala\target\classes\bak\pcj\map\AbstractShortKeyBooleanMap.class", "Java", 0, 0, 0, 0, 51, 0, 0, 0, 0, 51
"d:\KG\EA\NALA\nala\target\classes\bak\pcj\map\AbstractShortKeyByteMap.class", "Java", 0, 0, 0, 0, 50, 0, 0, 0, 0, 50
"d:\KG\EA\NALA\nala\target\classes\bak\pcj\map\AbstractShortKeyCharMap.class", "Java", 0, 0, 0, 0, 51, 0, 0, 0, 0, 51
"d:\KG\EA\NALA\nala\target\classes\bak\pcj\map\AbstractShortKeyDoubleMap.class", "Java", 0, 0, 0, 0, 51, 0, 0, 0, 0, 51
"d:\KG\EA\NALA\nala\target\classes\bak\pcj\map\AbstractShortKeyFloatMap.class", "Java", 0, 0, 0, 0, 50, 0, 0, 0, 0, 50
"d:\KG\EA\NALA\nala\target\classes\bak\pcj\map\AbstractShortKeyIntMap.class", "Java", 0, 0, 0, 0, 51, 0, 0, 0, 0, 51
"d:\KG\EA\NALA\nala\target\classes\bak\pcj\map\AbstractShortKeyLongMap.class", "Java", 0, 0, 0, 0, 50, 0, 0, 0, 0, 50
"d:\KG\EA\NALA\nala\target\classes\bak\pcj\map\AbstractShortKeyMap.class", "Java", 0, 0, 0, 0, 46, 0, 0, 0, 0, 46
"d:\KG\EA\NALA\nala\target\classes\bak\pcj\map\AbstractShortKeyShortMap.class", "Java", 0, 0, 0, 0, 50, 0, 0, 0, 0, 50
"d:\KG\EA\NALA\nala\target\classes\bak\pcj\map\BooleanKeyBooleanMap.class", "Java", 0, 0, 0, 0, 6, 0, 0, 0, 0, 6
"d:\KG\EA\NALA\nala\target\classes\bak\pcj\map\BooleanKeyBooleanMapIterator.class", "Java", 0, 0, 0, 0, 3, 0, 0, 0, 1, 4
"d:\KG\EA\NALA\nala\target\classes\bak\pcj\map\BooleanKeyByteMap.class", "Java", 0, 0, 0, 0, 6, 0, 0, 0, 0, 6
"d:\KG\EA\NALA\nala\target\classes\bak\pcj\map\BooleanKeyByteMapIterator.class", "Java", 0, 0, 0, 0, 4, 0, 0, 0, 0, 4
"d:\KG\EA\NALA\nala\target\classes\bak\pcj\map\BooleanKeyChainedHashMap$1.class", "Java", 0, 0, 0, 0, 24, 0, 0, 0, 2, 26
"d:\KG\EA\NALA\nala\target\classes\bak\pcj\map\BooleanKeyChainedHashMap$Entry.class", "Java", 0, 0, 0, 0, 18, 0, 0, 0, 1, 19
"d:\KG\EA\NALA\nala\target\classes\bak\pcj\map\BooleanKeyChainedHashMap$KeySet$1.class", "Java", 0, 0, 0, 0, 20, 0, 0, 0, 1, 21
"d:\KG\EA\NALA\nala\target\classes\bak\pcj\map\BooleanKeyChainedHashMap$KeySet.class", "Java", 0, 0, 0, 0, 24, 0, 0, 0, 0, 24
"d:\KG\EA\NALA\nala\target\classes\bak\pcj\map\BooleanKeyChainedHashMap$ValueCollection$1.class", "Java", 0, 0, 0, 0, 20, 0, 0, 0, 1, 21
"d:\KG\EA\NALA\nala\target\classes\bak\pcj\map\BooleanKeyChainedHashMap$ValueCollection.class", "Java", 0, 0, 0, 0, 17, 0, 0, 0, 0, 17
"d:\KG\EA\NALA\nala\target\classes\bak\pcj\map\BooleanKeyChainedHashMap.class", "Java", 0, 0, 0, 0, 123, 0, 0, 1, 0, 124
"d:\KG\EA\NALA\nala\target\classes\bak\pcj\map\BooleanKeyCharMap.class", "Java", 0, 0, 0, 0, 6, 0, 0, 0, 0, 6
"d:\KG\EA\NALA\nala\target\classes\bak\pcj\map\BooleanKeyCharMapIterator.class", "Java", 0, 0, 0, 0, 4, 0, 0, 0, 0, 4
"d:\KG\EA\NALA\nala\target\classes\bak\pcj\map\BooleanKeyDoubleMap.class", "Java", 0, 0, 0, 0, 6, 0, 0, 0, 0, 6
"d:\KG\EA\NALA\nala\target\classes\bak\pcj\map\BooleanKeyDoubleMapIterator.class", "Java", 0, 0, 0, 0, 4, 0, 0, 0, 0, 4
"d:\KG\EA\NALA\nala\target\classes\bak\pcj\map\BooleanKeyFloatMap.class", "Java", 0, 0, 0, 0, 6, 0, 0, 0, 0, 6
"d:\KG\EA\NALA\nala\target\classes\bak\pcj\map\BooleanKeyFloatMapIterator.class", "Java", 0, 0, 0, 0, 4, 0, 0, 0, 0, 4
"d:\KG\EA\NALA\nala\target\classes\bak\pcj\map\BooleanKeyIntMap.class", "Java", 0, 0, 0, 0, 6, 0, 0, 0, 0, 6
"d:\KG\EA\NALA\nala\target\classes\bak\pcj\map\BooleanKeyIntMapIterator.class", "Java", 0, 0, 0, 0, 4, 0, 0, 0, 0, 4
"d:\KG\EA\NALA\nala\target\classes\bak\pcj\map\BooleanKeyLongMap.class", "Java", 0, 0, 0, 0, 6, 0, 0, 0, 0, 6
"d:\KG\EA\NALA\nala\target\classes\bak\pcj\map\BooleanKeyLongMapIterator.class", "Java", 0, 0, 0, 0, 4, 0, 0, 0, 0, 4
"d:\KG\EA\NALA\nala\target\classes\bak\pcj\map\BooleanKeyMap.class", "Java", 0, 0, 0, 0, 6, 0, 0, 0, 0, 6
"d:\KG\EA\NALA\nala\target\classes\bak\pcj\map\BooleanKeyMapIterator.class", "Java", 0, 0, 0, 0, 4, 0, 0, 0, 0, 4
"d:\KG\EA\NALA\nala\target\classes\bak\pcj\map\BooleanKeyOpenHashMap$1.class", "Java", 0, 0, 0, 0, 21, 0, 0, 0, 0, 21
"d:\KG\EA\NALA\nala\target\classes\bak\pcj\map\BooleanKeyOpenHashMap$KeySet$1.class", "Java", 0, 0, 0, 0, 20, 0, 0, 0, 0, 20
"d:\KG\EA\NALA\nala\target\classes\bak\pcj\map\BooleanKeyOpenHashMap$KeySet.class", "Java", 0, 0, 0, 0, 21, 0, 0, 0, 0, 21
"d:\KG\EA\NALA\nala\target\classes\bak\pcj\map\BooleanKeyOpenHashMap$ValueCollection$1.class", "Java", 0, 0, 0, 0, 20, 0, 0, 0, 0, 20
"d:\KG\EA\NALA\nala\target\classes\bak\pcj\map\BooleanKeyOpenHashMap$ValueCollection.class", "Java", 0, 0, 0, 0, 17, 0, 0, 0, 0, 17
"d:\KG\EA\NALA\nala\target\classes\bak\pcj\map\BooleanKeyOpenHashMap.class", "Java", 0, 0, 0, 0, 128, 0, 0, 0, 0, 128
"d:\KG\EA\NALA\nala\target\classes\bak\pcj\map\BooleanKeyShortMap.class", "Java", 0, 0, 0, 0, 6, 0, 0, 0, 0, 6
"d:\KG\EA\NALA\nala\target\classes\bak\pcj\map\BooleanKeyShortMapIterator.class", "Java", 0, 0, 0, 0, 4, 0, 0, 0, 0, 4
"d:\KG\EA\NALA\nala\target\classes\bak\pcj\map\ByteKeyBooleanChainedHashMap$1.class", "Java", 0, 0, 0, 0, 24, 0, 0, 0, 2, 26
"d:\KG\EA\NALA\nala\target\classes\bak\pcj\map\ByteKeyBooleanChainedHashMap$Entry.class", "Java", 0, 0, 0, 0, 17, 0, 0, 0, 1, 18
"d:\KG\EA\NALA\nala\target\classes\bak\pcj\map\ByteKeyBooleanChainedHashMap$KeySet$1.class", "Java", 0, 0, 0, 0, 20, 0, 0, 0, 1, 21
"d:\KG\EA\NALA\nala\target\classes\bak\pcj\map\ByteKeyBooleanChainedHashMap$KeySet.class", "Java", 0, 0, 0, 0, 24, 0, 0, 0, 0, 24
"d:\KG\EA\NALA\nala\target\classes\bak\pcj\map\ByteKeyBooleanChainedHashMap$ValueCollection$1.class", "Java", 0, 0, 0, 0, 20, 0, 0, 0, 1, 21
"d:\KG\EA\NALA\nala\target\classes\bak\pcj\map\ByteKeyBooleanChainedHashMap$ValueCollection.class", "Java", 0, 0, 0, 0, 17, 0, 0, 0, 0, 17
"d:\KG\EA\NALA\nala\target\classes\bak\pcj\map\ByteKeyBooleanChainedHashMap.class", "Java", 0, 0, 0, 0, 123, 0, 0, 7, 0, 130
"d:\KG\EA\NALA\nala\target\classes\bak\pcj\map\ByteKeyBooleanMap.class", "Java", 0, 0, 0, 0, 6, 0, 0, 0, 0, 6
"d:\KG\EA\NALA\nala\target\classes\bak\pcj\map\ByteKeyBooleanMapIterator.class", "Java", 0, 0, 0, 0, 4, 0, 0, 0, 0, 4
"d:\KG\EA\NALA\nala\target\classes\bak\pcj\map\ByteKeyBooleanOpenHashMap$1.class", "Java", 0, 0, 0, 0, 18, 0, 0, 3, 0, 21
"d:\KG\EA\NALA\nala\target\classes\bak\pcj\map\ByteKeyBooleanOpenHashMap$KeySet$1.class", "Java", 0, 0, 0, 0, 19, 0, 0, 0, 0, 19
"d:\KG\EA\NALA\nala\target\classes\bak\pcj\map\ByteKeyBooleanOpenHashMap$KeySet.class", "Java", 0, 0, 0, 0, 21, 0, 0, 0, 0, 21
"d:\KG\EA\NALA\nala\target\classes\bak\pcj\map\ByteKeyBooleanOpenHashMap$ValueCollection$1.class", "Java", 0, 0, 0, 0, 20, 0, 0, 0, 0, 20
"d:\KG\EA\NALA\nala\target\classes\bak\pcj\map\ByteKeyBooleanOpenHashMap$ValueCollection.class", "Java", 0, 0, 0, 0, 17, 0, 0, 0, 0, 17
"d:\KG\EA\NALA\nala\target\classes\bak\pcj\map\ByteKeyBooleanOpenHashMap.class", "Java", 0, 0, 0, 0, 137, 0, 0, 0, 0, 137
"d:\KG\EA\NALA\nala\target\classes\bak\pcj\map\ByteKeyByteChainedHashMap$1.class", "Java", 0, 0, 0, 0, 24, 0, 0, 0, 2, 26
"d:\KG\EA\NALA\nala\target\classes\bak\pcj\map\ByteKeyByteChainedHashMap$Entry.class", "Java", 0, 0, 0, 0, 10, 0, 0, 0, 1, 11
"d:\KG\EA\NALA\nala\target\classes\bak\pcj\map\ByteKeyByteChainedHashMap$KeySet$1.class", "Java", 0, 0, 0, 0, 20, 0, 0, 0, 1, 21
"d:\KG\EA\NALA\nala\target\classes\bak\pcj\map\ByteKeyByteChainedHashMap$KeySet.class", "Java", 0, 0, 0, 0, 24, 0, 0, 0, 0, 24
"d:\KG\EA\NALA\nala\target\classes\bak\pcj\map\ByteKeyByteChainedHashMap$ValueCollection$1.class", "Java", 0, 0, 0, 0, 20, 0, 0, 0, 1, 21
"d:\KG\EA\NALA\nala\target\classes\bak\pcj\map\ByteKeyByteChainedHashMap$ValueCollection.class", "Java", 0, 0, 0, 0, 17, 0, 0, 0, 0, 17
"d:\KG\EA\NALA\nala\target\classes\bak\pcj\map\ByteKeyByteChainedHashMap.class", "Java", 0, 0, 0, 0, 121, 0, 0, 8, 0, 129
"d:\KG\EA\NALA\nala\target\classes\bak\pcj\map\ByteKeyByteMap.class", "Java", 0, 0, 0, 0, 6, 0, 0, 0, 0, 6
"d:\KG\EA\NALA\nala\target\classes\bak\pcj\map\ByteKeyByteMapIterator.class", "Java", 0, 0, 0, 0, 4, 0, 0, 0, 0, 4
"d:\KG\EA\NALA\nala\target\classes\bak\pcj\map\ByteKeyByteOpenHashMap$1.class", "Java", 0, 0, 0, 0, 18, 0, 0, 3, 0, 21
"d:\KG\EA\NALA\nala\target\classes\bak\pcj\map\ByteKeyByteOpenHashMap$KeySet$1.class", "Java", 0, 0, 0, 0, 19, 0, 0, 0, 0, 19
"d:\KG\EA\NALA\nala\target\classes\bak\pcj\map\ByteKeyByteOpenHashMap$KeySet.class", "Java", 0, 0, 0, 0, 21, 0, 0, 0, 0, 21
"d:\KG\EA\NALA\nala\target\classes\bak\pcj\map\ByteKeyByteOpenHashMap$ValueCollection$1.class", "Java", 0, 0, 0, 0, 20, 0, 0, 0, 0, 20
"d:\KG\EA\NALA\nala\target\classes\bak\pcj\map\ByteKeyByteOpenHashMap$ValueCollection.class", "Java", 0, 0, 0, 0, 17, 0, 0, 0, 0, 17
"d:\KG\EA\NALA\nala\target\classes\bak\pcj\map\ByteKeyByteOpenHashMap.class", "Java", 0, 0, 0, 0, 134, 0, 0, 0, 0, 134
"d:\KG\EA\NALA\nala\target\classes\bak\pcj\map\ByteKeyChainedHashMap$1.class", "Java", 0, 0, 0, 0, 24, 0, 0, 0, 2, 26
"d:\KG\EA\NALA\nala\target\classes\bak\pcj\map\ByteKeyChainedHashMap$Entry.class", "Java", 0, 0, 0, 0, 18, 0, 0, 0, 1, 19
"d:\KG\EA\NALA\nala\target\classes\bak\pcj\map\ByteKeyChainedHashMap$KeySet$1.class", "Java", 0, 0, 0, 0, 20, 0, 0, 0, 1, 21
"d:\KG\EA\NALA\nala\target\classes\bak\pcj\map\ByteKeyChainedHashMap$KeySet.class", "Java", 0, 0, 0, 0, 24, 0, 0, 0, 0, 24
"d:\KG\EA\NALA\nala\target\classes\bak\pcj\map\ByteKeyChainedHashMap$ValueCollection$1.class", "Java", 0, 0, 0, 0, 20, 0, 0, 0, 1, 21
"d:\KG\EA\NALA\nala\target\classes\bak\pcj\map\ByteKeyChainedHashMap$ValueCollection.class", "Java", 0, 0, 0, 0, 17, 0, 0, 0, 0, 17
"d:\KG\EA\NALA\nala\target\classes\bak\pcj\map\ByteKeyChainedHashMap.class", "Java", 0, 0, 0, 0, 125, 0, 0, 1, 0, 126
"d:\KG\EA\NALA\nala\target\classes\bak\pcj\map\ByteKeyCharChainedHashMap$1.class", "Java", 0, 0, 0, 0, 24, 0, 0, 0, 2, 26
"d:\KG\EA\NALA\nala\target\classes\bak\pcj\map\ByteKeyCharChainedHashMap$Entry.class", "Java", 0, 0, 0, 0, 17, 0, 0, 0, 1, 18
"d:\KG\EA\NALA\nala\target\classes\bak\pcj\map\ByteKeyCharChainedHashMap$KeySet$1.class", "Java", 0, 0, 0, 0, 20, 0, 0, 0, 1, 21
"d:\KG\EA\NALA\nala\target\classes\bak\pcj\map\ByteKeyCharChainedHashMap$KeySet.class", "Java", 0, 0, 0, 0, 24, 0, 0, 0, 0, 24
"d:\KG\EA\NALA\nala\target\classes\bak\pcj\map\ByteKeyCharChainedHashMap$ValueCollection$1.class", "Java", 0, 0, 0, 0, 20, 0, 0, 0, 1, 21
"d:\KG\EA\NALA\nala\target\classes\bak\pcj\map\ByteKeyCharChainedHashMap$ValueCollection.class", "Java", 0, 0, 0, 0, 17, 0, 0, 0, 0, 17
"d:\KG\EA\NALA\nala\target\classes\bak\pcj\map\ByteKeyCharChainedHashMap.class", "Java", 0, 0, 0, 0, 123, 0, 0, 6, 0, 129
"d:\KG\EA\NALA\nala\target\classes\bak\pcj\map\ByteKeyCharMap.class", "Java", 0, 0, 0, 0, 6, 0, 0, 0, 0, 6
"d:\KG\EA\NALA\nala\target\classes\bak\pcj\map\ByteKeyCharMapIterator.class", "Java", 0, 0, 0, 0, 4, 0, 0, 0, 0, 4
"d:\KG\EA\NALA\nala\target\classes\bak\pcj\map\ByteKeyCharOpenHashMap$1.class", "Java", 0, 0, 0, 0, 18, 0, 0, 3, 0, 21
"d:\KG\EA\NALA\nala\target\classes\bak\pcj\map\ByteKeyCharOpenHashMap$KeySet$1.class", "Java", 0, 0, 0, 0, 19, 0, 0, 0, 0, 19
"d:\KG\EA\NALA\nala\target\classes\bak\pcj\map\ByteKeyCharOpenHashMap$KeySet.class", "Java", 0, 0, 0, 0, 21, 0, 0, 0, 0, 21
"d:\KG\EA\NALA\nala\target\classes\bak\pcj\map\ByteKeyCharOpenHashMap$ValueCollection$1.class", "Java", 0, 0, 0, 0, 20, 0, 0, 0, 0, 20
"d:\KG\EA\NALA\nala\target\classes\bak\pcj\map\ByteKeyCharOpenHashMap$ValueCollection.class", "Java", 0, 0, 0, 0, 17, 0, 0, 0, 0, 17
"d:\KG\EA\NALA\nala\target\classes\bak\pcj\map\ByteKeyCharOpenHashMap.class", "Java", 0, 0, 0, 0, 137, 0, 0, 0, 0, 137
"d:\KG\EA\NALA\nala\target\classes\bak\pcj\map\ByteKeyDoubleChainedHashMap$1.class", "Java", 0, 0, 0, 0, 24, 0, 0, 0, 2, 26
"d:\KG\EA\NALA\nala\target\classes\bak\pcj\map\ByteKeyDoubleChainedHashMap$Entry.class", "Java", 0, 0, 0, 0, 17, 0, 0, 0, 1, 18
"d:\KG\EA\NALA\nala\target\classes\bak\pcj\map\ByteKeyDoubleChainedHashMap$KeySet$1.class", "Java", 0, 0, 0, 0, 20, 0, 0, 0, 1, 21
"d:\KG\EA\NALA\nala\target\classes\bak\pcj\map\ByteKeyDoubleChainedHashMap$KeySet.class", "Java", 0, 0, 0, 0, 24, 0, 0, 0, 0, 24
"d:\KG\EA\NALA\nala\target\classes\bak\pcj\map\ByteKeyDoubleChainedHashMap$ValueCollection$1.class", "Java", 0, 0, 0, 0, 20, 0, 0, 0, 1, 21
"d:\KG\EA\NALA\nala\target\classes\bak\pcj\map\ByteKeyDoubleChainedHashMap$ValueCollection.class", "Java", 0, 0, 0, 0, 17, 0, 0, 0, 0, 17
"d:\KG\EA\NALA\nala\target\classes\bak\pcj\map\ByteKeyDoubleChainedHashMap.class", "Java", 0, 0, 0, 0, 128, 0, 0, 7, 0, 135
"d:\KG\EA\NALA\nala\target\classes\bak\pcj\map\ByteKeyDoubleMap.class", "Java", 0, 0, 0, 0, 6, 0, 0, 0, 0, 6
"d:\KG\EA\NALA\nala\target\classes\bak\pcj\map\ByteKeyDoubleMapIterator.class", "Java", 0, 0, 0, 0, 4, 0, 0, 0, 0, 4
"d:\KG\EA\NALA\nala\target\classes\bak\pcj\map\ByteKeyDoubleOpenHashMap$1.class", "Java", 0, 0, 0, 0, 18, 0, 0, 3, 0, 21
"d:\KG\EA\NALA\nala\target\classes\bak\pcj\map\ByteKeyDoubleOpenHashMap$KeySet$1.class", "Java", 0, 0, 0, 0, 19, 0, 0, 0, 0, 19
"d:\KG\EA\NALA\nala\target\classes\bak\pcj\map\ByteKeyDoubleOpenHashMap$KeySet.class", "Java", 0, 0, 0, 0, 21, 0, 0, 0, 0, 21
"d:\KG\EA\NALA\nala\target\classes\bak\pcj\map\ByteKeyDoubleOpenHashMap$ValueCollection$1.class", "Java", 0, 0, 0, 0, 20, 0, 0, 0, 0, 20
"d:\KG\EA\NALA\nala\target\classes\bak\pcj\map\ByteKeyDoubleOpenHashMap$ValueCollection.class", "Java", 0, 0, 0, 0, 17, 0, 0, 0, 0, 17
"d:\KG\EA\NALA\nala\target\classes\bak\pcj\map\ByteKeyDoubleOpenHashMap.class", "Java", 0, 0, 0, 0, 131, 0, 0, 0, 0, 131
"d:\KG\EA\NALA\nala\target\classes\bak\pcj\map\ByteKeyFloatChainedHashMap$1.class", "Java", 0, 0, 0, 0, 24, 0, 0, 0, 2, 26
"d:\KG\EA\NALA\nala\target\classes\bak\pcj\map\ByteKeyFloatChainedHashMap$Entry.class", "Java", 0, 0, 0, 0, 17, 0, 0, 0, 1, 18
"d:\KG\EA\NALA\nala\target\classes\bak\pcj\map\ByteKeyFloatChainedHashMap$KeySet$1.class", "Java", 0, 0, 0, 0, 20, 0, 0, 0, 1, 21
"d:\KG\EA\NALA\nala\target\classes\bak\pcj\map\ByteKeyFloatChainedHashMap$KeySet.class", "Java", 0, 0, 0, 0, 24, 0, 0, 0, 0, 24
"d:\KG\EA\NALA\nala\target\classes\bak\pcj\map\ByteKeyFloatChainedHashMap$ValueCollection$1.class", "Java", 0, 0, 0, 0, 20, 0, 0, 0, 1, 21
"d:\KG\EA\NALA\nala\target\classes\bak\pcj\map\ByteKeyFloatChainedHashMap$ValueCollection.class", "Java", 0, 0, 0, 0, 17, 0, 0, 0, 0, 17
"d:\KG\EA\NALA\nala\target\classes\bak\pcj\map\ByteKeyFloatChainedHashMap.class", "Java", 0, 0, 0, 0, 125, 0, 0, 6, 0, 131
"d:\KG\EA\NALA\nala\target\classes\bak\pcj\map\ByteKeyFloatMap.class", "Java", 0, 0, 0, 0, 6, 0, 0, 0, 0, 6
"d:\KG\EA\NALA\nala\target\classes\bak\pcj\map\ByteKeyFloatMapIterator.class", "Java", 0, 0, 0, 0, 4, 0, 0, 0, 0, 4
"d:\KG\EA\NALA\nala\target\classes\bak\pcj\map\ByteKeyFloatOpenHashMap$1.class", "Java", 0, 0, 0, 0, 18, 0, 0, 3, 0, 21
"d:\KG\EA\NALA\nala\target\classes\bak\pcj\map\ByteKeyFloatOpenHashMap$KeySet$1.class", "Java", 0, 0, 0, 0, 19, 0, 0, 0, 0, 19
"d:\KG\EA\NALA\nala\target\classes\bak\pcj\map\ByteKeyFloatOpenHashMap$KeySet.class", "Java", 0, 0, 0, 0, 21, 0, 0, 0, 0, 21
"d:\KG\EA\NALA\nala\target\classes\bak\pcj\map\ByteKeyFloatOpenHashMap$ValueCollection$1.class", "Java", 0, 0, 0, 0, 20, 0, 0, 0, 0, 20
"d:\KG\EA\NALA\nala\target\classes\bak\pcj\map\ByteKeyFloatOpenHashMap$ValueCollection.class", "Java", 0, 0, 0, 0, 17, 0, 0, 0, 0, 17
"d:\KG\EA\NALA\nala\target\classes\bak\pcj\map\ByteKeyFloatOpenHashMap.class", "Java", 0, 0, 0, 0, 138, 0, 0, 0, 0, 138
"d:\KG\EA\NALA\nala\target\classes\bak\pcj\map\ByteKeyIntChainedHashMap$1.class", "Java", 0, 0, 0, 0, 24, 0, 0, 0, 2, 26
"d:\KG\EA\NALA\nala\target\classes\bak\pcj\map\ByteKeyIntChainedHashMap$Entry.class", "Java", 0, 0, 0, 0, 17, 0, 0, 0, 1, 18
"d:\KG\EA\NALA\nala\target\classes\bak\pcj\map\ByteKeyIntChainedHashMap$KeySet$1.class", "Java", 0, 0, 0, 0, 20, 0, 0, 0, 1, 21
"d:\KG\EA\NALA\nala\target\classes\bak\pcj\map\ByteKeyIntChainedHashMap$KeySet.class", "Java", 0, 0, 0, 0, 24, 0, 0, 0, 0, 24
"d:\KG\EA\NALA\nala\target\classes\bak\pcj\map\ByteKeyIntChainedHashMap$ValueCollection$1.class", "Java", 0, 0, 0, 0, 21, 0, 0, 0, 1, 22
"d:\KG\EA\NALA\nala\target\classes\bak\pcj\map\ByteKeyIntChainedHashMap$ValueCollection.class", "Java", 0, 0, 0, 0, 17, 0, 0, 0, 0, 17
"d:\KG\EA\NALA\nala\target\classes\bak\pcj\map\ByteKeyIntChainedHashMap.class", "Java", 0, 0, 0, 0, 122, 0, 0, 7, 0, 129
"d:\KG\EA\NALA\nala\target\classes\bak\pcj\map\ByteKeyIntMap.class", "Java", 0, 0, 0, 0, 6, 0, 0, 0, 0, 6
"d:\KG\EA\NALA\nala\target\classes\bak\pcj\map\ByteKeyIntMapIterator.class", "Java", 0, 0, 0, 0, 4, 0, 0, 0, 0, 4
"d:\KG\EA\NALA\nala\target\classes\bak\pcj\map\ByteKeyIntOpenHashMap$1.class", "Java", 0, 0, 0, 0, 18, 0, 0, 3, 0, 21
"d:\KG\EA\NALA\nala\target\classes\bak\pcj\map\ByteKeyIntOpenHashMap$KeySet$1.class", "Java", 0, 0, 0, 0, 19, 0, 0, 0, 0, 19
"d:\KG\EA\NALA\nala\target\classes\bak\pcj\map\ByteKeyIntOpenHashMap$KeySet.class", "Java", 0, 0, 0, 0, 21, 0, 0, 0, 0, 21
"d:\KG\EA\NALA\nala\target\classes\bak\pcj\map\ByteKeyIntOpenHashMap$ValueCollection$1.class", "Java", 0, 0, 0, 0, 20, 0, 0, 0, 0, 20
"d:\KG\EA\NALA\nala\target\classes\bak\pcj\map\ByteKeyIntOpenHashMap$ValueCollection.class", "Java", 0, 0, 0, 0, 17, 0, 0, 0, 0, 17
"d:\KG\EA\NALA\nala\target\classes\bak\pcj\map\ByteKeyIntOpenHashMap.class", "Java", 0, 0, 0, 0, 140, 0, 0, 0, 0, 140
"d:\KG\EA\NALA\nala\target\classes\bak\pcj\map\ByteKeyLongChainedHashMap$1.class", "Java", 0, 0, 0, 0, 24, 0, 0, 0, 2, 26
"d:\KG\EA\NALA\nala\target\classes\bak\pcj\map\ByteKeyLongChainedHashMap$Entry.class", "Java", 0, 0, 0, 0, 17, 0, 0, 0, 1, 18
"d:\KG\EA\NALA\nala\target\classes\bak\pcj\map\ByteKeyLongChainedHashMap$KeySet$1.class", "Java", 0, 0, 0, 0, 20, 0, 0, 0, 1, 21
"d:\KG\EA\NALA\nala\target\classes\bak\pcj\map\ByteKeyLongChainedHashMap$KeySet.class", "Java", 0, 0, 0, 0, 24, 0, 0, 0, 0, 24
"d:\KG\EA\NALA\nala\target\classes\bak\pcj\map\ByteKeyLongChainedHashMap$ValueCollection$1.class", "Java", 0, 0, 0, 0, 20, 0, 0, 0, 1, 21
"d:\KG\EA\NALA\nala\target\classes\bak\pcj\map\ByteKeyLongChainedHashMap$ValueCollection.class", "Java", 0, 0, 0, 0, 17, 0, 0, 0, 0, 17
"d:\KG\EA\NALA\nala\target\classes\bak\pcj\map\ByteKeyLongChainedHashMap.class", "Java", 0, 0, 0, 0, 126, 0, 0, 6, 0, 132
"d:\KG\EA\NALA\nala\target\classes\bak\pcj\map\ByteKeyLongMap.class", "Java", 0, 0, 0, 0, 6, 0, 0, 0, 0, 6
"d:\KG\EA\NALA\nala\target\classes\bak\pcj\map\ByteKeyLongMapIterator.class", "Java", 0, 0, 0, 0, 4, 0, 0, 0, 0, 4
"d:\KG\EA\NALA\nala\target\classes\bak\pcj\map\ByteKeyLongOpenHashMap$1.class", "Java", 0, 0, 0, 0, 18, 0, 0, 3, 0, 21
"d:\KG\EA\NALA\nala\target\classes\bak\pcj\map\ByteKeyLongOpenHashMap$KeySet$1.class", "Java", 0, 0, 0, 0, 19, 0, 0, 0, 0, 19
"d:\KG\EA\NALA\nala\target\classes\bak\pcj\map\ByteKeyLongOpenHashMap$KeySet.class", "Java", 0, 0, 0, 0, 21, 0, 0, 0, 0, 21
"d:\KG\EA\NALA\nala\target\classes\bak\pcj\map\ByteKeyLongOpenHashMap$ValueCollection$1.class", "Java", 0, 0, 0, 0, 20, 0, 0, 0, 0, 20
"d:\KG\EA\NALA\nala\target\classes\bak\pcj\map\ByteKeyLongOpenHashMap$ValueCollection.class", "Java", 0, 0, 0, 0, 17, 0, 0, 0, 0, 17
"d:\KG\EA\NALA\nala\target\classes\bak\pcj\map\ByteKeyLongOpenHashMap.class", "Java", 0, 0, 0, 0, 130, 0, 0, 0, 0, 130
"d:\KG\EA\NALA\nala\target\classes\bak\pcj\map\ByteKeyMap.class", "Java", 0, 0, 0, 0, 6, 0, 0, 0, 0, 6
"d:\KG\EA\NALA\nala\target\classes\bak\pcj\map\ByteKeyMapIterator.class", "Java", 0, 0, 0, 0, 4, 0, 0, 0, 0, 4
"d:\KG\EA\NALA\nala\target\classes\bak\pcj\map\ByteKeyOpenHashMap$1.class", "Java", 0, 0, 0, 0, 18, 0, 0, 3, 0, 21
"d:\KG\EA\NALA\nala\target\classes\bak\pcj\map\ByteKeyOpenHashMap$KeySet$1.class", "Java", 0, 0, 0, 0, 20, 0, 0, 0, 0, 20
"d:\KG\EA\NALA\nala\target\classes\bak\pcj\map\ByteKeyOpenHashMap$KeySet.class", "Java", 0, 0, 0, 0, 21, 0, 0, 0, 0, 21
"d:\KG\EA\NALA\nala\target\classes\bak\pcj\map\ByteKeyOpenHashMap$ValueCollection$1.class", "Java", 0, 0, 0, 0, 20, 0, 0, 0, 0, 20
"d:\KG\EA\NALA\nala\target\classes\bak\pcj\map\ByteKeyOpenHashMap$ValueCollection.class", "Java", 0, 0, 0, 0, 17, 0, 0, 0, 0, 17
"d:\KG\EA\NALA\nala\target\classes\bak\pcj\map\ByteKeyOpenHashMap.class", "Java", 0, 0, 0, 0, 132, 0, 0, 0, 0, 132
"d:\KG\EA\NALA\nala\target\classes\bak\pcj\map\ByteKeyShortChainedHashMap$1.class", "Java", 0, 0, 0, 0, 24, 0, 0, 0, 2, 26
"d:\KG\EA\NALA\nala\target\classes\bak\pcj\map\ByteKeyShortChainedHashMap$Entry.class", "Java", 0, 0, 0, 0, 17, 0, 0, 0, 1, 18
"d:\KG\EA\NALA\nala\target\classes\bak\pcj\map\ByteKeyShortChainedHashMap$KeySet$1.class", "Java", 0, 0, 0, 0, 20, 0, 0, 0, 1, 21
"d:\KG\EA\NALA\nala\target\classes\bak\pcj\map\ByteKeyShortChainedHashMap$KeySet.class", "Java", 0, 0, 0, 0, 24, 0, 0, 0, 0, 24
"d:\KG\EA\NALA\nala\target\classes\bak\pcj\map\ByteKeyShortChainedHashMap$ValueCollection$1.class", "Java", 0, 0, 0, 0, 20, 0, 0, 0, 1, 21
"d:\KG\EA\NALA\nala\target\classes\bak\pcj\map\ByteKeyShortChainedHashMap$ValueCollection.class", "Java", 0, 0, 0, 0, 17, 0, 0, 0, 0, 17
"d:\KG\EA\NALA\nala\target\classes\bak\pcj\map\ByteKeyShortChainedHashMap.class", "Java", 0, 0, 0, 0, 124, 0, 0, 6, 0, 130
"d:\KG\EA\NALA\nala\target\classes\bak\pcj\map\ByteKeyShortMap.class", "Java", 0, 0, 0, 0, 6, 0, 0, 0, 0, 6
"d:\KG\EA\NALA\nala\target\classes\bak\pcj\map\ByteKeyShortMapIterator.class", "Java", 0, 0, 0, 0, 4, 0, 0, 0, 0, 4
"d:\KG\EA\NALA\nala\target\classes\bak\pcj\map\ByteKeyShortOpenHashMap$1.class", "Java", 0, 0, 0, 0, 18, 0, 0, 3, 0, 21
"d:\KG\EA\NALA\nala\target\classes\bak\pcj\map\ByteKeyShortOpenHashMap$KeySet$1.class", "Java", 0, 0, 0, 0, 19, 0, 0, 0, 0, 19
"d:\KG\EA\NALA\nala\target\classes\bak\pcj\map\ByteKeyShortOpenHashMap$KeySet.class", "Java", 0, 0, 0, 0, 21, 0, 0, 0, 0, 21
"d:\KG\EA\NALA\nala\target\classes\bak\pcj\map\ByteKeyShortOpenHashMap$ValueCollection$1.class", "Java", 0, 0, 0, 0, 20, 0, 0, 0, 0, 20
"d:\KG\EA\NALA\nala\target\classes\bak\pcj\map\ByteKeyShortOpenHashMap$ValueCollection.class", "Java", 0, 0, 0, 0, 17, 0, 0, 0, 0, 17
"d:\KG\EA\NALA\nala\target\classes\bak\pcj\map\ByteKeyShortOpenHashMap.class", "Java", 0, 0, 0, 0, 138, 0, 0, 0, 0, 138
"d:\KG\EA\NALA\nala\target\classes\bak\pcj\map\CharKeyBooleanChainedHashMap$1.class", "Java", 0, 0, 0, 0, 24, 0, 0, 0, 2, 26
"d:\KG\EA\NALA\nala\target\classes\bak\pcj\map\CharKeyBooleanChainedHashMap$Entry.class", "Java", 0, 0, 0, 0, 17, 0, 0, 0, 1, 18
"d:\KG\EA\NALA\nala\target\classes\bak\pcj\map\CharKeyBooleanChainedHashMap$KeySet$1.class", "Java", 0, 0, 0, 0, 20, 0, 0, 0, 1, 21
"d:\KG\EA\NALA\nala\target\classes\bak\pcj\map\CharKeyBooleanChainedHashMap$KeySet.class", "Java", 0, 0, 0, 0, 24, 0, 0, 0, 0, 24
"d:\KG\EA\NALA\nala\target\classes\bak\pcj\map\CharKeyBooleanChainedHashMap$ValueCollection$1.class", "Java", 0, 0, 0, 0, 20, 0, 0, 0, 1, 21
"d:\KG\EA\NALA\nala\target\classes\bak\pcj\map\CharKeyBooleanChainedHashMap$ValueCollection.class", "Java", 0, 0, 0, 0, 17, 0, 0, 0, 0, 17
"d:\KG\EA\NALA\nala\target\classes\bak\pcj\map\CharKeyBooleanChainedHashMap.class", "Java", 0, 0, 0, 0, 124, 0, 0, 7, 0, 131
"d:\KG\EA\NALA\nala\target\classes\bak\pcj\map\CharKeyBooleanMap.class", "Java", 0, 0, 0, 0, 6, 0, 0, 0, 0, 6
"d:\KG\EA\NALA\nala\target\classes\bak\pcj\map\CharKeyBooleanMapIterator.class", "Java", 0, 0, 0, 0, 4, 0, 0, 0, 0, 4
"d:\KG\EA\NALA\nala\target\classes\bak\pcj\map\CharKeyBooleanOpenHashMap$1.class", "Java", 0, 0, 0, 0, 21, 0, 0, 0, 0, 21
"d:\KG\EA\NALA\nala\target\classes\bak\pcj\map\CharKeyBooleanOpenHashMap$KeySet$1.class", "Java", 0, 0, 0, 0, 19, 0, 0, 0, 0, 19
"d:\KG\EA\NALA\nala\target\classes\bak\pcj\map\CharKeyBooleanOpenHashMap$KeySet.class", "Java", 0, 0, 0, 0, 21, 0, 0, 0, 0, 21
"d:\KG\EA\NALA\nala\target\classes\bak\pcj\map\CharKeyBooleanOpenHashMap$ValueCollection$1.class", "Java", 0, 0, 0, 0, 20, 0, 0, 0, 0, 20
"d:\KG\EA\NALA\nala\target\classes\bak\pcj\map\CharKeyBooleanOpenHashMap$ValueCollection.class", "Java", 0, 0, 0, 0, 17, 0, 0, 0, 0, 17
"d:\KG\EA\NALA\nala\target\classes\bak\pcj\map\CharKeyBooleanOpenHashMap.class", "Java", 0, 0, 0, 0, 137, 0, 0, 0, 0, 137
"d:\KG\EA\NALA\nala\target\classes\bak\pcj\map\CharKeyByteChainedHashMap$1.class", "Java", 0, 0, 0, 0, 24, 0, 0, 0, 2, 26
"d:\KG\EA\NALA\nala\target\classes\bak\pcj\map\CharKeyByteChainedHashMap$Entry.class", "Java", 0, 0, 0, 0, 17, 0, 0, 0, 1, 18
"d:\KG\EA\NALA\nala\target\classes\bak\pcj\map\CharKeyByteChainedHashMap$KeySet$1.class", "Java", 0, 0, 0, 0, 20, 0, 0, 0, 1, 21
"d:\KG\EA\NALA\nala\target\classes\bak\pcj\map\CharKeyByteChainedHashMap$KeySet.class", "Java", 0, 0, 0, 0, 24, 0, 0, 0, 0, 24
"d:\KG\EA\NALA\nala\target\classes\bak\pcj\map\CharKeyByteChainedHashMap$ValueCollection$1.class", "Java", 0, 0, 0, 0, 20, 0, 0, 0, 1, 21
"d:\KG\EA\NALA\nala\target\classes\bak\pcj\map\CharKeyByteChainedHashMap$ValueCollection.class", "Java", 0, 0, 0, 0, 17, 0, 0, 0, 0, 17
"d:\KG\EA\NALA\nala\target\classes\bak\pcj\map\CharKeyByteChainedHashMap.class", "Java", 0, 0, 0, 0, 124, 0, 0, 6, 0, 130
"d:\KG\EA\NALA\nala\target\classes\bak\pcj\map\CharKeyByteMap.class", "Java", 0, 0, 0, 0, 6, 0, 0, 0, 0, 6
"d:\KG\EA\NALA\nala\target\classes\bak\pcj\map\CharKeyByteMapIterator.class", "Java", 0, 0, 0, 0, 4, 0, 0, 0, 0, 4
"d:\KG\EA\NALA\nala\target\classes\bak\pcj\map\CharKeyByteOpenHashMap$1.class", "Java", 0, 0, 0, 0, 21, 0, 0, 0, 0, 21
"d:\KG\EA\NALA\nala\target\classes\bak\pcj\map\CharKeyByteOpenHashMap$KeySet$1.class", "Java", 0, 0, 0, 0, 19, 0, 0, 0, 0, 19
"d:\KG\EA\NALA\nala\target\classes\bak\pcj\map\CharKeyByteOpenHashMap$KeySet.class", "Java", 0, 0, 0, 0, 21, 0, 0, 0, 0, 21
"d:\KG\EA\NALA\nala\target\classes\bak\pcj\map\CharKeyByteOpenHashMap$ValueCollection$1.class", "Java", 0, 0, 0, 0, 20, 0, 0, 0, 0, 20
"d:\KG\EA\NALA\nala\target\classes\bak\pcj\map\CharKeyByteOpenHashMap$ValueCollection.class", "Java", 0, 0, 0, 0, 17, 0, 0, 0, 0, 17
"d:\KG\EA\NALA\nala\target\classes\bak\pcj\map\CharKeyByteOpenHashMap.class", "Java", 0, 0, 0, 0, 137, 0, 0, 0, 0, 137
"d:\KG\EA\NALA\nala\target\classes\bak\pcj\map\CharKeyChainedHashMap$1.class", "Java", 0, 0, 0, 0, 24, 0, 0, 0, 2, 26
"d:\KG\EA\NALA\nala\target\classes\bak\pcj\map\CharKeyChainedHashMap$Entry.class", "Java", 0, 0, 0, 0, 18, 0, 0, 0, 1, 19
"d:\KG\EA\NALA\nala\target\classes\bak\pcj\map\CharKeyChainedHashMap$KeySet$1.class", "Java", 0, 0, 0, 0, 20, 0, 0, 0, 1, 21
"d:\KG\EA\NALA\nala\target\classes\bak\pcj\map\CharKeyChainedHashMap$KeySet.class", "Java", 0, 0, 0, 0, 24, 0, 0, 0, 0, 24
"d:\KG\EA\NALA\nala\target\classes\bak\pcj\map\CharKeyChainedHashMap$ValueCollection$1.class", "Java", 0, 0, 0, 0, 20, 0, 0, 0, 1, 21
"d:\KG\EA\NALA\nala\target\classes\bak\pcj\map\CharKeyChainedHashMap$ValueCollection.class", "Java", 0, 0, 0, 0, 17, 0, 0, 0, 0, 17
"d:\KG\EA\NALA\nala\target\classes\bak\pcj\map\CharKeyChainedHashMap.class", "Java", 0, 0, 0, 0, 125, 0, 0, 1, 0, 126
"d:\KG\EA\NALA\nala\target\classes\bak\pcj\map\CharKeyCharChainedHashMap$1.class", "Java", 0, 0, 0, 0, 24, 0, 0, 0, 2, 26
"d:\KG\EA\NALA\nala\target\classes\bak\pcj\map\CharKeyCharChainedHashMap$Entry.class", "Java", 0, 0, 0, 0, 10, 0, 0, 0, 1, 11
"d:\KG\EA\NALA\nala\target\classes\bak\pcj\map\CharKeyCharChainedHashMap$KeySet$1.class", "Java", 0, 0, 0, 0, 20, 0, 0, 0, 1, 21
"d:\KG\EA\NALA\nala\target\classes\bak\pcj\map\CharKeyCharChainedHashMap$KeySet.class", "Java", 0, 0, 0, 0, 24, 0, 0, 0, 0, 24
"d:\KG\EA\NALA\nala\target\classes\bak\pcj\map\CharKeyCharChainedHashMap$ValueCollection$1.class", "Java", 0, 0, 0, 0, 20, 0, 0, 0, 1, 21
"d:\KG\EA\NALA\nala\target\classes\bak\pcj\map\CharKeyCharChainedHashMap$ValueCollection.class", "Java", 0, 0, 0, 0, 17, 0, 0, 0, 0, 17
"d:\KG\EA\NALA\nala\target\classes\bak\pcj\map\CharKeyCharChainedHashMap.class", "Java", 0, 0, 0, 0, 122, 0, 0, 8, 0, 130
"d:\KG\EA\NALA\nala\target\classes\bak\pcj\map\CharKeyCharMap.class", "Java", 0, 0, 0, 0, 6, 0, 0, 0, 0, 6
"d:\KG\EA\NALA\nala\target\classes\bak\pcj\map\CharKeyCharMapIterator.class", "Java", 0, 0, 0, 0, 4, 0, 0, 0, 0, 4
"d:\KG\EA\NALA\nala\target\classes\bak\pcj\map\CharKeyCharOpenHashMap$1.class", "Java", 0, 0, 0, 0, 21, 0, 0, 0, 0, 21
"d:\KG\EA\NALA\nala\target\classes\bak\pcj\map\CharKeyCharOpenHashMap$KeySet$1.class", "Java", 0, 0, 0, 0, 19, 0, 0, 0, 0, 19
"d:\KG\EA\NALA\nala\target\classes\bak\pcj\map\CharKeyCharOpenHashMap$KeySet.class", "Java", 0, 0, 0, 0, 21, 0, 0, 0, 0, 21
"d:\KG\EA\NALA\nala\target\classes\bak\pcj\map\CharKeyCharOpenHashMap$ValueCollection$1.class", "Java", 0, 0, 0, 0, 20, 0, 0, 0, 0, 20
"d:\KG\EA\NALA\nala\target\classes\bak\pcj\map\CharKeyCharOpenHashMap$ValueCollection.class", "Java", 0, 0, 0, 0, 17, 0, 0, 0, 0, 17
"d:\KG\EA\NALA\nala\target\classes\bak\pcj\map\CharKeyCharOpenHashMap.class", "Java", 0, 0, 0, 0, 135, 0, 0, 0, 0, 135
"d:\KG\EA\NALA\nala\target\classes\bak\pcj\map\CharKeyDoubleChainedHashMap$1.class", "Java", 0, 0, 0, 0, 24, 0, 0, 0, 2, 26
"d:\KG\EA\NALA\nala\target\classes\bak\pcj\map\CharKeyDoubleChainedHashMap$Entry.class", "Java", 0, 0, 0, 0, 17, 0, 0, 0, 1, 18
"d:\KG\EA\NALA\nala\target\classes\bak\pcj\map\CharKeyDoubleChainedHashMap$KeySet$1.class", "Java", 0, 0, 0, 0, 20, 0, 0, 0, 1, 21
"d:\KG\EA\NALA\nala\target\classes\bak\pcj\map\CharKeyDoubleChainedHashMap$KeySet.class", "Java", 0, 0, 0, 0, 24, 0, 0, 0, 0, 24
"d:\KG\EA\NALA\nala\target\classes\bak\pcj\map\CharKeyDoubleChainedHashMap$ValueCollection$1.class", "Java", 0, 0, 0, 0, 20, 0, 0, 0, 1, 21
"d:\KG\EA\NALA\nala\target\classes\bak\pcj\map\CharKeyDoubleChainedHashMap$ValueCollection.class", "Java", 0, 0, 0, 0, 17, 0, 0, 0, 0, 17
"d:\KG\EA\NALA\nala\target\classes\bak\pcj\map\CharKeyDoubleChainedHashMap.class", "Java", 0, 0, 0, 0, 129, 0, 0, 7, 0, 136
"d:\KG\EA\NALA\nala\target\classes\bak\pcj\map\CharKeyDoubleMap.class", "Java", 0, 0, 0, 0, 6, 0, 0, 0, 0, 6
"d:\KG\EA\NALA\nala\target\classes\bak\pcj\map\CharKeyDoubleMapIterator.class", "Java", 0, 0, 0, 0, 4, 0, 0, 0, 0, 4
"d:\KG\EA\NALA\nala\target\classes\bak\pcj\map\CharKeyDoubleOpenHashMap$1.class", "Java", 0, 0, 0, 0, 21, 0, 0, 0, 0, 21
"d:\KG\EA\NALA\nala\target\classes\bak\pcj\map\CharKeyDoubleOpenHashMap$KeySet$1.class", "Java", 0, 0, 0, 0, 19, 0, 0, 0, 0, 19
"d:\KG\EA\NALA\nala\target\classes\bak\pcj\map\CharKeyDoubleOpenHashMap$KeySet.class", "Java", 0, 0, 0, 0, 21, 0, 0, 0, 0, 21
"d:\KG\EA\NALA\nala\target\classes\bak\pcj\map\CharKeyDoubleOpenHashMap$ValueCollection$1.class", "Java", 0, 0, 0, 0, 20, 0, 0, 0, 0, 20
"d:\KG\EA\NALA\nala\target\classes\bak\pcj\map\CharKeyDoubleOpenHashMap$ValueCollection.class", "Java", 0, 0, 0, 0, 17, 0, 0, 0, 0, 17
"d:\KG\EA\NALA\nala\target\classes\bak\pcj\map\CharKeyDoubleOpenHashMap.class", "Java", 0, 0, 0, 0, 132, 0, 0, 0, 0, 132
"d:\KG\EA\NALA\nala\target\classes\bak\pcj\map\CharKeyFloatChainedHashMap$1.class", "Java", 0, 0, 0, 0, 24, 0, 0, 0, 2, 26
"d:\KG\EA\NALA\nala\target\classes\bak\pcj\map\CharKeyFloatChainedHashMap$Entry.class", "Java", 0, 0, 0, 0, 17, 0, 0, 0, 1, 18
"d:\KG\EA\NALA\nala\target\classes\bak\pcj\map\CharKeyFloatChainedHashMap$KeySet$1.class", "Java", 0, 0, 0, 0, 20, 0, 0, 0, 1, 21
"d:\KG\EA\NALA\nala\target\classes\bak\pcj\map\CharKeyFloatChainedHashMap$KeySet.class", "Java", 0, 0, 0, 0, 24, 0, 0, 0, 0, 24
"d:\KG\EA\NALA\nala\target\classes\bak\pcj\map\CharKeyFloatChainedHashMap$ValueCollection$1.class", "Java", 0, 0, 0, 0, 20, 0, 0, 0, 1, 21
"d:\KG\EA\NALA\nala\target\classes\bak\pcj\map\CharKeyFloatChainedHashMap$ValueCollection.class", "Java", 0, 0, 0, 0, 17, 0, 0, 0, 0, 17
"d:\KG\EA\NALA\nala\target\classes\bak\pcj\map\CharKeyFloatChainedHashMap.class", "Java", 0, 0, 0, 0, 126, 0, 0, 6, 0, 132
"d:\KG\EA\NALA\nala\target\classes\bak\pcj\map\CharKeyFloatMap.class", "Java", 0, 0, 0, 0, 6, 0, 0, 0, 0, 6
"d:\KG\EA\NALA\nala\target\classes\bak\pcj\map\CharKeyFloatMapIterator.class", "Java", 0, 0, 0, 0, 4, 0, 0, 0, 0, 4
"d:\KG\EA\NALA\nala\target\classes\bak\pcj\map\CharKeyFloatOpenHashMap$1.class", "Java", 0, 0, 0, 0, 21, 0, 0, 0, 0, 21
"d:\KG\EA\NALA\nala\target\classes\bak\pcj\map\CharKeyFloatOpenHashMap$KeySet$1.class", "Java", 0, 0, 0, 0, 19, 0, 0, 0, 0, 19
"d:\KG\EA\NALA\nala\target\classes\bak\pcj\map\CharKeyFloatOpenHashMap$KeySet.class", "Java", 0, 0, 0, 0, 21, 0, 0, 0, 0, 21
"d:\KG\EA\NALA\nala\target\classes\bak\pcj\map\CharKeyFloatOpenHashMap$ValueCollection$1.class", "Java", 0, 0, 0, 0, 20, 0, 0, 0, 0, 20
"d:\KG\EA\NALA\nala\target\classes\bak\pcj\map\CharKeyFloatOpenHashMap$ValueCollection.class", "Java", 0, 0, 0, 0, 17, 0, 0, 0, 0, 17
"d:\KG\EA\NALA\nala\target\classes\bak\pcj\map\CharKeyFloatOpenHashMap.class", "Java", 0, 0, 0, 0, 139, 0, 0, 0, 0, 139
"d:\KG\EA\NALA\nala\target\classes\bak\pcj\map\CharKeyIntChainedHashMap$1.class", "Java", 0, 0, 0, 0, 24, 0, 0, 0, 2, 26
"d:\KG\EA\NALA\nala\target\classes\bak\pcj\map\CharKeyIntChainedHashMap$Entry.class", "Java", 0, 0, 0, 0, 17, 0, 0, 0, 1, 18
"d:\KG\EA\NALA\nala\target\classes\bak\pcj\map\CharKeyIntChainedHashMap$KeySet$1.class", "Java", 0, 0, 0, 0, 20, 0, 0, 0, 1, 21
"d:\KG\EA\NALA\nala\target\classes\bak\pcj\map\CharKeyIntChainedHashMap$KeySet.class", "Java", 0, 0, 0, 0, 24, 0, 0, 0, 0, 24
"d:\KG\EA\NALA\nala\target\classes\bak\pcj\map\CharKeyIntChainedHashMap$ValueCollection$1.class", "Java", 0, 0, 0, 0, 21, 0, 0, 0, 1, 22
"d:\KG\EA\NALA\nala\target\classes\bak\pcj\map\CharKeyIntChainedHashMap$ValueCollection.class", "Java", 0, 0, 0, 0, 17, 0, 0, 0, 0, 17
"d:\KG\EA\NALA\nala\target\classes\bak\pcj\map\CharKeyIntChainedHashMap.class", "Java", 0, 0, 0, 0, 123, 0, 0, 7, 0, 130
"d:\KG\EA\NALA\nala\target\classes\bak\pcj\map\CharKeyIntMap.class", "Java", 0, 0, 0, 0, 6, 0, 0, 0, 0, 6
"d:\KG\EA\NALA\nala\target\classes\bak\pcj\map\CharKeyIntMapIterator.class", "Java", 0, 0, 0, 0, 4, 0, 0, 0, 0, 4
"d:\KG\EA\NALA\nala\target\classes\bak\pcj\map\CharKeyIntOpenHashMap$1.class", "Java", 0, 0, 0, 0, 21, 0, 0, 0, 0, 21
"d:\KG\EA\NALA\nala\target\classes\bak\pcj\map\CharKeyIntOpenHashMap$KeySet$1.class", "Java", 0, 0, 0, 0, 19, 0, 0, 0, 0, 19
"d:\KG\EA\NALA\nala\target\classes\bak\pcj\map\CharKeyIntOpenHashMap$KeySet.class", "Java", 0, 0, 0, 0, 21, 0, 0, 0, 0, 21
"d:\KG\EA\NALA\nala\target\classes\bak\pcj\map\CharKeyIntOpenHashMap$ValueCollection$1.class", "Java", 0, 0, 0, 0, 20, 0, 0, 0, 0, 20
"d:\KG\EA\NALA\nala\target\classes\bak\pcj\map\CharKeyIntOpenHashMap$ValueCollection.class", "Java", 0, 0, 0, 0, 17, 0, 0, 0, 0, 17
"d:\KG\EA\NALA\nala\target\classes\bak\pcj\map\CharKeyIntOpenHashMap.class", "Java", 0, 0, 0, 0, 140, 0, 0, 0, 0, 140
"d:\KG\EA\NALA\nala\target\classes\bak\pcj\map\CharKeyLongChainedHashMap$1.class", "Java", 0, 0, 0, 0, 24, 0, 0, 0, 2, 26
"d:\KG\EA\NALA\nala\target\classes\bak\pcj\map\CharKeyLongChainedHashMap$Entry.class", "Java", 0, 0, 0, 0, 17, 0, 0, 0, 1, 18
"d:\KG\EA\NALA\nala\target\classes\bak\pcj\map\CharKeyLongChainedHashMap$KeySet$1.class", "Java", 0, 0, 0, 0, 20, 0, 0, 0, 1, 21
"d:\KG\EA\NALA\nala\target\classes\bak\pcj\map\CharKeyLongChainedHashMap$KeySet.class", "Java", 0, 0, 0, 0, 24, 0, 0, 0, 0, 24
"d:\KG\EA\NALA\nala\target\classes\bak\pcj\map\CharKeyLongChainedHashMap$ValueCollection$1.class", "Java", 0, 0, 0, 0, 20, 0, 0, 0, 1, 21
"d:\KG\EA\NALA\nala\target\classes\bak\pcj\map\CharKeyLongChainedHashMap$ValueCollection.class", "Java", 0, 0, 0, 0, 17, 0, 0, 0, 0, 17
"d:\KG\EA\NALA\nala\target\classes\bak\pcj\map\CharKeyLongChainedHashMap.class", "Java", 0, 0, 0, 0, 127, 0, 0, 6, 0, 133
"d:\KG\EA\NALA\nala\target\classes\bak\pcj\map\CharKeyLongMap.class", "Java", 0, 0, 0, 0, 6, 0, 0, 0, 0, 6
"d:\KG\EA\NALA\nala\target\classes\bak\pcj\map\CharKeyLongMapIterator.class", "Java", 0, 0, 0, 0, 4, 0, 0, 0, 0, 4
"d:\KG\EA\NALA\nala\target\classes\bak\pcj\map\CharKeyLongOpenHashMap$1.class", "Java", 0, 0, 0, 0, 21, 0, 0, 0, 0, 21
"d:\KG\EA\NALA\nala\target\classes\bak\pcj\map\CharKeyLongOpenHashMap$KeySet$1.class", "Java", 0, 0, 0, 0, 19, 0, 0, 0, 0, 19
"d:\KG\EA\NALA\nala\target\classes\bak\pcj\map\CharKeyLongOpenHashMap$KeySet.class", "Java", 0, 0, 0, 0, 21, 0, 0, 0, 0, 21
"d:\KG\EA\NALA\nala\target\classes\bak\pcj\map\CharKeyLongOpenHashMap$ValueCollection$1.class", "Java", 0, 0, 0, 0, 20, 0, 0, 0, 0, 20
"d:\KG\EA\NALA\nala\target\classes\bak\pcj\map\CharKeyLongOpenHashMap$ValueCollection.class", "Java", 0, 0, 0, 0, 17, 0, 0, 0, 0, 17
"d:\KG\EA\NALA\nala\target\classes\bak\pcj\map\CharKeyLongOpenHashMap.class", "Java", 0, 0, 0, 0, 131, 0, 0, 0, 0, 131
"d:\KG\EA\NALA\nala\target\classes\bak\pcj\map\CharKeyMap.class", "Java", 0, 0, 0, 0, 6, 0, 0, 0, 0, 6
"d:\KG\EA\NALA\nala\target\classes\bak\pcj\map\CharKeyMapIterator.class", "Java", 0, 0, 0, 0, 4, 0, 0, 0, 0, 4
"d:\KG\EA\NALA\nala\target\classes\bak\pcj\map\CharKeyOpenHashMap$1.class", "Java", 0, 0, 0, 0, 21, 0, 0, 0, 0, 21
"d:\KG\EA\NALA\nala\target\classes\bak\pcj\map\CharKeyOpenHashMap$KeySet$1.class", "Java", 0, 0, 0, 0, 20, 0, 0, 0, 0, 20
"d:\KG\EA\NALA\nala\target\classes\bak\pcj\map\CharKeyOpenHashMap$KeySet.class", "Java", 0, 0, 0, 0, 21, 0, 0, 0, 0, 21
"d:\KG\EA\NALA\nala\target\classes\bak\pcj\map\CharKeyOpenHashMap$ValueCollection$1.class", "Java", 0, 0, 0, 0, 20, 0, 0, 0, 0, 20
"d:\KG\EA\NALA\nala\target\classes\bak\pcj\map\CharKeyOpenHashMap$ValueCollection.class", "Java", 0, 0, 0, 0, 17, 0, 0, 0, 0, 17
"d:\KG\EA\NALA\nala\target\classes\bak\pcj\map\CharKeyOpenHashMap.class", "Java", 0, 0, 0, 0, 128, 0, 0, 0, 0, 128
"d:\KG\EA\NALA\nala\target\classes\bak\pcj\map\CharKeyShortChainedHashMap$1.class", "Java", 0, 0, 0, 0, 24, 0, 0, 0, 2, 26
"d:\KG\EA\NALA\nala\target\classes\bak\pcj\map\CharKeyShortChainedHashMap$Entry.class", "Java", 0, 0, 0, 0, 17, 0, 0, 0, 1, 18
"d:\KG\EA\NALA\nala\target\classes\bak\pcj\map\CharKeyShortChainedHashMap$KeySet$1.class", "Java", 0, 0, 0, 0, 20, 0, 0, 0, 1, 21
"d:\KG\EA\NALA\nala\target\classes\bak\pcj\map\CharKeyShortChainedHashMap$KeySet.class", "Java", 0, 0, 0, 0, 24, 0, 0, 0, 0, 24
"d:\KG\EA\NALA\nala\target\classes\bak\pcj\map\CharKeyShortChainedHashMap$ValueCollection$1.class", "Java", 0, 0, 0, 0, 20, 0, 0, 0, 1, 21
"d:\KG\EA\NALA\nala\target\classes\bak\pcj\map\CharKeyShortChainedHashMap$ValueCollection.class", "Java", 0, 0, 0, 0, 17, 0, 0, 0, 0, 17
"d:\KG\EA\NALA\nala\target\classes\bak\pcj\map\CharKeyShortChainedHashMap.class", "Java", 0, 0, 0, 0, 125, 0, 0, 6, 0, 131
"d:\KG\EA\NALA\nala\target\classes\bak\pcj\map\CharKeyShortMap.class", "Java", 0, 0, 0, 0, 6, 0, 0, 0, 0, 6
"d:\KG\EA\NALA\nala\target\classes\bak\pcj\map\CharKeyShortMapIterator.class", "Java", 0, 0, 0, 0, 4, 0, 0, 0, 0, 4
"d:\KG\EA\NALA\nala\target\classes\bak\pcj\map\CharKeyShortOpenHashMap$1.class", "Java", 0, 0, 0, 0, 21, 0, 0, 0, 0, 21
"d:\KG\EA\NALA\nala\target\classes\bak\pcj\map\CharKeyShortOpenHashMap$KeySet$1.class", "Java", 0, 0, 0, 0, 19, 0, 0, 0, 0, 19
"d:\KG\EA\NALA\nala\target\classes\bak\pcj\map\CharKeyShortOpenHashMap$KeySet.class", "Java", 0, 0, 0, 0, 21, 0, 0, 0, 0, 21
"d:\KG\EA\NALA\nala\target\classes\bak\pcj\map\CharKeyShortOpenHashMap$ValueCollection$1.class", "Java", 0, 0, 0, 0, 20, 0, 0, 0, 0, 20
"d:\KG\EA\NALA\nala\target\classes\bak\pcj\map\CharKeyShortOpenHashMap$ValueCollection.class", "Java", 0, 0, 0, 0, 17, 0, 0, 0, 0, 17
"d:\KG\EA\NALA\nala\target\classes\bak\pcj\map\CharKeyShortOpenHashMap.class", "Java", 0, 0, 0, 0, 139, 0, 0, 0, 0, 139
"d:\KG\EA\NALA\nala\target\classes\bak\pcj\map\DoubleKeyBooleanChainedHashMap$1.class", "Java", 0, 0, 0, 0, 24, 0, 0, 0, 2, 26
"d:\KG\EA\NALA\nala\target\classes\bak\pcj\map\DoubleKeyBooleanChainedHashMap$Entry.class", "Java", 0, 0, 0, 0, 17, 0, 0, 0, 1, 18
"d:\KG\EA\NALA\nala\target\classes\bak\pcj\map\DoubleKeyBooleanChainedHashMap$KeySet$1.class", "Java", 0, 0, 0, 0, 20, 0, 0, 0, 1, 21
"d:\KG\EA\NALA\nala\target\classes\bak\pcj\map\DoubleKeyBooleanChainedHashMap$KeySet.class", "Java", 0, 0, 0, 0, 24, 0, 0, 0, 0, 24
"d:\KG\EA\NALA\nala\target\classes\bak\pcj\map\DoubleKeyBooleanChainedHashMap$ValueCollection$1.class", "Java", 0, 0, 0, 0, 20, 0, 0, 0, 1, 21
"d:\KG\EA\NALA\nala\target\classes\bak\pcj\map\DoubleKeyBooleanChainedHashMap$ValueCollection.class", "Java", 0, 0, 0, 0, 17, 0, 0, 0, 0, 17
"d:\KG\EA\NALA\nala\target\classes\bak\pcj\map\DoubleKeyBooleanChainedHashMap.class", "Java", 0, 0, 0, 0, 129, 0, 0, 0, 0, 129
"d:\KG\EA\NALA\nala\target\classes\bak\pcj\map\DoubleKeyBooleanMap.class", "Java", 0, 0, 0, 0, 6, 0, 0, 0, 0, 6
"d:\KG\EA\NALA\nala\target\classes\bak\pcj\map\DoubleKeyBooleanMapIterator.class", "Java", 0, 0, 0, 0, 4, 0, 0, 0, 0, 4
"d:\KG\EA\NALA\nala\target\classes\bak\pcj\map\DoubleKeyBooleanOpenHashMap$1.class", "Java", 0, 0, 0, 0, 21, 0, 0, 0, 0, 21
"d:\KG\EA\NALA\nala\target\classes\bak\pcj\map\DoubleKeyBooleanOpenHashMap$KeySet$1.class", "Java", 0, 0, 0, 0, 19, 0, 0, 0, 0, 19
"d:\KG\EA\NALA\nala\target\classes\bak\pcj\map\DoubleKeyBooleanOpenHashMap$KeySet.class", "Java", 0, 0, 0, 0, 21, 0, 0, 0, 0, 21
"d:\KG\EA\NALA\nala\target\classes\bak\pcj\map\DoubleKeyBooleanOpenHashMap$ValueCollection$1.class", "Java", 0, 0, 0, 0, 20, 0, 0, 0, 0, 20
"d:\KG\EA\NALA\nala\target\classes\bak\pcj\map\DoubleKeyBooleanOpenHashMap$ValueCollection.class", "Java", 0, 0, 0, 0, 17, 0, 0, 0, 0, 17
"d:\KG\EA\NALA\nala\target\classes\bak\pcj\map\DoubleKeyBooleanOpenHashMap.class", "Java", 0, 0, 0, 0, 134, 0, 0, 0, 0, 134
"d:\KG\EA\NALA\nala\target\classes\bak\pcj\map\DoubleKeyByteChainedHashMap$1.class", "Java", 0, 0, 0, 0, 24, 0, 0, 0, 2, 26
"d:\KG\EA\NALA\nala\target\classes\bak\pcj\map\DoubleKeyByteChainedHashMap$Entry.class", "Java", 0, 0, 0, 0, 17, 0, 0, 0, 1, 18
"d:\KG\EA\NALA\nala\target\classes\bak\pcj\map\DoubleKeyByteChainedHashMap$KeySet$1.class", "Java", 0, 0, 0, 0, 20, 0, 0, 0, 1, 21
"d:\KG\EA\NALA\nala\target\classes\bak\pcj\map\DoubleKeyByteChainedHashMap$KeySet.class", "Java", 0, 0, 0, 0, 24, 0, 0, 0, 0, 24
"d:\KG\EA\NALA\nala\target\classes\bak\pcj\map\DoubleKeyByteChainedHashMap$ValueCollection$1.class", "Java", 0, 0, 0, 0, 20, 0, 0, 0, 1, 21
"d:\KG\EA\NALA\nala\target\classes\bak\pcj\map\DoubleKeyByteChainedHashMap$ValueCollection.class", "Java", 0, 0, 0, 0, 17, 0, 0, 0, 0, 17
"d:\KG\EA\NALA\nala\target\classes\bak\pcj\map\DoubleKeyByteChainedHashMap.class", "Java", 0, 0, 0, 0, 130, 0, 0, 0, 0, 130
"d:\KG\EA\NALA\nala\target\classes\bak\pcj\map\DoubleKeyByteMap.class", "Java", 0, 0, 0, 0, 6, 0, 0, 0, 0, 6
"d:\KG\EA\NALA\nala\target\classes\bak\pcj\map\DoubleKeyByteMapIterator.class", "Java", 0, 0, 0, 0, 4, 0, 0, 0, 0, 4
"d:\KG\EA\NALA\nala\target\classes\bak\pcj\map\DoubleKeyByteOpenHashMap$1.class", "Java", 0, 0, 0, 0, 21, 0, 0, 0, 0, 21
"d:\KG\EA\NALA\nala\target\classes\bak\pcj\map\DoubleKeyByteOpenHashMap$KeySet$1.class", "Java", 0, 0, 0, 0, 19, 0, 0, 0, 0, 19
"d:\KG\EA\NALA\nala\target\classes\bak\pcj\map\DoubleKeyByteOpenHashMap$KeySet.class", "Java", 0, 0, 0, 0, 21, 0, 0, 0, 0, 21
"d:\KG\EA\NALA\nala\target\classes\bak\pcj\map\DoubleKeyByteOpenHashMap$ValueCollection$1.class", "Java", 0, 0, 0, 0, 20, 0, 0, 0, 0, 20
"d:\KG\EA\NALA\nala\target\classes\bak\pcj\map\DoubleKeyByteOpenHashMap$ValueCollection.class", "Java", 0, 0, 0, 0, 17, 0, 0, 0, 0, 17
"d:\KG\EA\NALA\nala\target\classes\bak\pcj\map\DoubleKeyByteOpenHashMap.class", "Java", 0, 0, 0, 0, 134, 0, 0, 0, 0, 134
"d:\KG\EA\NALA\nala\target\classes\bak\pcj\map\DoubleKeyChainedHashMap$1.class", "Java", 0, 0, 0, 0, 24, 0, 0, 0, 2, 26
"d:\KG\EA\NALA\nala\target\classes\bak\pcj\map\DoubleKeyChainedHashMap$Entry.class", "Java", 0, 0, 0, 0, 18, 0, 0, 0, 1, 19
"d:\KG\EA\NALA\nala\target\classes\bak\pcj\map\DoubleKeyChainedHashMap$KeySet$1.class", "Java", 0, 0, 0, 0, 20, 0, 0, 0, 1, 21
"d:\KG\EA\NALA\nala\target\classes\bak\pcj\map\DoubleKeyChainedHashMap$KeySet.class", "Java", 0, 0, 0, 0, 24, 0, 0, 0, 0, 24
"d:\KG\EA\NALA\nala\target\classes\bak\pcj\map\DoubleKeyChainedHashMap$ValueCollection$1.class", "Java", 0, 0, 0, 0, 20, 0, 0, 0, 1, 21
"d:\KG\EA\NALA\nala\target\classes\bak\pcj\map\DoubleKeyChainedHashMap$ValueCollection.class", "Java", 0, 0, 0, 0, 17, 0, 0, 0, 0, 17
"d:\KG\EA\NALA\nala\target\classes\bak\pcj\map\DoubleKeyChainedHashMap.class", "Java", 0, 0, 0, 0, 123, 0, 0, 0, 0, 123
"d:\KG\EA\NALA\nala\target\classes\bak\pcj\map\DoubleKeyCharChainedHashMap$1.class", "Java", 0, 0, 0, 0, 24, 0, 0, 0, 2, 26
"d:\KG\EA\NALA\nala\target\classes\bak\pcj\map\DoubleKeyCharChainedHashMap$Entry.class", "Java", 0, 0, 0, 0, 17, 0, 0, 0, 1, 18
"d:\KG\EA\NALA\nala\target\classes\bak\pcj\map\DoubleKeyCharChainedHashMap$KeySet$1.class", "Java", 0, 0, 0, 0, 20, 0, 0, 0, 1, 21
"d:\KG\EA\NALA\nala\target\classes\bak\pcj\map\DoubleKeyCharChainedHashMap$KeySet.class", "Java", 0, 0, 0, 0, 24, 0, 0, 0, 0, 24
"d:\KG\EA\NALA\nala\target\classes\bak\pcj\map\DoubleKeyCharChainedHashMap$ValueCollection$1.class", "Java", 0, 0, 0, 0, 20, 0, 0, 0, 1, 21
"d:\KG\EA\NALA\nala\target\classes\bak\pcj\map\DoubleKeyCharChainedHashMap$ValueCollection.class", "Java", 0, 0, 0, 0, 17, 0, 0, 0, 0, 17
"d:\KG\EA\NALA\nala\target\classes\bak\pcj\map\DoubleKeyCharChainedHashMap.class", "Java", 0, 0, 0, 0, 130, 0, 0, 0, 0, 130
"d:\KG\EA\NALA\nala\target\classes\bak\pcj\map\DoubleKeyCharMap.class", "Java", 0, 0, 0, 0, 6, 0, 0, 0, 0, 6
"d:\KG\EA\NALA\nala\target\classes\bak\pcj\map\DoubleKeyCharMapIterator.class", "Java", 0, 0, 0, 0, 4, 0, 0, 0, 0, 4
"d:\KG\EA\NALA\nala\target\classes\bak\pcj\map\DoubleKeyCharOpenHashMap$1.class", "Java", 0, 0, 0, 0, 21, 0, 0, 0, 0, 21
"d:\KG\EA\NALA\nala\target\classes\bak\pcj\map\DoubleKeyCharOpenHashMap$KeySet$1.class", "Java", 0, 0, 0, 0, 19, 0, 0, 0, 0, 19
"d:\KG\EA\NALA\nala\target\classes\bak\pcj\map\DoubleKeyCharOpenHashMap$KeySet.class", "Java", 0, 0, 0, 0, 21, 0, 0, 0, 0, 21
"d:\KG\EA\NALA\nala\target\classes\bak\pcj\map\DoubleKeyCharOpenHashMap$ValueCollection$1.class", "Java", 0, 0, 0, 0, 20, 0, 0, 0, 0, 20
"d:\KG\EA\NALA\nala\target\classes\bak\pcj\map\DoubleKeyCharOpenHashMap$ValueCollection.class", "Java", 0, 0, 0, 0, 17, 0, 0, 0, 0, 17
"d:\KG\EA\NALA\nala\target\classes\bak\pcj\map\DoubleKeyCharOpenHashMap.class", "Java", 0, 0, 0, 0, 134, 0, 0, 0, 0, 134
"d:\KG\EA\NALA\nala\target\classes\bak\pcj\map\DoubleKeyDoubleChainedHashMap$1.class", "Java", 0, 0, 0, 0, 24, 0, 0, 0, 2, 26
"d:\KG\EA\NALA\nala\target\classes\bak\pcj\map\DoubleKeyDoubleChainedHashMap$Entry.class", "Java", 0, 0, 0, 0, 10, 0, 0, 0, 1, 11
"d:\KG\EA\NALA\nala\target\classes\bak\pcj\map\DoubleKeyDoubleChainedHashMap$KeySet$1.class", "Java", 0, 0, 0, 0, 20, 0, 0, 0, 1, 21
"d:\KG\EA\NALA\nala\target\classes\bak\pcj\map\DoubleKeyDoubleChainedHashMap$KeySet.class", "Java", 0, 0, 0, 0, 24, 0, 0, 0, 0, 24
"d:\KG\EA\NALA\nala\target\classes\bak\pcj\map\DoubleKeyDoubleChainedHashMap$ValueCollection$1.class", "Java", 0, 0, 0, 0, 20, 0, 0, 0, 1, 21
"d:\KG\EA\NALA\nala\target\classes\bak\pcj\map\DoubleKeyDoubleChainedHashMap$ValueCollection.class", "Java", 0, 0, 0, 0, 17, 0, 0, 0, 0, 17
"d:\KG\EA\NALA\nala\target\classes\bak\pcj\map\DoubleKeyDoubleChainedHashMap.class", "Java", 0, 0, 0, 0, 131, 0, 0, 0, 0, 131
"d:\KG\EA\NALA\nala\target\classes\bak\pcj\map\DoubleKeyDoubleMap.class", "Java", 0, 0, 0, 0, 6, 0, 0, 0, 0, 6
"d:\KG\EA\NALA\nala\target\classes\bak\pcj\map\DoubleKeyDoubleMapIterator.class", "Java", 0, 0, 0, 0, 4, 0, 0, 0, 0, 4
"d:\KG\EA\NALA\nala\target\classes\bak\pcj\map\DoubleKeyDoubleOpenHashMap$1.class", "Java", 0, 0, 0, 0, 21, 0, 0, 0, 0, 21
"d:\KG\EA\NALA\nala\target\classes\bak\pcj\map\DoubleKeyDoubleOpenHashMap$KeySet$1.class", "Java", 0, 0, 0, 0, 19, 0, 0, 0, 0, 19
"d:\KG\EA\NALA\nala\target\classes\bak\pcj\map\DoubleKeyDoubleOpenHashMap$KeySet.class", "Java", 0, 0, 0, 0, 21, 0, 0, 0, 0, 21
"d:\KG\EA\NALA\nala\target\classes\bak\pcj\map\DoubleKeyDoubleOpenHashMap$ValueCollection$1.class", "Java", 0, 0, 0, 0, 20, 0, 0, 0, 0, 20
"d:\KG\EA\NALA\nala\target\classes\bak\pcj\map\DoubleKeyDoubleOpenHashMap$ValueCollection.class", "Java", 0, 0, 0, 0, 17, 0, 0, 0, 0, 17
"d:\KG\EA\NALA\nala\target\classes\bak\pcj\map\DoubleKeyDoubleOpenHashMap.class", "Java", 0, 0, 0, 0, 135, 0, 0, 0, 0, 135
"d:\KG\EA\NALA\nala\target\classes\bak\pcj\map\DoubleKeyFloatChainedHashMap$1.class", "Java", 0, 0, 0, 0, 24, 0, 0, 0, 2, 26
"d:\KG\EA\NALA\nala\target\classes\bak\pcj\map\DoubleKeyFloatChainedHashMap$Entry.class", "Java", 0, 0, 0, 0, 17, 0, 0, 0, 1, 18
"d:\KG\EA\NALA\nala\target\classes\bak\pcj\map\DoubleKeyFloatChainedHashMap$KeySet$1.class", "Java", 0, 0, 0, 0, 20, 0, 0, 0, 1, 21
"d:\KG\EA\NALA\nala\target\classes\bak\pcj\map\DoubleKeyFloatChainedHashMap$KeySet.class", "Java", 0, 0, 0, 0, 24, 0, 0, 0, 0, 24
"d:\KG\EA\NALA\nala\target\classes\bak\pcj\map\DoubleKeyFloatChainedHashMap$ValueCollection$1.class", "Java", 0, 0, 0, 0, 20, 0, 0, 0, 1, 21
"d:\KG\EA\NALA\nala\target\classes\bak\pcj\map\DoubleKeyFloatChainedHashMap$ValueCollection.class", "Java", 0, 0, 0, 0, 17, 0, 0, 0, 0, 17
"d:\KG\EA\NALA\nala\target\classes\bak\pcj\map\DoubleKeyFloatChainedHashMap.class", "Java", 0, 0, 0, 0, 132, 0, 0, 0, 0, 132
"d:\KG\EA\NALA\nala\target\classes\bak\pcj\map\DoubleKeyFloatMap.class", "Java", 0, 0, 0, 0, 6, 0, 0, 0, 0, 6
"d:\KG\EA\NALA\nala\target\classes\bak\pcj\map\DoubleKeyFloatMapIterator.class", "Java", 0, 0, 0, 0, 4, 0, 0, 0, 0, 4
"d:\KG\EA\NALA\nala\target\classes\bak\pcj\map\DoubleKeyFloatOpenHashMap$1.class", "Java", 0, 0, 0, 0, 21, 0, 0, 0, 0, 21
"d:\KG\EA\NALA\nala\target\classes\bak\pcj\map\DoubleKeyFloatOpenHashMap$KeySet$1.class", "Java", 0, 0, 0, 0, 19, 0, 0, 0, 0, 19
"d:\KG\EA\NALA\nala\target\classes\bak\pcj\map\DoubleKeyFloatOpenHashMap$KeySet.class", "Java", 0, 0, 0, 0, 21, 0, 0, 0, 0, 21
"d:\KG\EA\NALA\nala\target\classes\bak\pcj\map\DoubleKeyFloatOpenHashMap$ValueCollection$1.class", "Java", 0, 0, 0, 0, 20, 0, 0, 0, 0, 20
"d:\KG\EA\NALA\nala\target\classes\bak\pcj\map\DoubleKeyFloatOpenHashMap$ValueCollection.class", "Java", 0, 0, 0, 0, 17, 0, 0, 0, 0, 17
"d:\KG\EA\NALA\nala\target\classes\bak\pcj\map\DoubleKeyFloatOpenHashMap.class", "Java", 0, 0, 0, 0, 135, 0, 0, 0, 0, 135
"d:\KG\EA\NALA\nala\target\classes\bak\pcj\map\DoubleKeyIntChainedHashMap$1.class", "Java", 0, 0, 0, 0, 24, 0, 0, 0, 2, 26
"d:\KG\EA\NALA\nala\target\classes\bak\pcj\map\DoubleKeyIntChainedHashMap$Entry.class", "Java", 0, 0, 0, 0, 17, 0, 0, 0, 1, 18
"d:\KG\EA\NALA\nala\target\classes\bak\pcj\map\DoubleKeyIntChainedHashMap$KeySet$1.class", "Java", 0, 0, 0, 0, 20, 0, 0, 0, 1, 21
"d:\KG\EA\NALA\nala\target\classes\bak\pcj\map\DoubleKeyIntChainedHashMap$KeySet.class", "Java", 0, 0, 0, 0, 24, 0, 0, 0, 0, 24
"d:\KG\EA\NALA\nala\target\classes\bak\pcj\map\DoubleKeyIntChainedHashMap$ValueCollection$1.class", "Java", 0, 0, 0, 0, 21, 0, 0, 0, 1, 22
"d:\KG\EA\NALA\nala\target\classes\bak\pcj\map\DoubleKeyIntChainedHashMap$ValueCollection.class", "Java", 0, 0, 0, 0, 17, 0, 0, 0, 0, 17
"d:\KG\EA\NALA\nala\target\classes\bak\pcj\map\DoubleKeyIntChainedHashMap.class", "Java", 0, 0, 0, 0, 128, 0, 0, 0, 0, 128
"d:\KG\EA\NALA\nala\target\classes\bak\pcj\map\DoubleKeyIntMap.class", "Java", 0, 0, 0, 0, 6, 0, 0, 0, 0, 6
"d:\KG\EA\NALA\nala\target\classes\bak\pcj\map\DoubleKeyIntMapIterator.class", "Java", 0, 0, 0, 0, 4, 0, 0, 0, 0, 4
"d:\KG\EA\NALA\nala\target\classes\bak\pcj\map\DoubleKeyIntOpenHashMap$1.class", "Java", 0, 0, 0, 0, 21, 0, 0, 0, 0, 21
"d:\KG\EA\NALA\nala\target\classes\bak\pcj\map\DoubleKeyIntOpenHashMap$KeySet$1.class", "Java", 0, 0, 0, 0, 19, 0, 0, 0, 0, 19
"d:\KG\EA\NALA\nala\target\classes\bak\pcj\map\DoubleKeyIntOpenHashMap$KeySet.class", "Java", 0, 0, 0, 0, 21, 0, 0, 0, 0, 21
"d:\KG\EA\NALA\nala\target\classes\bak\pcj\map\DoubleKeyIntOpenHashMap$ValueCollection$1.class", "Java", 0, 0, 0, 0, 20, 0, 0, 0, 0, 20
"d:\KG\EA\NALA\nala\target\classes\bak\pcj\map\DoubleKeyIntOpenHashMap$ValueCollection.class", "Java", 0, 0, 0, 0, 17, 0, 0, 0, 0, 17
"d:\KG\EA\NALA\nala\target\classes\bak\pcj\map\DoubleKeyIntOpenHashMap.class", "Java", 0, 0, 0, 0, 137, 0, 0, 0, 0, 137
"d:\KG\EA\NALA\nala\target\classes\bak\pcj\map\DoubleKeyLongChainedHashMap$1.class", "Java", 0, 0, 0, 0, 24, 0, 0, 0, 2, 26
"d:\KG\EA\NALA\nala\target\classes\bak\pcj\map\DoubleKeyLongChainedHashMap$Entry.class", "Java", 0, 0, 0, 0, 17, 0, 0, 0, 1, 18
"d:\KG\EA\NALA\nala\target\classes\bak\pcj\map\DoubleKeyLongChainedHashMap$KeySet$1.class", "Java", 0, 0, 0, 0, 20, 0, 0, 0, 1, 21
"d:\KG\EA\NALA\nala\target\classes\bak\pcj\map\DoubleKeyLongChainedHashMap$KeySet.class", "Java", 0, 0, 0, 0, 24, 0, 0, 0, 0, 24
"d:\KG\EA\NALA\nala\target\classes\bak\pcj\map\DoubleKeyLongChainedHashMap$ValueCollection$1.class", "Java", 0, 0, 0, 0, 20, 0, 0, 0, 1, 21
"d:\KG\EA\NALA\nala\target\classes\bak\pcj\map\DoubleKeyLongChainedHashMap$ValueCollection.class", "Java", 0, 0, 0, 0, 17, 0, 0, 0, 0, 17
"d:\KG\EA\NALA\nala\target\classes\bak\pcj\map\DoubleKeyLongChainedHashMap.class", "Java", 0, 0, 0, 0, 133, 0, 0, 0, 0, 133
"d:\KG\EA\NALA\nala\target\classes\bak\pcj\map\DoubleKeyLongMap.class", "Java", 0, 0, 0, 0, 6, 0, 0, 0, 0, 6
"d:\KG\EA\NALA\nala\target\classes\bak\pcj\map\DoubleKeyLongMapIterator.class", "Java", 0, 0, 0, 0, 4, 0, 0, 0, 0, 4
"d:\KG\EA\NALA\nala\target\classes\bak\pcj\map\DoubleKeyLongOpenHashMap$1.class", "Java", 0, 0, 0, 0, 21, 0, 0, 0, 0, 21
"d:\KG\EA\NALA\nala\target\classes\bak\pcj\map\DoubleKeyLongOpenHashMap$KeySet$1.class", "Java", 0, 0, 0, 0, 19, 0, 0, 0, 0, 19
"d:\KG\EA\NALA\nala\target\classes\bak\pcj\map\DoubleKeyLongOpenHashMap$KeySet.class", "Java", 0, 0, 0, 0, 21, 0, 0, 0, 0, 21
"d:\KG\EA\NALA\nala\target\classes\bak\pcj\map\DoubleKeyLongOpenHashMap$ValueCollection$1.class", "Java", 0, 0, 0, 0, 20, 0, 0, 0, 0, 20
"d:\KG\EA\NALA\nala\target\classes\bak\pcj\map\DoubleKeyLongOpenHashMap$ValueCollection.class", "Java", 0, 0, 0, 0, 17, 0, 0, 0, 0, 17
"d:\KG\EA\NALA\nala\target\classes\bak\pcj\map\DoubleKeyLongOpenHashMap.class", "Java", 0, 0, 0, 0, 137, 0, 0, 0, 0, 137
"d:\KG\EA\NALA\nala\target\classes\bak\pcj\map\DoubleKeyMap.class", "Java", 0, 0, 0, 0, 6, 0, 0, 0, 0, 6
"d:\KG\EA\NALA\nala\target\classes\bak\pcj\map\DoubleKeyMapIterator.class", "Java", 0, 0, 0, 0, 4, 0, 0, 0, 0, 4
"d:\KG\EA\NALA\nala\target\classes\bak\pcj\map\DoubleKeyOpenHashMap$1.class", "Java", 0, 0, 0, 0, 21, 0, 0, 0, 0, 21
"d:\KG\EA\NALA\nala\target\classes\bak\pcj\map\DoubleKeyOpenHashMap$KeySet$1.class", "Java", 0, 0, 0, 0, 20, 0, 0, 0, 0, 20
"d:\KG\EA\NALA\nala\target\classes\bak\pcj\map\DoubleKeyOpenHashMap$KeySet.class", "Java", 0, 0, 0, 0, 21, 0, 0, 0, 0, 21
"d:\KG\EA\NALA\nala\target\classes\bak\pcj\map\DoubleKeyOpenHashMap$ValueCollection$1.class", "Java", 0, 0, 0, 0, 20, 0, 0, 0, 0, 20
"d:\KG\EA\NALA\nala\target\classes\bak\pcj\map\DoubleKeyOpenHashMap$ValueCollection.class", "Java", 0, 0, 0, 0, 17, 0, 0, 0, 0, 17
"d:\KG\EA\NALA\nala\target\classes\bak\pcj\map\DoubleKeyOpenHashMap.class", "Java", 0, 0, 0, 0, 121, 0, 0, 0, 0, 121
"d:\KG\EA\NALA\nala\target\classes\bak\pcj\map\DoubleKeyShortChainedHashMap$1.class", "Java", 0, 0, 0, 0, 24, 0, 0, 0, 2, 26
"d:\KG\EA\NALA\nala\target\classes\bak\pcj\map\DoubleKeyShortChainedHashMap$Entry.class", "Java", 0, 0, 0, 0, 17, 0, 0, 0, 1, 18
"d:\KG\EA\NALA\nala\target\classes\bak\pcj\map\DoubleKeyShortChainedHashMap$KeySet$1.class", "Java", 0, 0, 0, 0, 20, 0, 0, 0, 1, 21
"d:\KG\EA\NALA\nala\target\classes\bak\pcj\map\DoubleKeyShortChainedHashMap$KeySet.class", "Java", 0, 0, 0, 0, 24, 0, 0, 0, 0, 24
"d:\KG\EA\NALA\nala\target\classes\bak\pcj\map\DoubleKeyShortChainedHashMap$ValueCollection$1.class", "Java", 0, 0, 0, 0, 20, 0, 0, 0, 1, 21
"d:\KG\EA\NALA\nala\target\classes\bak\pcj\map\DoubleKeyShortChainedHashMap$ValueCollection.class", "Java", 0, 0, 0, 0, 17, 0, 0, 0, 0, 17
"d:\KG\EA\NALA\nala\target\classes\bak\pcj\map\DoubleKeyShortChainedHashMap.class", "Java", 0, 0, 0, 0, 131, 0, 0, 0, 0, 131
"d:\KG\EA\NALA\nala\target\classes\bak\pcj\map\DoubleKeyShortMap.class", "Java", 0, 0, 0, 0, 6, 0, 0, 0, 0, 6
"d:\KG\EA\NALA\nala\target\classes\bak\pcj\map\DoubleKeyShortMapIterator.class", "Java", 0, 0, 0, 0, 4, 0, 0, 0, 0, 4
"d:\KG\EA\NALA\nala\target\classes\bak\pcj\map\DoubleKeyShortOpenHashMap$1.class", "Java", 0, 0, 0, 0, 21, 0, 0, 0, 0, 21
"d:\KG\EA\NALA\nala\target\classes\bak\pcj\map\DoubleKeyShortOpenHashMap$KeySet$1.class", "Java", 0, 0, 0, 0, 19, 0, 0, 0, 0, 19
"d:\KG\EA\NALA\nala\target\classes\bak\pcj\map\DoubleKeyShortOpenHashMap$KeySet.class", "Java", 0, 0, 0, 0, 21, 0, 0, 0, 0, 21
"d:\KG\EA\NALA\nala\target\classes\bak\pcj\map\DoubleKeyShortOpenHashMap$ValueCollection$1.class", "Java", 0, 0, 0, 0, 20, 0, 0, 0, 0, 20
"d:\KG\EA\NALA\nala\target\classes\bak\pcj\map\DoubleKeyShortOpenHashMap$ValueCollection.class", "Java", 0, 0, 0, 0, 17, 0, 0, 0, 0, 17
"d:\KG\EA\NALA\nala\target\classes\bak\pcj\map\DoubleKeyShortOpenHashMap.class", "Java", 0, 0, 0, 0, 135, 0, 0, 0, 0, 135
"d:\KG\EA\NALA\nala\target\classes\bak\pcj\map\FloatKeyBooleanChainedHashMap$1.class", "Java", 0, 0, 0, 0, 24, 0, 0, 0, 2, 26
"d:\KG\EA\NALA\nala\target\classes\bak\pcj\map\FloatKeyBooleanChainedHashMap$Entry.class", "Java", 0, 0, 0, 0, 17, 0, 0, 0, 1, 18
"d:\KG\EA\NALA\nala\target\classes\bak\pcj\map\FloatKeyBooleanChainedHashMap$KeySet$1.class", "Java", 0, 0, 0, 0, 20, 0, 0, 0, 1, 21
"d:\KG\EA\NALA\nala\target\classes\bak\pcj\map\FloatKeyBooleanChainedHashMap$KeySet.class", "Java", 0, 0, 0, 0, 24, 0, 0, 0, 0, 24
"d:\KG\EA\NALA\nala\target\classes\bak\pcj\map\FloatKeyBooleanChainedHashMap$ValueCollection$1.class", "Java", 0, 0, 0, 0, 20, 0, 0, 0, 1, 21
"d:\KG\EA\NALA\nala\target\classes\bak\pcj\map\FloatKeyBooleanChainedHashMap$ValueCollection.class", "Java", 0, 0, 0, 0, 17, 0, 0, 0, 0, 17
"d:\KG\EA\NALA\nala\target\classes\bak\pcj\map\FloatKeyBooleanChainedHashMap.class", "Java", 0, 0, 0, 0, 125, 0, 0, 7, 0, 132
"d:\KG\EA\NALA\nala\target\classes\bak\pcj\map\FloatKeyBooleanMap.class", "Java", 0, 0, 0, 0, 6, 0, 0, 0, 0, 6
"d:\KG\EA\NALA\nala\target\classes\bak\pcj\map\FloatKeyBooleanMapIterator.class", "Java", 0, 0, 0, 0, 4, 0, 0, 0, 0, 4
"d:\KG\EA\NALA\nala\target\classes\bak\pcj\map\FloatKeyBooleanOpenHashMap$1.class", "Java", 0, 0, 0, 0, 21, 0, 0, 0, 0, 21
"d:\KG\EA\NALA\nala\target\classes\bak\pcj\map\FloatKeyBooleanOpenHashMap$KeySet$1.class", "Java", 0, 0, 0, 0, 19, 0, 0, 0, 0, 19
"d:\KG\EA\NALA\nala\target\classes\bak\pcj\map\FloatKeyBooleanOpenHashMap$KeySet.class", "Java", 0, 0, 0, 0, 21, 0, 0, 0, 0, 21
"d:\KG\EA\NALA\nala\target\classes\bak\pcj\map\FloatKeyBooleanOpenHashMap$ValueCollection$1.class", "Java", 0, 0, 0, 0, 20, 0, 0, 0, 0, 20
"d:\KG\EA\NALA\nala\target\classes\bak\pcj\map\FloatKeyBooleanOpenHashMap$ValueCollection.class", "Java", 0, 0, 0, 0, 17, 0, 0, 0, 0, 17
"d:\KG\EA\NALA\nala\target\classes\bak\pcj\map\FloatKeyBooleanOpenHashMap.class", "Java", 0, 0, 0, 0, 138, 0, 0, 0, 0, 138
"d:\KG\EA\NALA\nala\target\classes\bak\pcj\map\FloatKeyByteChainedHashMap$1.class", "Java", 0, 0, 0, 0, 24, 0, 0, 0, 2, 26
"d:\KG\EA\NALA\nala\target\classes\bak\pcj\map\FloatKeyByteChainedHashMap$Entry.class", "Java", 0, 0, 0, 0, 17, 0, 0, 0, 1, 18
"d:\KG\EA\NALA\nala\target\classes\bak\pcj\map\FloatKeyByteChainedHashMap$KeySet$1.class", "Java", 0, 0, 0, 0, 20, 0, 0, 0, 1, 21
"d:\KG\EA\NALA\nala\target\classes\bak\pcj\map\FloatKeyByteChainedHashMap$KeySet.class", "Java", 0, 0, 0, 0, 24, 0, 0, 0, 0, 24
"d:\KG\EA\NALA\nala\target\classes\bak\pcj\map\FloatKeyByteChainedHashMap$ValueCollection$1.class", "Java", 0, 0, 0, 0, 20, 0, 0, 0, 1, 21
"d:\KG\EA\NALA\nala\target\classes\bak\pcj\map\FloatKeyByteChainedHashMap$ValueCollection.class", "Java", 0, 0, 0, 0, 17, 0, 0, 0, 0, 17
"d:\KG\EA\NALA\nala\target\classes\bak\pcj\map\FloatKeyByteChainedHashMap.class", "Java", 0, 0, 0, 0, 125, 0, 0, 6, 0, 131
"d:\KG\EA\NALA\nala\target\classes\bak\pcj\map\FloatKeyByteMap.class", "Java", 0, 0, 0, 0, 6, 0, 0, 0, 0, 6
"d:\KG\EA\NALA\nala\target\classes\bak\pcj\map\FloatKeyByteMapIterator.class", "Java", 0, 0, 0, 0, 4, 0, 0, 0, 0, 4
"d:\KG\EA\NALA\nala\target\classes\bak\pcj\map\FloatKeyByteOpenHashMap$1.class", "Java", 0, 0, 0, 0, 21, 0, 0, 0, 0, 21
"d:\KG\EA\NALA\nala\target\classes\bak\pcj\map\FloatKeyByteOpenHashMap$KeySet$1.class", "Java", 0, 0, 0, 0, 19, 0, 0, 0, 0, 19
"d:\KG\EA\NALA\nala\target\classes\bak\pcj\map\FloatKeyByteOpenHashMap$KeySet.class", "Java", 0, 0, 0, 0, 21, 0, 0, 0, 0, 21
"d:\KG\EA\NALA\nala\target\classes\bak\pcj\map\FloatKeyByteOpenHashMap$ValueCollection$1.class", "Java", 0, 0, 0, 0, 20, 0, 0, 0, 0, 20
"d:\KG\EA\NALA\nala\target\classes\bak\pcj\map\FloatKeyByteOpenHashMap$ValueCollection.class", "Java", 0, 0, 0, 0, 17, 0, 0, 0, 0, 17
"d:\KG\EA\NALA\nala\target\classes\bak\pcj\map\FloatKeyByteOpenHashMap.class", "Java", 0, 0, 0, 0, 138, 0, 0, 0, 0, 138
"d:\KG\EA\NALA\nala\target\classes\bak\pcj\map\FloatKeyChainedHashMap$1.class", "Java", 0, 0, 0, 0, 24, 0, 0, 0, 2, 26
"d:\KG\EA\NALA\nala\target\classes\bak\pcj\map\FloatKeyChainedHashMap$Entry.class", "Java", 0, 0, 0, 0, 18, 0, 0, 0, 1, 19
"d:\KG\EA\NALA\nala\target\classes\bak\pcj\map\FloatKeyChainedHashMap$KeySet$1.class", "Java", 0, 0, 0, 0, 20, 0, 0, 0, 1, 21
"d:\KG\EA\NALA\nala\target\classes\bak\pcj\map\FloatKeyChainedHashMap$KeySet.class", "Java", 0, 0, 0, 0, 24, 0, 0, 0, 0, 24
"d:\KG\EA\NALA\nala\target\classes\bak\pcj\map\FloatKeyChainedHashMap$ValueCollection$1.class", "Java", 0, 0, 0, 0, 20, 0, 0, 0, 1, 21
"d:\KG\EA\NALA\nala\target\classes\bak\pcj\map\FloatKeyChainedHashMap$ValueCollection.class", "Java", 0, 0, 0, 0, 17, 0, 0, 0, 0, 17
"d:\KG\EA\NALA\nala\target\classes\bak\pcj\map\FloatKeyChainedHashMap.class", "Java", 0, 0, 0, 0, 127, 0, 0, 0, 0, 127
"d:\KG\EA\NALA\nala\target\classes\bak\pcj\map\FloatKeyCharChainedHashMap$1.class", "Java", 0, 0, 0, 0, 24, 0, 0, 0, 2, 26
"d:\KG\EA\NALA\nala\target\classes\bak\pcj\map\FloatKeyCharChainedHashMap$Entry.class", "Java", 0, 0, 0, 0, 17, 0, 0, 0, 1, 18
"d:\KG\EA\NALA\nala\target\classes\bak\pcj\map\FloatKeyCharChainedHashMap$KeySet$1.class", "Java", 0, 0, 0, 0, 20, 0, 0, 0, 1, 21
"d:\KG\EA\NALA\nala\target\classes\bak\pcj\map\FloatKeyCharChainedHashMap$KeySet.class", "Java", 0, 0, 0, 0, 24, 0, 0, 0, 0, 24
"d:\KG\EA\NALA\nala\target\classes\bak\pcj\map\FloatKeyCharChainedHashMap$ValueCollection$1.class", "Java", 0, 0, 0, 0, 20, 0, 0, 0, 1, 21
"d:\KG\EA\NALA\nala\target\classes\bak\pcj\map\FloatKeyCharChainedHashMap$ValueCollection.class", "Java", 0, 0, 0, 0, 17, 0, 0, 0, 0, 17
"d:\KG\EA\NALA\nala\target\classes\bak\pcj\map\FloatKeyCharChainedHashMap.class", "Java", 0, 0, 0, 0, 125, 0, 0, 6, 0, 131
"d:\KG\EA\NALA\nala\target\classes\bak\pcj\map\FloatKeyCharMap.class", "Java", 0, 0, 0, 0, 6, 0, 0, 0, 0, 6
"d:\KG\EA\NALA\nala\target\classes\bak\pcj\map\FloatKeyCharMapIterator.class", "Java", 0, 0, 0, 0, 4, 0, 0, 0, 0, 4
"d:\KG\EA\NALA\nala\target\classes\bak\pcj\map\FloatKeyCharOpenHashMap$1.class", "Java", 0, 0, 0, 0, 21, 0, 0, 0, 0, 21
"d:\KG\EA\NALA\nala\target\classes\bak\pcj\map\FloatKeyCharOpenHashMap$KeySet$1.class", "Java", 0, 0, 0, 0, 19, 0, 0, 0, 0, 19
"d:\KG\EA\NALA\nala\target\classes\bak\pcj\map\FloatKeyCharOpenHashMap$KeySet.class", "Java", 0, 0, 0, 0, 21, 0, 0, 0, 0, 21
"d:\KG\EA\NALA\nala\target\classes\bak\pcj\map\FloatKeyCharOpenHashMap$ValueCollection$1.class", "Java", 0, 0, 0, 0, 20, 0, 0, 0, 0, 20
"d:\KG\EA\NALA\nala\target\classes\bak\pcj\map\FloatKeyCharOpenHashMap$ValueCollection.class", "Java", 0, 0, 0, 0, 17, 0, 0, 0, 0, 17
"d:\KG\EA\NALA\nala\target\classes\bak\pcj\map\FloatKeyCharOpenHashMap.class", "Java", 0, 0, 0, 0, 139, 0, 0, 0, 0, 139
"d:\KG\EA\NALA\nala\target\classes\bak\pcj\map\FloatKeyDoubleChainedHashMap$1.class", "Java", 0, 0, 0, 0, 24, 0, 0, 0, 2, 26
"d:\KG\EA\NALA\nala\target\classes\bak\pcj\map\FloatKeyDoubleChainedHashMap$Entry.class", "Java", 0, 0, 0, 0, 17, 0, 0, 0, 1, 18
"d:\KG\EA\NALA\nala\target\classes\bak\pcj\map\FloatKeyDoubleChainedHashMap$KeySet$1.class", "Java", 0, 0, 0, 0, 20, 0, 0, 0, 1, 21
"d:\KG\EA\NALA\nala\target\classes\bak\pcj\map\FloatKeyDoubleChainedHashMap$KeySet.class", "Java", 0, 0, 0, 0, 24, 0, 0, 0, 0, 24
"d:\KG\EA\NALA\nala\target\classes\bak\pcj\map\FloatKeyDoubleChainedHashMap$ValueCollection$1.class", "Java", 0, 0, 0, 0, 20, 0, 0, 0, 1, 21
"d:\KG\EA\NALA\nala\target\classes\bak\pcj\map\FloatKeyDoubleChainedHashMap$ValueCollection.class", "Java", 0, 0, 0, 0, 17, 0, 0, 0, 0, 17
"d:\KG\EA\NALA\nala\target\classes\bak\pcj\map\FloatKeyDoubleChainedHashMap.class", "Java", 0, 0, 0, 0, 130, 0, 0, 7, 0, 137
"d:\KG\EA\NALA\nala\target\classes\bak\pcj\map\FloatKeyDoubleMap.class", "Java", 0, 0, 0, 0, 6, 0, 0, 0, 0, 6
"d:\KG\EA\NALA\nala\target\classes\bak\pcj\map\FloatKeyDoubleMapIterator.class", "Java", 0, 0, 0, 0, 4, 0, 0, 0, 0, 4
"d:\KG\EA\NALA\nala\target\classes\bak\pcj\map\FloatKeyDoubleOpenHashMap$1.class", "Java", 0, 0, 0, 0, 21, 0, 0, 0, 0, 21
"d:\KG\EA\NALA\nala\target\classes\bak\pcj\map\FloatKeyDoubleOpenHashMap$KeySet$1.class", "Java", 0, 0, 0, 0, 19, 0, 0, 0, 0, 19
"d:\KG\EA\NALA\nala\target\classes\bak\pcj\map\FloatKeyDoubleOpenHashMap$KeySet.class", "Java", 0, 0, 0, 0, 21, 0, 0, 0, 0, 21
"d:\KG\EA\NALA\nala\target\classes\bak\pcj\map\FloatKeyDoubleOpenHashMap$ValueCollection$1.class", "Java", 0, 0, 0, 0, 20, 0, 0, 0, 0, 20
"d:\KG\EA\NALA\nala\target\classes\bak\pcj\map\FloatKeyDoubleOpenHashMap$ValueCollection.class", "Java", 0, 0, 0, 0, 17, 0, 0, 0, 0, 17
"d:\KG\EA\NALA\nala\target\classes\bak\pcj\map\FloatKeyDoubleOpenHashMap.class", "Java", 0, 0, 0, 0, 133, 0, 0, 0, 0, 133
"d:\KG\EA\NALA\nala\target\classes\bak\pcj\map\FloatKeyFloatChainedHashMap$1.class", "Java", 0, 0, 0, 0, 24, 0, 0, 0, 2, 26
"d:\KG\EA\NALA\nala\target\classes\bak\pcj\map\FloatKeyFloatChainedHashMap$Entry.class", "Java", 0, 0, 0, 0, 10, 0, 0, 0, 1, 11
"d:\KG\EA\NALA\nala\target\classes\bak\pcj\map\FloatKeyFloatChainedHashMap$KeySet$1.class", "Java", 0, 0, 0, 0, 20, 0, 0, 0, 1, 21
"d:\KG\EA\NALA\nala\target\classes\bak\pcj\map\FloatKeyFloatChainedHashMap$KeySet.class", "Java", 0, 0, 0, 0, 24, 0, 0, 0, 0, 24
"d:\KG\EA\NALA\nala\target\classes\bak\pcj\map\FloatKeyFloatChainedHashMap$ValueCollection$1.class", "Java", 0, 0, 0, 0, 20, 0, 0, 0, 1, 21
"d:\KG\EA\NALA\nala\target\classes\bak\pcj\map\FloatKeyFloatChainedHashMap$ValueCollection.class", "Java", 0, 0, 0, 0, 17, 0, 0, 0, 0, 17
"d:\KG\EA\NALA\nala\target\classes\bak\pcj\map\FloatKeyFloatChainedHashMap.class", "Java", 0, 0, 0, 0, 124, 0, 0, 8, 0, 132
"d:\KG\EA\NALA\nala\target\classes\bak\pcj\map\FloatKeyFloatMap.class", "Java", 0, 0, 0, 0, 6, 0, 0, 0, 0, 6
"d:\KG\EA\NALA\nala\target\classes\bak\pcj\map\FloatKeyFloatMapIterator.class", "Java", 0, 0, 0, 0, 4, 0, 0, 0, 0, 4
"d:\KG\EA\NALA\nala\target\classes\bak\pcj\map\FloatKeyFloatOpenHashMap$1.class", "Java", 0, 0, 0, 0, 21, 0, 0, 0, 0, 21
"d:\KG\EA\NALA\nala\target\classes\bak\pcj\map\FloatKeyFloatOpenHashMap$KeySet$1.class", "Java", 0, 0, 0, 0, 19, 0, 0, 0, 0, 19
"d:\KG\EA\NALA\nala\target\classes\bak\pcj\map\FloatKeyFloatOpenHashMap$KeySet.class", "Java", 0, 0, 0, 0, 21, 0, 0, 0, 0, 21
"d:\KG\EA\NALA\nala\target\classes\bak\pcj\map\FloatKeyFloatOpenHashMap$ValueCollection$1.class", "Java", 0, 0, 0, 0, 20, 0, 0, 0, 0, 20
"d:\KG\EA\NALA\nala\target\classes\bak\pcj\map\FloatKeyFloatOpenHashMap$ValueCollection.class", "Java", 0, 0, 0, 0, 17, 0, 0, 0, 0, 17
"d:\KG\EA\NALA\nala\target\classes\bak\pcj\map\FloatKeyFloatOpenHashMap.class", "Java", 0, 0, 0, 0, 136, 0, 0, 0, 0, 136
"d:\KG\EA\NALA\nala\target\classes\bak\pcj\map\FloatKeyIntChainedHashMap$1.class", "Java", 0, 0, 0, 0, 24, 0, 0, 0, 2, 26
"d:\KG\EA\NALA\nala\target\classes\bak\pcj\map\FloatKeyIntChainedHashMap$Entry.class", "Java", 0, 0, 0, 0, 17, 0, 0, 0, 1, 18
"d:\KG\EA\NALA\nala\target\classes\bak\pcj\map\FloatKeyIntChainedHashMap$KeySet$1.class", "Java", 0, 0, 0, 0, 20, 0, 0, 0, 1, 21
"d:\KG\EA\NALA\nala\target\classes\bak\pcj\map\FloatKeyIntChainedHashMap$KeySet.class", "Java", 0, 0, 0, 0, 24, 0, 0, 0, 0, 24
"d:\KG\EA\NALA\nala\target\classes\bak\pcj\map\FloatKeyIntChainedHashMap$ValueCollection$1.class", "Java", 0, 0, 0, 0, 21, 0, 0, 0, 1, 22
"d:\KG\EA\NALA\nala\target\classes\bak\pcj\map\FloatKeyIntChainedHashMap$ValueCollection.class", "Java", 0, 0, 0, 0, 17, 0, 0, 0, 0, 17
"d:\KG\EA\NALA\nala\target\classes\bak\pcj\map\FloatKeyIntChainedHashMap.class", "Java", 0, 0, 0, 0, 124, 0, 0, 7, 0, 131
"d:\KG\EA\NALA\nala\target\classes\bak\pcj\map\FloatKeyIntMap.class", "Java", 0, 0, 0, 0, 6, 0, 0, 0, 0, 6
"d:\KG\EA\NALA\nala\target\classes\bak\pcj\map\FloatKeyIntMapIterator.class", "Java", 0, 0, 0, 0, 4, 0, 0, 0, 0, 4
"d:\KG\EA\NALA\nala\target\classes\bak\pcj\map\FloatKeyIntOpenHashMap$1.class", "Java", 0, 0, 0, 0, 21, 0, 0, 0, 0, 21
"d:\KG\EA\NALA\nala\target\classes\bak\pcj\map\FloatKeyIntOpenHashMap$KeySet$1.class", "Java", 0, 0, 0, 0, 19, 0, 0, 0, 0, 19
"d:\KG\EA\NALA\nala\target\classes\bak\pcj\map\FloatKeyIntOpenHashMap$KeySet.class", "Java", 0, 0, 0, 0, 21, 0, 0, 0, 0, 21
"d:\KG\EA\NALA\nala\target\classes\bak\pcj\map\FloatKeyIntOpenHashMap$ValueCollection$1.class", "Java", 0, 0, 0, 0, 20, 0, 0, 0, 0, 20
"d:\KG\EA\NALA\nala\target\classes\bak\pcj\map\FloatKeyIntOpenHashMap$ValueCollection.class", "Java", 0, 0, 0, 0, 17, 0, 0, 0, 0, 17
"d:\KG\EA\NALA\nala\target\classes\bak\pcj\map\FloatKeyIntOpenHashMap.class", "Java", 0, 0, 0, 0, 141, 0, 0, 0, 0, 141
"d:\KG\EA\NALA\nala\target\classes\bak\pcj\map\FloatKeyLongChainedHashMap$1.class", "Java", 0, 0, 0, 0, 24, 0, 0, 0, 2, 26
"d:\KG\EA\NALA\nala\target\classes\bak\pcj\map\FloatKeyLongChainedHashMap$Entry.class", "Java", 0, 0, 0, 0, 17, 0, 0, 0, 1, 18
"d:\KG\EA\NALA\nala\target\classes\bak\pcj\map\FloatKeyLongChainedHashMap$KeySet$1.class", "Java", 0, 0, 0, 0, 20, 0, 0, 0, 1, 21
"d:\KG\EA\NALA\nala\target\classes\bak\pcj\map\FloatKeyLongChainedHashMap$KeySet.class", "Java", 0, 0, 0, 0, 24, 0, 0, 0, 0, 24
"d:\KG\EA\NALA\nala\target\classes\bak\pcj\map\FloatKeyLongChainedHashMap$ValueCollection$1.class", "Java", 0, 0, 0, 0, 20, 0, 0, 0, 1, 21
"d:\KG\EA\NALA\nala\target\classes\bak\pcj\map\FloatKeyLongChainedHashMap$ValueCollection.class", "Java", 0, 0, 0, 0, 17, 0, 0, 0, 0, 17
"d:\KG\EA\NALA\nala\target\classes\bak\pcj\map\FloatKeyLongChainedHashMap.class", "Java", 0, 0, 0, 0, 128, 0, 0, 6, 0, 134
"d:\KG\EA\NALA\nala\target\classes\bak\pcj\map\FloatKeyLongMap.class", "Java", 0, 0, 0, 0, 6, 0, 0, 0, 0, 6
"d:\KG\EA\NALA\nala\target\classes\bak\pcj\map\FloatKeyLongMapIterator.class", "Java", 0, 0, 0, 0, 4, 0, 0, 0, 0, 4
"d:\KG\EA\NALA\nala\target\classes\bak\pcj\map\FloatKeyLongOpenHashMap$1.class", "Java", 0, 0, 0, 0, 21, 0, 0, 0, 0, 21
"d:\KG\EA\NALA\nala\target\classes\bak\pcj\map\FloatKeyLongOpenHashMap$KeySet$1.class", "Java", 0, 0, 0, 0, 19, 0, 0, 0, 0, 19
"d:\KG\EA\NALA\nala\target\classes\bak\pcj\map\FloatKeyLongOpenHashMap$KeySet.class", "Java", 0, 0, 0, 0, 21, 0, 0, 0, 0, 21
"d:\KG\EA\NALA\nala\target\classes\bak\pcj\map\FloatKeyLongOpenHashMap$ValueCollection$1.class", "Java", 0, 0, 0, 0, 20, 0, 0, 0, 0, 20
"d:\KG\EA\NALA\nala\target\classes\bak\pcj\map\FloatKeyLongOpenHashMap$ValueCollection.class", "Java", 0, 0, 0, 0, 17, 0, 0, 0, 0, 17
"d:\KG\EA\NALA\nala\target\classes\bak\pcj\map\FloatKeyLongOpenHashMap.class", "Java", 0, 0, 0, 0, 132, 0, 0, 0, 0, 132
"d:\KG\EA\NALA\nala\target\classes\bak\pcj\map\FloatKeyMap.class", "Java", 0, 0, 0, 0, 6, 0, 0, 0, 0, 6
"d:\KG\EA\NALA\nala\target\classes\bak\pcj\map\FloatKeyMapIterator.class", "Java", 0, 0, 0, 0, 4, 0, 0, 0, 0, 4
"d:\KG\EA\NALA\nala\target\classes\bak\pcj\map\FloatKeyOpenHashMap$1.class", "Java", 0, 0, 0, 0, 21, 0, 0, 0, 0, 21
"d:\KG\EA\NALA\nala\target\classes\bak\pcj\map\FloatKeyOpenHashMap$KeySet$1.class", "Java", 0, 0, 0, 0, 20, 0, 0, 0, 0, 20
"d:\KG\EA\NALA\nala\target\classes\bak\pcj\map\FloatKeyOpenHashMap$KeySet.class", "Java", 0, 0, 0, 0, 21, 0, 0, 0, 0, 21
"d:\KG\EA\NALA\nala\target\classes\bak\pcj\map\FloatKeyOpenHashMap$ValueCollection$1.class", "Java", 0, 0, 0, 0, 20, 0, 0, 0, 0, 20
"d:\KG\EA\NALA\nala\target\classes\bak\pcj\map\FloatKeyOpenHashMap$ValueCollection.class", "Java", 0, 0, 0, 0, 17, 0, 0, 0, 0, 17
"d:\KG\EA\NALA\nala\target\classes\bak\pcj\map\FloatKeyOpenHashMap.class", "Java", 0, 0, 0, 0, 129, 0, 0, 0, 0, 129
"d:\KG\EA\NALA\nala\target\classes\bak\pcj\map\FloatKeyShortChainedHashMap$1.class", "Java", 0, 0, 0, 0, 24, 0, 0, 0, 2, 26
"d:\KG\EA\NALA\nala\target\classes\bak\pcj\map\FloatKeyShortChainedHashMap$Entry.class", "Java", 0, 0, 0, 0, 17, 0, 0, 0, 1, 18
"d:\KG\EA\NALA\nala\target\classes\bak\pcj\map\FloatKeyShortChainedHashMap$KeySet$1.class", "Java", 0, 0, 0, 0, 20, 0, 0, 0, 1, 21
"d:\KG\EA\NALA\nala\target\classes\bak\pcj\map\FloatKeyShortChainedHashMap$KeySet.class", "Java", 0, 0, 0, 0, 24, 0, 0, 0, 0, 24
"d:\KG\EA\NALA\nala\target\classes\bak\pcj\map\FloatKeyShortChainedHashMap$ValueCollection$1.class", "Java", 0, 0, 0, 0, 20, 0, 0, 0, 1, 21
"d:\KG\EA\NALA\nala\target\classes\bak\pcj\map\FloatKeyShortChainedHashMap$ValueCollection.class", "Java", 0, 0, 0, 0, 17, 0, 0, 0, 0, 17
"d:\KG\EA\NALA\nala\target\classes\bak\pcj\map\FloatKeyShortChainedHashMap.class", "Java", 0, 0, 0, 0, 126, 0, 0, 6, 0, 132
"d:\KG\EA\NALA\nala\target\classes\bak\pcj\map\FloatKeyShortMap.class", "Java", 0, 0, 0, 0, 6, 0, 0, 0, 0, 6
"d:\KG\EA\NALA\nala\target\classes\bak\pcj\map\FloatKeyShortMapIterator.class", "Java", 0, 0, 0, 0, 4, 0, 0, 0, 0, 4
"d:\KG\EA\NALA\nala\target\classes\bak\pcj\map\FloatKeyShortOpenHashMap$1.class", "Java", 0, 0, 0, 0, 21, 0, 0, 0, 0, 21
"d:\KG\EA\NALA\nala\target\classes\bak\pcj\map\FloatKeyShortOpenHashMap$KeySet$1.class", "Java", 0, 0, 0, 0, 19, 0, 0, 0, 0, 19
"d:\KG\EA\NALA\nala\target\classes\bak\pcj\map\FloatKeyShortOpenHashMap$KeySet.class", "Java", 0, 0, 0, 0, 21, 0, 0, 0, 0, 21
"d:\KG\EA\NALA\nala\target\classes\bak\pcj\map\FloatKeyShortOpenHashMap$ValueCollection$1.class", "Java", 0, 0, 0, 0, 20, 0, 0, 0, 0, 20
"d:\KG\EA\NALA\nala\target\classes\bak\pcj\map\FloatKeyShortOpenHashMap$ValueCollection.class", "Java", 0, 0, 0, 0, 17, 0, 0, 0, 0, 17
"d:\KG\EA\NALA\nala\target\classes\bak\pcj\map\FloatKeyShortOpenHashMap.class", "Java", 0, 0, 0, 0, 140, 0, 0, 0, 0, 140
"d:\KG\EA\NALA\nala\target\classes\bak\pcj\map\IntKeyBooleanChainedHashMap$1.class", "Java", 0, 0, 0, 0, 24, 0, 0, 0, 2, 26
"d:\KG\EA\NALA\nala\target\classes\bak\pcj\map\IntKeyBooleanChainedHashMap$Entry.class", "Java", 0, 0, 0, 0, 17, 0, 0, 0, 1, 18
"d:\KG\EA\NALA\nala\target\classes\bak\pcj\map\IntKeyBooleanChainedHashMap$KeySet$1.class", "Java", 0, 0, 0, 0, 21, 0, 0, 0, 1, 22
"d:\KG\EA\NALA\nala\target\classes\bak\pcj\map\IntKeyBooleanChainedHashMap$KeySet.class", "Java", 0, 0, 0, 0, 24, 0, 0, 0, 0, 24
"d:\KG\EA\NALA\nala\target\classes\bak\pcj\map\IntKeyBooleanChainedHashMap$ValueCollection$1.class", "Java", 0, 0, 0, 0, 20, 0, 0, 0, 1, 21
"d:\KG\EA\NALA\nala\target\classes\bak\pcj\map\IntKeyBooleanChainedHashMap$ValueCollection.class", "Java", 0, 0, 0, 0, 17, 0, 0, 0, 0, 17
"d:\KG\EA\NALA\nala\target\classes\bak\pcj\map\IntKeyBooleanChainedHashMap.class", "Java", 0, 0, 0, 0, 120, 0, 0, 7, 0, 127
"d:\KG\EA\NALA\nala\target\classes\bak\pcj\map\IntKeyBooleanMap.class", "Java", 0, 0, 0, 0, 6, 0, 0, 0, 0, 6
"d:\KG\EA\NALA\nala\target\classes\bak\pcj\map\IntKeyBooleanMapIterator.class", "Java", 0, 0, 0, 0, 4, 0, 0, 0, 0, 4
"d:\KG\EA\NALA\nala\target\classes\bak\pcj\map\IntKeyBooleanOpenHashMap$1.class", "Java", 0, 0, 0, 0, 21, 0, 0, 0, 0, 21
"d:\KG\EA\NALA\nala\target\classes\bak\pcj\map\IntKeyBooleanOpenHashMap$KeySet$1.class", "Java", 0, 0, 0, 0, 19, 0, 0, 0, 0, 19
"d:\KG\EA\NALA\nala\target\classes\bak\pcj\map\IntKeyBooleanOpenHashMap$KeySet.class", "Java", 0, 0, 0, 0, 21, 0, 0, 0, 0, 21
"d:\KG\EA\NALA\nala\target\classes\bak\pcj\map\IntKeyBooleanOpenHashMap$ValueCollection$1.class", "Java", 0, 0, 0, 0, 20, 0, 0, 0, 0, 20
"d:\KG\EA\NALA\nala\target\classes\bak\pcj\map\IntKeyBooleanOpenHashMap$ValueCollection.class", "Java", 0, 0, 0, 0, 17, 0, 0, 0, 0, 17
"d:\KG\EA\NALA\nala\target\classes\bak\pcj\map\IntKeyBooleanOpenHashMap.class", "Java", 0, 0, 0, 0, 138, 0, 0, 0, 0, 138
"d:\KG\EA\NALA\nala\target\classes\bak\pcj\map\IntKeyByteChainedHashMap$1.class", "Java", 0, 0, 0, 0, 24, 0, 0, 0, 2, 26
"d:\KG\EA\NALA\nala\target\classes\bak\pcj\map\IntKeyByteChainedHashMap$Entry.class", "Java", 0, 0, 0, 0, 17, 0, 0, 0, 1, 18
"d:\KG\EA\NALA\nala\target\classes\bak\pcj\map\IntKeyByteChainedHashMap$KeySet$1.class", "Java", 0, 0, 0, 0, 21, 0, 0, 0, 1, 22
"d:\KG\EA\NALA\nala\target\classes\bak\pcj\map\IntKeyByteChainedHashMap$KeySet.class", "Java", 0, 0, 0, 0, 24, 0, 0, 0, 0, 24
"d:\KG\EA\NALA\nala\target\classes\bak\pcj\map\IntKeyByteChainedHashMap$ValueCollection$1.class", "Java", 0, 0, 0, 0, 20, 0, 0, 0, 1, 21
"d:\KG\EA\NALA\nala\target\classes\bak\pcj\map\IntKeyByteChainedHashMap$ValueCollection.class", "Java", 0, 0, 0, 0, 17, 0, 0, 0, 0, 17
"d:\KG\EA\NALA\nala\target\classes\bak\pcj\map\IntKeyByteChainedHashMap.class", "Java", 0, 0, 0, 0, 121, 0, 0, 6, 0, 127
"d:\KG\EA\NALA\nala\target\classes\bak\pcj\map\IntKeyByteMap.class", "Java", 0, 0, 0, 0, 6, 0, 0, 0, 0, 6
"d:\KG\EA\NALA\nala\target\classes\bak\pcj\map\IntKeyByteMapIterator.class", "Java", 0, 0, 0, 0, 4, 0, 0, 0, 0, 4
"d:\KG\EA\NALA\nala\target\classes\bak\pcj\map\IntKeyByteOpenHashMap$1.class", "Java", 0, 0, 0, 0, 21, 0, 0, 0, 0, 21
"d:\KG\EA\NALA\nala\target\classes\bak\pcj\map\IntKeyByteOpenHashMap$KeySet$1.class", "Java", 0, 0, 0, 0, 19, 0, 0, 0, 0, 19
"d:\KG\EA\NALA\nala\target\classes\bak\pcj\map\IntKeyByteOpenHashMap$KeySet.class", "Java", 0, 0, 0, 0, 21, 0, 0, 0, 0, 21
"d:\KG\EA\NALA\nala\target\classes\bak\pcj\map\IntKeyByteOpenHashMap$ValueCollection$1.class", "Java", 0, 0, 0, 0, 20, 0, 0, 0, 0, 20
"d:\KG\EA\NALA\nala\target\classes\bak\pcj\map\IntKeyByteOpenHashMap$ValueCollection.class", "Java", 0, 0, 0, 0, 17, 0, 0, 0, 0, 17
"d:\KG\EA\NALA\nala\target\classes\bak\pcj\map\IntKeyByteOpenHashMap.class", "Java", 0, 0, 0, 0, 138, 0, 0, 0, 0, 138
"d:\KG\EA\NALA\nala\target\classes\bak\pcj\map\IntKeyChainedHashMap$1.class", "Java", 0, 0, 0, 0, 24, 0, 0, 0, 2, 26
"d:\KG\EA\NALA\nala\target\classes\bak\pcj\map\IntKeyChainedHashMap$Entry.class", "Java", 0, 0, 0, 0, 18, 0, 0, 0, 1, 19
"d:\KG\EA\NALA\nala\target\classes\bak\pcj\map\IntKeyChainedHashMap$KeySet$1.class", "Java", 0, 0, 0, 0, 21, 0, 0, 0, 1, 22
"d:\KG\EA\NALA\nala\target\classes\bak\pcj\map\IntKeyChainedHashMap$KeySet.class", "Java", 0, 0, 0, 0, 24, 0, 0, 0, 0, 24
"d:\KG\EA\NALA\nala\target\classes\bak\pcj\map\IntKeyChainedHashMap$ValueCollection$1.class", "Java", 0, 0, 0, 0, 20, 0, 0, 0, 1, 21
"d:\KG\EA\NALA\nala\target\classes\bak\pcj\map\IntKeyChainedHashMap$ValueCollection.class", "Java", 0, 0, 0, 0, 17, 0, 0, 0, 0, 17
"d:\KG\EA\NALA\nala\target\classes\bak\pcj\map\IntKeyChainedHashMap.class", "Java", 0, 0, 0, 0, 125, 0, 0, 0, 0, 125
"d:\KG\EA\NALA\nala\target\classes\bak\pcj\map\IntKeyCharChainedHashMap$1.class", "Java", 0, 0, 0, 0, 24, 0, 0, 0, 2, 26
"d:\KG\EA\NALA\nala\target\classes\bak\pcj\map\IntKeyCharChainedHashMap$Entry.class", "Java", 0, 0, 0, 0, 17, 0, 0, 0, 1, 18
"d:\KG\EA\NALA\nala\target\classes\bak\pcj\map\IntKeyCharChainedHashMap$KeySet$1.class", "Java", 0, 0, 0, 0, 21, 0, 0, 0, 1, 22
"d:\KG\EA\NALA\nala\target\classes\bak\pcj\map\IntKeyCharChainedHashMap$KeySet.class", "Java", 0, 0, 0, 0, 24, 0, 0, 0, 0, 24
"d:\KG\EA\NALA\nala\target\classes\bak\pcj\map\IntKeyCharChainedHashMap$ValueCollection$1.class", "Java", 0, 0, 0, 0, 20, 0, 0, 0, 1, 21
"d:\KG\EA\NALA\nala\target\classes\bak\pcj\map\IntKeyCharChainedHashMap$ValueCollection.class", "Java", 0, 0, 0, 0, 17, 0, 0, 0, 0, 17
"d:\KG\EA\NALA\nala\target\classes\bak\pcj\map\IntKeyCharChainedHashMap.class", "Java", 0, 0, 0, 0, 121, 0, 0, 6, 0, 127
"d:\KG\EA\NALA\nala\target\classes\bak\pcj\map\IntKeyCharMap.class", "Java", 0, 0, 0, 0, 6, 0, 0, 0, 0, 6
"d:\KG\EA\NALA\nala\target\classes\bak\pcj\map\IntKeyCharMapIterator.class", "Java", 0, 0, 0, 0, 4, 0, 0, 0, 0, 4
"d:\KG\EA\NALA\nala\target\classes\bak\pcj\map\IntKeyCharOpenHashMap$1.class", "Java", 0, 0, 0, 0, 21, 0, 0, 0, 0, 21
"d:\KG\EA\NALA\nala\target\classes\bak\pcj\map\IntKeyCharOpenHashMap$KeySet$1.class", "Java", 0, 0, 0, 0, 19, 0, 0, 0, 0, 19
"d:\KG\EA\NALA\nala\target\classes\bak\pcj\map\IntKeyCharOpenHashMap$KeySet.class", "Java", 0, 0, 0, 0, 21, 0, 0, 0, 0, 21
"d:\KG\EA\NALA\nala\target\classes\bak\pcj\map\IntKeyCharOpenHashMap$ValueCollection$1.class", "Java", 0, 0, 0, 0, 20, 0, 0, 0, 0, 20
"d:\KG\EA\NALA\nala\target\classes\bak\pcj\map\IntKeyCharOpenHashMap$ValueCollection.class", "Java", 0, 0, 0, 0, 17, 0, 0, 0, 0, 17
"d:\KG\EA\NALA\nala\target\classes\bak\pcj\map\IntKeyCharOpenHashMap.class", "Java", 0, 0, 0, 0, 139, 0, 0, 0, 0, 139
"d:\KG\EA\NALA\nala\target\classes\bak\pcj\map\IntKeyDoubleChainedHashMap$1.class", "Java", 0, 0, 0, 0, 24, 0, 0, 0, 2, 26
"d:\KG\EA\NALA\nala\target\classes\bak\pcj\map\IntKeyDoubleChainedHashMap$Entry.class", "Java", 0, 0, 0, 0, 17, 0, 0, 0, 1, 18
"d:\KG\EA\NALA\nala\target\classes\bak\pcj\map\IntKeyDoubleChainedHashMap$KeySet$1.class", "Java", 0, 0, 0, 0, 21, 0, 0, 0, 1, 22
"d:\KG\EA\NALA\nala\target\classes\bak\pcj\map\IntKeyDoubleChainedHashMap$KeySet.class", "Java", 0, 0, 0, 0, 24, 0, 0, 0, 0, 24
"d:\KG\EA\NALA\nala\target\classes\bak\pcj\map\IntKeyDoubleChainedHashMap$ValueCollection$1.class", "Java", 0, 0, 0, 0, 20, 0, 0, 0, 1, 21
"d:\KG\EA\NALA\nala\target\classes\bak\pcj\map\IntKeyDoubleChainedHashMap$ValueCollection.class", "Java", 0, 0, 0, 0, 17, 0, 0, 0, 0, 17
"d:\KG\EA\NALA\nala\target\classes\bak\pcj\map\IntKeyDoubleChainedHashMap.class", "Java", 0, 0, 0, 0, 125, 0, 0, 7, 0, 132
"d:\KG\EA\NALA\nala\target\classes\bak\pcj\map\IntKeyDoubleMap.class", "Java", 0, 0, 0, 0, 6, 0, 0, 0, 0, 6
"d:\KG\EA\NALA\nala\target\classes\bak\pcj\map\IntKeyDoubleMapIterator.class", "Java", 0, 0, 0, 0, 4, 0, 0, 0, 0, 4
"d:\KG\EA\NALA\nala\target\classes\bak\pcj\map\IntKeyDoubleOpenHashMap$1.class", "Java", 0, 0, 0, 0, 21, 0, 0, 0, 0, 21
"d:\KG\EA\NALA\nala\target\classes\bak\pcj\map\IntKeyDoubleOpenHashMap$KeySet$1.class", "Java", 0, 0, 0, 0, 19, 0, 0, 0, 0, 19
"d:\KG\EA\NALA\nala\target\classes\bak\pcj\map\IntKeyDoubleOpenHashMap$KeySet.class", "Java", 0, 0, 0, 0, 21, 0, 0, 0, 0, 21
"d:\KG\EA\NALA\nala\target\classes\bak\pcj\map\IntKeyDoubleOpenHashMap$ValueCollection$1.class", "Java", 0, 0, 0, 0, 20, 0, 0, 0, 0, 20
"d:\KG\EA\NALA\nala\target\classes\bak\pcj\map\IntKeyDoubleOpenHashMap$ValueCollection.class", "Java", 0, 0, 0, 0, 17, 0, 0, 0, 0, 17
"d:\KG\EA\NALA\nala\target\classes\bak\pcj\map\IntKeyDoubleOpenHashMap.class", "Java", 0, 0, 0, 0, 134, 0, 0, 0, 0, 134
"d:\KG\EA\NALA\nala\target\classes\bak\pcj\map\IntKeyFloatChainedHashMap$1.class", "Java", 0, 0, 0, 0, 24, 0, 0, 0, 2, 26
"d:\KG\EA\NALA\nala\target\classes\bak\pcj\map\IntKeyFloatChainedHashMap$Entry.class", "Java", 0, 0, 0, 0, 17, 0, 0, 0, 1, 18
"d:\KG\EA\NALA\nala\target\classes\bak\pcj\map\IntKeyFloatChainedHashMap$KeySet$1.class", "Java", 0, 0, 0, 0, 21, 0, 0, 0, 1, 22
"d:\KG\EA\NALA\nala\target\classes\bak\pcj\map\IntKeyFloatChainedHashMap$KeySet.class", "Java", 0, 0, 0, 0, 24, 0, 0, 0, 0, 24
"d:\KG\EA\NALA\nala\target\classes\bak\pcj\map\IntKeyFloatChainedHashMap$ValueCollection$1.class", "Java", 0, 0, 0, 0, 20, 0, 0, 0, 1, 21
"d:\KG\EA\NALA\nala\target\classes\bak\pcj\map\IntKeyFloatChainedHashMap$ValueCollection.class", "Java", 0, 0, 0, 0, 17, 0, 0, 0, 0, 17
"d:\KG\EA\NALA\nala\target\classes\bak\pcj\map\IntKeyFloatChainedHashMap.class", "Java", 0, 0, 0, 0, 123, 0, 0, 6, 0, 129
"d:\KG\EA\NALA\nala\target\classes\bak\pcj\map\IntKeyFloatMap.class", "Java", 0, 0, 0, 0, 6, 0, 0, 0, 0, 6
"d:\KG\EA\NALA\nala\target\classes\bak\pcj\map\IntKeyFloatMapIterator.class", "Java", 0, 0, 0, 0, 4, 0, 0, 0, 0, 4
"d:\KG\EA\NALA\nala\target\classes\bak\pcj\map\IntKeyFloatOpenHashMap$1.class", "Java", 0, 0, 0, 0, 21, 0, 0, 0, 0, 21
"d:\KG\EA\NALA\nala\target\classes\bak\pcj\map\IntKeyFloatOpenHashMap$KeySet$1.class", "Java", 0, 0, 0, 0, 19, 0, 0, 0, 0, 19
"d:\KG\EA\NALA\nala\target\classes\bak\pcj\map\IntKeyFloatOpenHashMap$KeySet.class", "Java", 0, 0, 0, 0, 21, 0, 0, 0, 0, 21
"d:\KG\EA\NALA\nala\target\classes\bak\pcj\map\IntKeyFloatOpenHashMap$ValueCollection$1.class", "Java", 0, 0, 0, 0, 20, 0, 0, 0, 0, 20
"d:\KG\EA\NALA\nala\target\classes\bak\pcj\map\IntKeyFloatOpenHashMap$ValueCollection.class", "Java", 0, 0, 0, 0, 17, 0, 0, 0, 0, 17
"d:\KG\EA\NALA\nala\target\classes\bak\pcj\map\IntKeyFloatOpenHashMap.class", "Java", 0, 0, 0, 0, 140, 0, 0, 0, 0, 140
"d:\KG\EA\NALA\nala\target\classes\bak\pcj\map\IntKeyIntChainedHashMap$1.class", "Java", 0, 0, 0, 0, 24, 0, 0, 0, 2, 26
"d:\KG\EA\NALA\nala\target\classes\bak\pcj\map\IntKeyIntChainedHashMap$Entry.class", "Java", 0, 0, 0, 0, 10, 0, 0, 0, 1, 11
"d:\KG\EA\NALA\nala\target\classes\bak\pcj\map\IntKeyIntChainedHashMap$KeySet$1.class", "Java", 0, 0, 0, 0, 21, 0, 0, 0, 1, 22
"d:\KG\EA\NALA\nala\target\classes\bak\pcj\map\IntKeyIntChainedHashMap$KeySet.class", "Java", 0, 0, 0, 0, 24, 0, 0, 0, 0, 24
"d:\KG\EA\NALA\nala\target\classes\bak\pcj\map\IntKeyIntChainedHashMap$ValueCollection$1.class", "Java", 0, 0, 0, 0, 21, 0, 0, 0, 1, 22
"d:\KG\EA\NALA\nala\target\classes\bak\pcj\map\IntKeyIntChainedHashMap$ValueCollection.class", "Java", 0, 0, 0, 0, 17, 0, 0, 0, 0, 17
"d:\KG\EA\NALA\nala\target\classes\bak\pcj\map\IntKeyIntChainedHashMap.class", "Java", 0, 0, 0, 0, 119, 0, 0, 7, 0, 126
"d:\KG\EA\NALA\nala\target\classes\bak\pcj\map\IntKeyIntMap.class", "Java", 0, 0, 0, 0, 6, 0, 0, 0, 0, 6
"d:\KG\EA\NALA\nala\target\classes\bak\pcj\map\IntKeyIntMapIterator.class", "Java", 0, 0, 0, 0, 4, 0, 0, 0, 0, 4
"d:\KG\EA\NALA\nala\target\classes\bak\pcj\map\IntKeyIntOpenHashMap$1.class", "Java", 0, 0, 0, 0, 21, 0, 0, 0, 0, 21
"d:\KG\EA\NALA\nala\target\classes\bak\pcj\map\IntKeyIntOpenHashMap$KeySet$1.class", "Java", 0, 0, 0, 0, 19, 0, 0, 0, 0, 19
"d:\KG\EA\NALA\nala\target\classes\bak\pcj\map\IntKeyIntOpenHashMap$KeySet.class", "Java", 0, 0, 0, 0, 21, 0, 0, 0, 0, 21
"d:\KG\EA\NALA\nala\target\classes\bak\pcj\map\IntKeyIntOpenHashMap$ValueCollection$1.class", "Java", 0, 0, 0, 0, 20, 0, 0, 0, 0, 20
"d:\KG\EA\NALA\nala\target\classes\bak\pcj\map\IntKeyIntOpenHashMap$ValueCollection.class", "Java", 0, 0, 0, 0, 17, 0, 0, 0, 0, 17
"d:\KG\EA\NALA\nala\target\classes\bak\pcj\map\IntKeyIntOpenHashMap.class", "Java", 0, 0, 0, 0, 139, 0, 0, 3, 0, 142
"d:\KG\EA\NALA\nala\target\classes\bak\pcj\map\IntKeyLongChainedHashMap$1.class", "Java", 0, 0, 0, 0, 24, 0, 0, 0, 2, 26
"d:\KG\EA\NALA\nala\target\classes\bak\pcj\map\IntKeyLongChainedHashMap$Entry.class", "Java", 0, 0, 0, 0, 17, 0, 0, 0, 1, 18
"d:\KG\EA\NALA\nala\target\classes\bak\pcj\map\IntKeyLongChainedHashMap$KeySet$1.class", "Java", 0, 0, 0, 0, 21, 0, 0, 0, 1, 22
"d:\KG\EA\NALA\nala\target\classes\bak\pcj\map\IntKeyLongChainedHashMap$KeySet.class", "Java", 0, 0, 0, 0, 24, 0, 0, 0, 0, 24
"d:\KG\EA\NALA\nala\target\classes\bak\pcj\map\IntKeyLongChainedHashMap$ValueCollection$1.class", "Java", 0, 0, 0, 0, 20, 0, 0, 0, 1, 21
"d:\KG\EA\NALA\nala\target\classes\bak\pcj\map\IntKeyLongChainedHashMap$ValueCollection.class", "Java", 0, 0, 0, 0, 17, 0, 0, 0, 0, 17
"d:\KG\EA\NALA\nala\target\classes\bak\pcj\map\IntKeyLongChainedHashMap.class", "Java", 0, 0, 0, 0, 124, 0, 0, 6, 0, 130
"d:\KG\EA\NALA\nala\target\classes\bak\pcj\map\IntKeyLongMap.class", "Java", 0, 0, 0, 0, 6, 0, 0, 0, 0, 6
"d:\KG\EA\NALA\nala\target\classes\bak\pcj\map\IntKeyLongMapIterator.class", "Java", 0, 0, 0, 0, 4, 0, 0, 0, 0, 4
"d:\KG\EA\NALA\nala\target\classes\bak\pcj\map\IntKeyLongOpenHashMap$1.class", "Java", 0, 0, 0, 0, 21, 0, 0, 0, 0, 21
"d:\KG\EA\NALA\nala\target\classes\bak\pcj\map\IntKeyLongOpenHashMap$KeySet$1.class", "Java", 0, 0, 0, 0, 19, 0, 0, 0, 0, 19
"d:\KG\EA\NALA\nala\target\classes\bak\pcj\map\IntKeyLongOpenHashMap$KeySet.class", "Java", 0, 0, 0, 0, 21, 0, 0, 0, 0, 21
"d:\KG\EA\NALA\nala\target\classes\bak\pcj\map\IntKeyLongOpenHashMap$ValueCollection$1.class", "Java", 0, 0, 0, 0, 20, 0, 0, 0, 0, 20
"d:\KG\EA\NALA\nala\target\classes\bak\pcj\map\IntKeyLongOpenHashMap$ValueCollection.class", "Java", 0, 0, 0, 0, 17, 0, 0, 0, 0, 17
"d:\KG\EA\NALA\nala\target\classes\bak\pcj\map\IntKeyLongOpenHashMap.class", "Java", 0, 0, 0, 0, 132, 0, 0, 0, 0, 132
"d:\KG\EA\NALA\nala\target\classes\bak\pcj\map\IntKeyMap.class", "Java", 0, 0, 0, 0, 6, 0, 0, 0, 0, 6
"d:\KG\EA\NALA\nala\target\classes\bak\pcj\map\IntKeyMapIterator.class", "Java", 0, 0, 0, 0, 4, 0, 0, 0, 0, 4
"d:\KG\EA\NALA\nala\target\classes\bak\pcj\map\IntKeyOpenHashMap$1.class", "Java", 0, 0, 0, 0, 21, 0, 0, 0, 0, 21
"d:\KG\EA\NALA\nala\target\classes\bak\pcj\map\IntKeyOpenHashMap$KeySet$1.class", "Java", 0, 0, 0, 0, 20, 0, 0, 0, 0, 20
"d:\KG\EA\NALA\nala\target\classes\bak\pcj\map\IntKeyOpenHashMap$KeySet.class", "Java", 0, 0, 0, 0, 21, 0, 0, 0, 0, 21
"d:\KG\EA\NALA\nala\target\classes\bak\pcj\map\IntKeyOpenHashMap$ValueCollection$1.class", "Java", 0, 0, 0, 0, 20, 0, 0, 0, 0, 20
"d:\KG\EA\NALA\nala\target\classes\bak\pcj\map\IntKeyOpenHashMap$ValueCollection.class", "Java", 0, 0, 0, 0, 17, 0, 0, 0, 0, 17
"d:\KG\EA\NALA\nala\target\classes\bak\pcj\map\IntKeyOpenHashMap.class", "Java", 0, 0, 0, 0, 130, 0, 0, 0, 0, 130
"d:\KG\EA\NALA\nala\target\classes\bak\pcj\map\IntKeyShortChainedHashMap$1.class", "Java", 0, 0, 0, 0, 24, 0, 0, 0, 2, 26
"d:\KG\EA\NALA\nala\target\classes\bak\pcj\map\IntKeyShortChainedHashMap$Entry.class", "Java", 0, 0, 0, 0, 17, 0, 0, 0, 1, 18
"d:\KG\EA\NALA\nala\target\classes\bak\pcj\map\IntKeyShortChainedHashMap$KeySet$1.class", "Java", 0, 0, 0, 0, 21, 0, 0, 0, 1, 22
"d:\KG\EA\NALA\nala\target\classes\bak\pcj\map\IntKeyShortChainedHashMap$KeySet.class", "Java", 0, 0, 0, 0, 24, 0, 0, 0, 0, 24
"d:\KG\EA\NALA\nala\target\classes\bak\pcj\map\IntKeyShortChainedHashMap$ValueCollection$1.class", "Java", 0, 0, 0, 0, 20, 0, 0, 0, 1, 21
"d:\KG\EA\NALA\nala\target\classes\bak\pcj\map\IntKeyShortChainedHashMap$ValueCollection.class", "Java", 0, 0, 0, 0, 17, 0, 0, 0, 0, 17
"d:\KG\EA\NALA\nala\target\classes\bak\pcj\map\IntKeyShortChainedHashMap.class", "Java", 0, 0, 0, 0, 122, 0, 0, 6, 0, 128
"d:\KG\EA\NALA\nala\target\classes\bak\pcj\map\IntKeyShortMap.class", "Java", 0, 0, 0, 0, 6, 0, 0, 0, 0, 6
"d:\KG\EA\NALA\nala\target\classes\bak\pcj\map\IntKeyShortMapIterator.class", "Java", 0, 0, 0, 0, 4, 0, 0, 0, 0, 4
"d:\KG\EA\NALA\nala\target\classes\bak\pcj\map\IntKeyShortOpenHashMap$1.class", "Java", 0, 0, 0, 0, 21, 0, 0, 0, 0, 21
"d:\KG\EA\NALA\nala\target\classes\bak\pcj\map\IntKeyShortOpenHashMap$KeySet$1.class", "Java", 0, 0, 0, 0, 19, 0, 0, 0, 0, 19
"d:\KG\EA\NALA\nala\target\classes\bak\pcj\map\IntKeyShortOpenHashMap$KeySet.class", "Java", 0, 0, 0, 0, 21, 0, 0, 0, 0, 21
"d:\KG\EA\NALA\nala\target\classes\bak\pcj\map\IntKeyShortOpenHashMap$ValueCollection$1.class", "Java", 0, 0, 0, 0, 20, 0, 0, 0, 0, 20
"d:\KG\EA\NALA\nala\target\classes\bak\pcj\map\IntKeyShortOpenHashMap$ValueCollection.class", "Java", 0, 0, 0, 0, 17, 0, 0, 0, 0, 17
"d:\KG\EA\NALA\nala\target\classes\bak\pcj\map\IntKeyShortOpenHashMap.class", "Java", 0, 0, 0, 0, 140, 0, 0, 0, 0, 140
"d:\KG\EA\NALA\nala\target\classes\bak\pcj\map\LongKeyBooleanChainedHashMap$1.class", "Java", 0, 0, 0, 0, 24, 0, 0, 0, 2, 26
"d:\KG\EA\NALA\nala\target\classes\bak\pcj\map\LongKeyBooleanChainedHashMap$Entry.class", "Java", 0, 0, 0, 0, 17, 0, 0, 0, 1, 18
"d:\KG\EA\NALA\nala\target\classes\bak\pcj\map\LongKeyBooleanChainedHashMap$KeySet$1.class", "Java", 0, 0, 0, 0, 20, 0, 0, 0, 1, 21
"d:\KG\EA\NALA\nala\target\classes\bak\pcj\map\LongKeyBooleanChainedHashMap$KeySet.class", "Java", 0, 0, 0, 0, 24, 0, 0, 0, 0, 24
"d:\KG\EA\NALA\nala\target\classes\bak\pcj\map\LongKeyBooleanChainedHashMap$ValueCollection$1.class", "Java", 0, 0, 0, 0, 20, 0, 0, 0, 1, 21
"d:\KG\EA\NALA\nala\target\classes\bak\pcj\map\LongKeyBooleanChainedHashMap$ValueCollection.class", "Java", 0, 0, 0, 0, 17, 0, 0, 0, 0, 17
"d:\KG\EA\NALA\nala\target\classes\bak\pcj\map\LongKeyBooleanChainedHashMap.class", "Java", 0, 0, 0, 0, 130, 0, 0, 0, 0, 130
"d:\KG\EA\NALA\nala\target\classes\bak\pcj\map\LongKeyBooleanMap.class", "Java", 0, 0, 0, 0, 6, 0, 0, 0, 0, 6
"d:\KG\EA\NALA\nala\target\classes\bak\pcj\map\LongKeyBooleanMapIterator.class", "Java", 0, 0, 0, 0, 4, 0, 0, 0, 0, 4
"d:\KG\EA\NALA\nala\target\classes\bak\pcj\map\LongKeyBooleanOpenHashMap$1.class", "Java", 0, 0, 0, 0, 21, 0, 0, 0, 0, 21
"d:\KG\EA\NALA\nala\target\classes\bak\pcj\map\LongKeyBooleanOpenHashMap$KeySet$1.class", "Java", 0, 0, 0, 0, 19, 0, 0, 0, 0, 19
"d:\KG\EA\NALA\nala\target\classes\bak\pcj\map\LongKeyBooleanOpenHashMap$KeySet.class", "Java", 0, 0, 0, 0, 21, 0, 0, 0, 0, 21
"d:\KG\EA\NALA\nala\target\classes\bak\pcj\map\LongKeyBooleanOpenHashMap$ValueCollection$1.class", "Java", 0, 0, 0, 0, 20, 0, 0, 0, 0, 20
"d:\KG\EA\NALA\nala\target\classes\bak\pcj\map\LongKeyBooleanOpenHashMap$ValueCollection.class", "Java", 0, 0, 0, 0, 17, 0, 0, 0, 0, 17
"d:\KG\EA\NALA\nala\target\classes\bak\pcj\map\LongKeyBooleanOpenHashMap.class", "Java", 0, 0, 0, 0, 134, 0, 0, 0, 0, 134
"d:\KG\EA\NALA\nala\target\classes\bak\pcj\map\LongKeyByteChainedHashMap$1.class", "Java", 0, 0, 0, 0, 24, 0, 0, 0, 2, 26
"d:\KG\EA\NALA\nala\target\classes\bak\pcj\map\LongKeyByteChainedHashMap$Entry.class", "Java", 0, 0, 0, 0, 17, 0, 0, 0, 1, 18
"d:\KG\EA\NALA\nala\target\classes\bak\pcj\map\LongKeyByteChainedHashMap$KeySet$1.class", "Java", 0, 0, 0, 0, 20, 0, 0, 0, 1, 21
"d:\KG\EA\NALA\nala\target\classes\bak\pcj\map\LongKeyByteChainedHashMap$KeySet.class", "Java", 0, 0, 0, 0, 24, 0, 0, 0, 0, 24
"d:\KG\EA\NALA\nala\target\classes\bak\pcj\map\LongKeyByteChainedHashMap$ValueCollection$1.class", "Java", 0, 0, 0, 0, 20, 0, 0, 0, 1, 21
"d:\KG\EA\NALA\nala\target\classes\bak\pcj\map\LongKeyByteChainedHashMap$ValueCollection.class", "Java", 0, 0, 0, 0, 17, 0, 0, 0, 0, 17
"d:\KG\EA\NALA\nala\target\classes\bak\pcj\map\LongKeyByteChainedHashMap.class", "Java", 0, 0, 0, 0, 129, 0, 0, 0, 0, 129
"d:\KG\EA\NALA\nala\target\classes\bak\pcj\map\LongKeyByteMap.class", "Java", 0, 0, 0, 0, 6, 0, 0, 0, 0, 6
"d:\KG\EA\NALA\nala\target\classes\bak\pcj\map\LongKeyByteMapIterator.class", "Java", 0, 0, 0, 0, 4, 0, 0, 0, 0, 4
"d:\KG\EA\NALA\nala\target\classes\bak\pcj\map\LongKeyByteOpenHashMap$1.class", "Java", 0, 0, 0, 0, 21, 0, 0, 0, 0, 21
"d:\KG\EA\NALA\nala\target\classes\bak\pcj\map\LongKeyByteOpenHashMap$KeySet$1.class", "Java", 0, 0, 0, 0, 19, 0, 0, 0, 0, 19
"d:\KG\EA\NALA\nala\target\classes\bak\pcj\map\LongKeyByteOpenHashMap$KeySet.class", "Java", 0, 0, 0, 0, 21, 0, 0, 0, 0, 21
"d:\KG\EA\NALA\nala\target\classes\bak\pcj\map\LongKeyByteOpenHashMap$ValueCollection$1.class", "Java", 0, 0, 0, 0, 20, 0, 0, 0, 0, 20
"d:\KG\EA\NALA\nala\target\classes\bak\pcj\map\LongKeyByteOpenHashMap$ValueCollection.class", "Java", 0, 0, 0, 0, 17, 0, 0, 0, 0, 17
"d:\KG\EA\NALA\nala\target\classes\bak\pcj\map\LongKeyByteOpenHashMap.class", "Java", 0, 0, 0, 0, 134, 0, 0, 0, 0, 134
"d:\KG\EA\NALA\nala\target\classes\bak\pcj\map\LongKeyChainedHashMap$1.class", "Java", 0, 0, 0, 0, 24, 0, 0, 0, 2, 26
"d:\KG\EA\NALA\nala\target\classes\bak\pcj\map\LongKeyChainedHashMap$Entry.class", "Java", 0, 0, 0, 0, 18, 0, 0, 0, 1, 19
"d:\KG\EA\NALA\nala\target\classes\bak\pcj\map\LongKeyChainedHashMap$KeySet$1.class", "Java", 0, 0, 0, 0, 20, 0, 0, 0, 1, 21
"d:\KG\EA\NALA\nala\target\classes\bak\pcj\map\LongKeyChainedHashMap$KeySet.class", "Java", 0, 0, 0, 0, 24, 0, 0, 0, 0, 24
"d:\KG\EA\NALA\nala\target\classes\bak\pcj\map\LongKeyChainedHashMap$ValueCollection$1.class", "Java", 0, 0, 0, 0, 20, 0, 0, 0, 1, 21
"d:\KG\EA\NALA\nala\target\classes\bak\pcj\map\LongKeyChainedHashMap$ValueCollection.class", "Java", 0, 0, 0, 0, 17, 0, 0, 0, 0, 17
"d:\KG\EA\NALA\nala\target\classes\bak\pcj\map\LongKeyChainedHashMap.class", "Java", 0, 0, 0, 0, 124, 0, 0, 0, 0, 124
"d:\KG\EA\NALA\nala\target\classes\bak\pcj\map\LongKeyCharChainedHashMap$1.class", "Java", 0, 0, 0, 0, 24, 0, 0, 0, 2, 26
"d:\KG\EA\NALA\nala\target\classes\bak\pcj\map\LongKeyCharChainedHashMap$Entry.class", "Java", 0, 0, 0, 0, 17, 0, 0, 0, 1, 18
"d:\KG\EA\NALA\nala\target\classes\bak\pcj\map\LongKeyCharChainedHashMap$KeySet$1.class", "Java", 0, 0, 0, 0, 20, 0, 0, 0, 1, 21
"d:\KG\EA\NALA\nala\target\classes\bak\pcj\map\LongKeyCharChainedHashMap$KeySet.class", "Java", 0, 0, 0, 0, 24, 0, 0, 0, 0, 24
"d:\KG\EA\NALA\nala\target\classes\bak\pcj\map\LongKeyCharChainedHashMap$ValueCollection$1.class", "Java", 0, 0, 0, 0, 20, 0, 0, 0, 1, 21
"d:\KG\EA\NALA\nala\target\classes\bak\pcj\map\LongKeyCharChainedHashMap$ValueCollection.class", "Java", 0, 0, 0, 0, 17, 0, 0, 0, 0, 17
"d:\KG\EA\NALA\nala\target\classes\bak\pcj\map\LongKeyCharChainedHashMap.class", "Java", 0, 0, 0, 0, 129, 0, 0, 0, 0, 129
"d:\KG\EA\NALA\nala\target\classes\bak\pcj\map\LongKeyCharMap.class", "Java", 0, 0, 0, 0, 6, 0, 0, 0, 0, 6
"d:\KG\EA\NALA\nala\target\classes\bak\pcj\map\LongKeyCharMapIterator.class", "Java", 0, 0, 0, 0, 4, 0, 0, 0, 0, 4
"d:\KG\EA\NALA\nala\target\classes\bak\pcj\map\LongKeyCharOpenHashMap$1.class", "Java", 0, 0, 0, 0, 21, 0, 0, 0, 0, 21
"d:\KG\EA\NALA\nala\target\classes\bak\pcj\map\LongKeyCharOpenHashMap$KeySet$1.class", "Java", 0, 0, 0, 0, 19, 0, 0, 0, 0, 19
"d:\KG\EA\NALA\nala\target\classes\bak\pcj\map\LongKeyCharOpenHashMap$KeySet.class", "Java", 0, 0, 0, 0, 21, 0, 0, 0, 0, 21
"d:\KG\EA\NALA\nala\target\classes\bak\pcj\map\LongKeyCharOpenHashMap$ValueCollection$1.class", "Java", 0, 0, 0, 0, 20, 0, 0, 0, 0, 20
"d:\KG\EA\NALA\nala\target\classes\bak\pcj\map\LongKeyCharOpenHashMap$ValueCollection.class", "Java", 0, 0, 0, 0, 17, 0, 0, 0, 0, 17
"d:\KG\EA\NALA\nala\target\classes\bak\pcj\map\LongKeyCharOpenHashMap.class", "Java", 0, 0, 0, 0, 135, 0, 0, 0, 0, 135
"d:\KG\EA\NALA\nala\target\classes\bak\pcj\map\LongKeyDoubleChainedHashMap$1.class", "Java", 0, 0, 0, 0, 24, 0, 0, 0, 2, 26
"d:\KG\EA\NALA\nala\target\classes\bak\pcj\map\LongKeyDoubleChainedHashMap$Entry.class", "Java", 0, 0, 0, 0, 17, 0, 0, 0, 1, 18
"d:\KG\EA\NALA\nala\target\classes\bak\pcj\map\LongKeyDoubleChainedHashMap$KeySet$1.class", "Java", 0, 0, 0, 0, 20, 0, 0, 0, 1, 21
"d:\KG\EA\NALA\nala\target\classes\bak\pcj\map\LongKeyDoubleChainedHashMap$KeySet.class", "Java", 0, 0, 0, 0, 24, 0, 0, 0, 0, 24
"d:\KG\EA\NALA\nala\target\classes\bak\pcj\map\LongKeyDoubleChainedHashMap$ValueCollection$1.class", "Java", 0, 0, 0, 0, 20, 0, 0, 0, 1, 21
"d:\KG\EA\NALA\nala\target\classes\bak\pcj\map\LongKeyDoubleChainedHashMap$ValueCollection.class", "Java", 0, 0, 0, 0, 17, 0, 0, 0, 0, 17
"d:\KG\EA\NALA\nala\target\classes\bak\pcj\map\LongKeyDoubleChainedHashMap.class", "Java", 0, 0, 0, 0, 135, 0, 0, 0, 0, 135
"d:\KG\EA\NALA\nala\target\classes\bak\pcj\map\LongKeyDoubleMap.class", "Java", 0, 0, 0, 0, 6, 0, 0, 0, 0, 6
"d:\KG\EA\NALA\nala\target\classes\bak\pcj\map\LongKeyDoubleMapIterator.class", "Java", 0, 0, 0, 0, 4, 0, 0, 0, 0, 4
"d:\KG\EA\NALA\nala\target\classes\bak\pcj\map\LongKeyDoubleOpenHashMap$1.class", "Java", 0, 0, 0, 0, 21, 0, 0, 0, 0, 21
"d:\KG\EA\NALA\nala\target\classes\bak\pcj\map\LongKeyDoubleOpenHashMap$KeySet$1.class", "Java", 0, 0, 0, 0, 19, 0, 0, 0, 0, 19
"d:\KG\EA\NALA\nala\target\classes\bak\pcj\map\LongKeyDoubleOpenHashMap$KeySet.class", "Java", 0, 0, 0, 0, 21, 0, 0, 0, 0, 21
"d:\KG\EA\NALA\nala\target\classes\bak\pcj\map\LongKeyDoubleOpenHashMap$ValueCollection$1.class", "Java", 0, 0, 0, 0, 20, 0, 0, 0, 0, 20
"d:\KG\EA\NALA\nala\target\classes\bak\pcj\map\LongKeyDoubleOpenHashMap$ValueCollection.class", "Java", 0, 0, 0, 0, 17, 0, 0, 0, 0, 17
"d:\KG\EA\NALA\nala\target\classes\bak\pcj\map\LongKeyDoubleOpenHashMap.class", "Java", 0, 0, 0, 0, 138, 0, 0, 0, 0, 138
"d:\KG\EA\NALA\nala\target\classes\bak\pcj\map\LongKeyFloatChainedHashMap$1.class", "Java", 0, 0, 0, 0, 24, 0, 0, 0, 2, 26
"d:\KG\EA\NALA\nala\target\classes\bak\pcj\map\LongKeyFloatChainedHashMap$Entry.class", "Java", 0, 0, 0, 0, 17, 0, 0, 0, 1, 18
"d:\KG\EA\NALA\nala\target\classes\bak\pcj\map\LongKeyFloatChainedHashMap$KeySet$1.class", "Java", 0, 0, 0, 0, 20, 0, 0, 0, 1, 21
"d:\KG\EA\NALA\nala\target\classes\bak\pcj\map\LongKeyFloatChainedHashMap$KeySet.class", "Java", 0, 0, 0, 0, 24, 0, 0, 0, 0, 24
"d:\KG\EA\NALA\nala\target\classes\bak\pcj\map\LongKeyFloatChainedHashMap$ValueCollection$1.class", "Java", 0, 0, 0, 0, 20, 0, 0, 0, 1, 21
"d:\KG\EA\NALA\nala\target\classes\bak\pcj\map\LongKeyFloatChainedHashMap$ValueCollection.class", "Java", 0, 0, 0, 0, 17, 0, 0, 0, 0, 17
"d:\KG\EA\NALA\nala\target\classes\bak\pcj\map\LongKeyFloatChainedHashMap.class", "Java", 0, 0, 0, 0, 131, 0, 0, 0, 0, 131
"d:\KG\EA\NALA\nala\target\classes\bak\pcj\map\LongKeyFloatMap.class", "Java", 0, 0, 0, 0, 6, 0, 0, 0, 0, 6
"d:\KG\EA\NALA\nala\target\classes\bak\pcj\map\LongKeyFloatMapIterator.class", "Java", 0, 0, 0, 0, 4, 0, 0, 0, 0, 4
"d:\KG\EA\NALA\nala\target\classes\bak\pcj\map\LongKeyFloatOpenHashMap$1.class", "Java", 0, 0, 0, 0, 21, 0, 0, 0, 0, 21
"d:\KG\EA\NALA\nala\target\classes\bak\pcj\map\LongKeyFloatOpenHashMap$KeySet$1.class", "Java", 0, 0, 0, 0, 19, 0, 0, 0, 0, 19
"d:\KG\EA\NALA\nala\target\classes\bak\pcj\map\LongKeyFloatOpenHashMap$KeySet.class", "Java", 0, 0, 0, 0, 21, 0, 0, 0, 0, 21
"d:\KG\EA\NALA\nala\target\classes\bak\pcj\map\LongKeyFloatOpenHashMap$ValueCollection$1.class", "Java", 0, 0, 0, 0, 20, 0, 0, 0, 0, 20
"d:\KG\EA\NALA\nala\target\classes\bak\pcj\map\LongKeyFloatOpenHashMap$ValueCollection.class", "Java", 0, 0, 0, 0, 17, 0, 0, 0, 0, 17
"d:\KG\EA\NALA\nala\target\classes\bak\pcj\map\LongKeyFloatOpenHashMap.class", "Java", 0, 0, 0, 0, 136, 0, 0, 0, 0, 136
"d:\KG\EA\NALA\nala\target\classes\bak\pcj\map\LongKeyIntChainedHashMap$1.class", "Java", 0, 0, 0, 0, 24, 0, 0, 0, 2, 26
"d:\KG\EA\NALA\nala\target\classes\bak\pcj\map\LongKeyIntChainedHashMap$Entry.class", "Java", 0, 0, 0, 0, 17, 0, 0, 0, 1, 18
"d:\KG\EA\NALA\nala\target\classes\bak\pcj\map\LongKeyIntChainedHashMap$KeySet$1.class", "Java", 0, 0, 0, 0, 20, 0, 0, 0, 1, 21
"d:\KG\EA\NALA\nala\target\classes\bak\pcj\map\LongKeyIntChainedHashMap$KeySet.class", "Java", 0, 0, 0, 0, 24, 0, 0, 0, 0, 24
"d:\KG\EA\NALA\nala\target\classes\bak\pcj\map\LongKeyIntChainedHashMap$ValueCollection$1.class", "Java", 0, 0, 0, 0, 21, 0, 0, 0, 1, 22
"d:\KG\EA\NALA\nala\target\classes\bak\pcj\map\LongKeyIntChainedHashMap$ValueCollection.class", "Java", 0, 0, 0, 0, 17, 0, 0, 0, 0, 17
"d:\KG\EA\NALA\nala\target\classes\bak\pcj\map\LongKeyIntChainedHashMap.class", "Java", 0, 0, 0, 0, 129, 0, 0, 0, 0, 129
"d:\KG\EA\NALA\nala\target\classes\bak\pcj\map\LongKeyIntMap.class", "Java", 0, 0, 0, 0, 6, 0, 0, 0, 0, 6
"d:\KG\EA\NALA\nala\target\classes\bak\pcj\map\LongKeyIntMapIterator.class", "Java", 0, 0, 0, 0, 4, 0, 0, 0, 0, 4
"d:\KG\EA\NALA\nala\target\classes\bak\pcj\map\LongKeyIntOpenHashMap$1.class", "Java", 0, 0, 0, 0, 21, 0, 0, 0, 0, 21
"d:\KG\EA\NALA\nala\target\classes\bak\pcj\map\LongKeyIntOpenHashMap$KeySet$1.class", "Java", 0, 0, 0, 0, 19, 0, 0, 0, 0, 19
"d:\KG\EA\NALA\nala\target\classes\bak\pcj\map\LongKeyIntOpenHashMap$KeySet.class", "Java", 0, 0, 0, 0, 21, 0, 0, 0, 0, 21
"d:\KG\EA\NALA\nala\target\classes\bak\pcj\map\LongKeyIntOpenHashMap$ValueCollection$1.class", "Java", 0, 0, 0, 0, 20, 0, 0, 0, 0, 20
"d:\KG\EA\NALA\nala\target\classes\bak\pcj\map\LongKeyIntOpenHashMap$ValueCollection.class", "Java", 0, 0, 0, 0, 17, 0, 0, 0, 0, 17
"d:\KG\EA\NALA\nala\target\classes\bak\pcj\map\LongKeyIntOpenHashMap.class", "Java", 0, 0, 0, 0, 137, 0, 0, 0, 0, 137
"d:\KG\EA\NALA\nala\target\classes\bak\pcj\map\LongKeyLongChainedHashMap$1.class", "Java", 0, 0, 0, 0, 24, 0, 0, 0, 2, 26
"d:\KG\EA\NALA\nala\target\classes\bak\pcj\map\LongKeyLongChainedHashMap$Entry.class", "Java", 0, 0, 0, 0, 10, 0, 0, 0, 1, 11
"d:\KG\EA\NALA\nala\target\classes\bak\pcj\map\LongKeyLongChainedHashMap$KeySet$1.class", "Java", 0, 0, 0, 0, 20, 0, 0, 0, 1, 21
"d:\KG\EA\NALA\nala\target\classes\bak\pcj\map\LongKeyLongChainedHashMap$KeySet.class", "Java", 0, 0, 0, 0, 24, 0, 0, 0, 0, 24
"d:\KG\EA\NALA\nala\target\classes\bak\pcj\map\LongKeyLongChainedHashMap$ValueCollection$1.class", "Java", 0, 0, 0, 0, 20, 0, 0, 0, 1, 21
"d:\KG\EA\NALA\nala\target\classes\bak\pcj\map\LongKeyLongChainedHashMap$ValueCollection.class", "Java", 0, 0, 0, 0, 17, 0, 0, 0, 0, 17
"d:\KG\EA\NALA\nala\target\classes\bak\pcj\map\LongKeyLongChainedHashMap.class", "Java", 0, 0, 0, 0, 132, 0, 0, 0, 0, 132
"d:\KG\EA\NALA\nala\target\classes\bak\pcj\map\LongKeyLongMap.class", "Java", 0, 0, 0, 0, 6, 0, 0, 0, 0, 6
"d:\KG\EA\NALA\nala\target\classes\bak\pcj\map\LongKeyLongMapIterator.class", "Java", 0, 0, 0, 0, 4, 0, 0, 0, 0, 4
"d:\KG\EA\NALA\nala\target\classes\bak\pcj\map\LongKeyLongOpenHashMap$1.class", "Java", 0, 0, 0, 0, 21, 0, 0, 0, 0, 21
"d:\KG\EA\NALA\nala\target\classes\bak\pcj\map\LongKeyLongOpenHashMap$KeySet$1.class", "Java", 0, 0, 0, 0, 19, 0, 0, 0, 0, 19
"d:\KG\EA\NALA\nala\target\classes\bak\pcj\map\LongKeyLongOpenHashMap$KeySet.class", "Java", 0, 0, 0, 0, 21, 0, 0, 0, 0, 21
"d:\KG\EA\NALA\nala\target\classes\bak\pcj\map\LongKeyLongOpenHashMap$ValueCollection$1.class", "Java", 0, 0, 0, 0, 20, 0, 0, 0, 0, 20
"d:\KG\EA\NALA\nala\target\classes\bak\pcj\map\LongKeyLongOpenHashMap$ValueCollection.class", "Java", 0, 0, 0, 0, 17, 0, 0, 0, 0, 17
"d:\KG\EA\NALA\nala\target\classes\bak\pcj\map\LongKeyLongOpenHashMap.class", "Java", 0, 0, 0, 0, 134, 0, 0, 0, 0, 134
"d:\KG\EA\NALA\nala\target\classes\bak\pcj\map\LongKeyMap.class", "Java", 0, 0, 0, 0, 6, 0, 0, 0, 0, 6
"d:\KG\EA\NALA\nala\target\classes\bak\pcj\map\LongKeyMapIterator.class", "Java", 0, 0, 0, 0, 4, 0, 0, 0, 0, 4
"d:\KG\EA\NALA\nala\target\classes\bak\pcj\map\LongKeyOpenHashMap$1.class", "Java", 0, 0, 0, 0, 21, 0, 0, 0, 0, 21
"d:\KG\EA\NALA\nala\target\classes\bak\pcj\map\LongKeyOpenHashMap$KeySet$1.class", "Java", 0, 0, 0, 0, 20, 0, 0, 0, 0, 20
"d:\KG\EA\NALA\nala\target\classes\bak\pcj\map\LongKeyOpenHashMap$KeySet.class", "Java", 0, 0, 0, 0, 21, 0, 0, 0, 0, 21
"d:\KG\EA\NALA\nala\target\classes\bak\pcj\map\LongKeyOpenHashMap$ValueCollection$1.class", "Java", 0, 0, 0, 0, 20, 0, 0, 0, 0, 20
"d:\KG\EA\NALA\nala\target\classes\bak\pcj\map\LongKeyOpenHashMap$ValueCollection.class", "Java", 0, 0, 0, 0, 17, 0, 0, 0, 0, 17
"d:\KG\EA\NALA\nala\target\classes\bak\pcj\map\LongKeyOpenHashMap.class", "Java", 0, 0, 0, 0, 120, 0, 0, 0, 0, 120
"d:\KG\EA\NALA\nala\target\classes\bak\pcj\map\LongKeyShortChainedHashMap$1.class", "Java", 0, 0, 0, 0, 24, 0, 0, 0, 2, 26
"d:\KG\EA\NALA\nala\target\classes\bak\pcj\map\LongKeyShortChainedHashMap$Entry.class", "Java", 0, 0, 0, 0, 17, 0, 0, 0, 1, 18
"d:\KG\EA\NALA\nala\target\classes\bak\pcj\map\LongKeyShortChainedHashMap$KeySet$1.class", "Java", 0, 0, 0, 0, 20, 0, 0, 0, 1, 21
"d:\KG\EA\NALA\nala\target\classes\bak\pcj\map\LongKeyShortChainedHashMap$KeySet.class", "Java", 0, 0, 0, 0, 24, 0, 0, 0, 0, 24
"d:\KG\EA\NALA\nala\target\classes\bak\pcj\map\LongKeyShortChainedHashMap$ValueCollection$1.class", "Java", 0, 0, 0, 0, 20, 0, 0, 0, 1, 21
"d:\KG\EA\NALA\nala\target\classes\bak\pcj\map\LongKeyShortChainedHashMap$ValueCollection.class", "Java", 0, 0, 0, 0, 17, 0, 0, 0, 0, 17
"d:\KG\EA\NALA\nala\target\classes\bak\pcj\map\LongKeyShortChainedHashMap.class", "Java", 0, 0, 0, 0, 130, 0, 0, 0, 0, 130
"d:\KG\EA\NALA\nala\target\classes\bak\pcj\map\LongKeyShortMap.class", "Java", 0, 0, 0, 0, 6, 0, 0, 0, 0, 6
"d:\KG\EA\NALA\nala\target\classes\bak\pcj\map\LongKeyShortMapIterator.class", "Java", 0, 0, 0, 0, 4, 0, 0, 0, 0, 4
"d:\KG\EA\NALA\nala\target\classes\bak\pcj\map\LongKeyShortOpenHashMap$1.class", "Java", 0, 0, 0, 0, 21, 0, 0, 0, 0, 21
"d:\KG\EA\NALA\nala\target\classes\bak\pcj\map\LongKeyShortOpenHashMap$KeySet$1.class", "Java", 0, 0, 0, 0, 19, 0, 0, 0, 0, 19
"d:\KG\EA\NALA\nala\target\classes\bak\pcj\map\LongKeyShortOpenHashMap$KeySet.class", "Java", 0, 0, 0, 0, 21, 0, 0, 0, 0, 21
"d:\KG\EA\NALA\nala\target\classes\bak\pcj\map\LongKeyShortOpenHashMap$ValueCollection$1.class", "Java", 0, 0, 0, 0, 20, 0, 0, 0, 0, 20
"d:\KG\EA\NALA\nala\target\classes\bak\pcj\map\LongKeyShortOpenHashMap$ValueCollection.class", "Java", 0, 0, 0, 0, 17, 0, 0, 0, 0, 17
"d:\KG\EA\NALA\nala\target\classes\bak\pcj\map\LongKeyShortOpenHashMap.class", "Java", 0, 0, 0, 0, 136, 0, 0, 0, 0, 136
"d:\KG\EA\NALA\nala\target\classes\bak\pcj\map\MapDefaults.class", "Java", 0, 0, 0, 0, 15, 0, 0, 0, 0, 15
"d:\KG\EA\NALA\nala\target\classes\bak\pcj\map\NoSuchMappingException.class", "Java", 0, 0, 0, 0, 6, 0, 0, 0, 0, 6
"d:\KG\EA\NALA\nala\target\classes\bak\pcj\map\ObjectKeyBooleanChainedHashMap$1.class", "Java", 0, 0, 0, 0, 24, 0, 0, 0, 2, 26
"d:\KG\EA\NALA\nala\target\classes\bak\pcj\map\ObjectKeyBooleanChainedHashMap$Entry.class", "Java", 0, 0, 0, 0, 18, 0, 0, 0, 1, 19
"d:\KG\EA\NALA\nala\target\classes\bak\pcj\map\ObjectKeyBooleanChainedHashMap$KeySet$1.class", "Java", 0, 0, 0, 0, 21, 0, 0, 0, 1, 22
"d:\KG\EA\NALA\nala\target\classes\bak\pcj\map\ObjectKeyBooleanChainedHashMap$KeySet.class", "Java", 0, 0, 0, 0, 24, 0, 0, 0, 0, 24
"d:\KG\EA\NALA\nala\target\classes\bak\pcj\map\ObjectKeyBooleanChainedHashMap$ValueCollection$1.class", "Java", 0, 0, 0, 0, 20, 0, 0, 0, 1, 21
"d:\KG\EA\NALA\nala\target\classes\bak\pcj\map\ObjectKeyBooleanChainedHashMap$ValueCollection.class", "Java", 0, 0, 0, 0, 17, 0, 0, 0, 0, 17
"d:\KG\EA\NALA\nala\target\classes\bak\pcj\map\ObjectKeyBooleanChainedHashMap.class", "Java", 0, 0, 0, 0, 107, 0, 0, 1, 0, 108
"d:\KG\EA\NALA\nala\target\classes\bak\pcj\map\ObjectKeyBooleanMap.class", "Java", 0, 0, 0, 0, 6, 0, 0, 0, 0, 6
"d:\KG\EA\NALA\nala\target\classes\bak\pcj\map\ObjectKeyBooleanMapIterator.class", "Java", 0, 0, 0, 0, 4, 0, 0, 0, 0, 4
"d:\KG\EA\NALA\nala\target\classes\bak\pcj\map\ObjectKeyBooleanOpenHashMap$1.class", "Java", 0, 0, 0, 0, 21, 0, 0, 0, 0, 21
"d:\KG\EA\NALA\nala\target\classes\bak\pcj\map\ObjectKeyBooleanOpenHashMap$KeySet$1.class", "Java", 0, 0, 0, 0, 19, 0, 0, 0, 0, 19
"d:\KG\EA\NALA\nala\target\classes\bak\pcj\map\ObjectKeyBooleanOpenHashMap$KeySet.class", "Java", 0, 0, 0, 0, 21, 0, 0, 0, 0, 21
"d:\KG\EA\NALA\nala\target\classes\bak\pcj\map\ObjectKeyBooleanOpenHashMap$ValueCollection$1.class", "Java", 0, 0, 0, 0, 20, 0, 0, 0, 0, 20
"d:\KG\EA\NALA\nala\target\classes\bak\pcj\map\ObjectKeyBooleanOpenHashMap$ValueCollection.class", "Java", 0, 0, 0, 0, 17, 0, 0, 0, 0, 17
"d:\KG\EA\NALA\nala\target\classes\bak\pcj\map\ObjectKeyBooleanOpenHashMap.class", "Java", 0, 0, 0, 0, 110, 0, 0, 1, 0, 111
"d:\KG\EA\NALA\nala\target\classes\bak\pcj\map\ObjectKeyByteChainedHashMap$1.class", "Java", 0, 0, 0, 0, 24, 0, 0, 0, 2, 26
"d:\KG\EA\NALA\nala\target\classes\bak\pcj\map\ObjectKeyByteChainedHashMap$Entry.class", "Java", 0, 0, 0, 0, 18, 0, 0, 0, 1, 19
"d:\KG\EA\NALA\nala\target\classes\bak\pcj\map\ObjectKeyByteChainedHashMap$KeySet$1.class", "Java", 0, 0, 0, 0, 21, 0, 0, 0, 1, 22
"d:\KG\EA\NALA\nala\target\classes\bak\pcj\map\ObjectKeyByteChainedHashMap$KeySet.class", "Java", 0, 0, 0, 0, 24, 0, 0, 0, 0, 24
"d:\KG\EA\NALA\nala\target\classes\bak\pcj\map\ObjectKeyByteChainedHashMap$ValueCollection$1.class", "Java", 0, 0, 0, 0, 20, 0, 0, 0, 1, 21
"d:\KG\EA\NALA\nala\target\classes\bak\pcj\map\ObjectKeyByteChainedHashMap$ValueCollection.class", "Java", 0, 0, 0, 0, 17, 0, 0, 0, 0, 17
"d:\KG\EA\NALA\nala\target\classes\bak\pcj\map\ObjectKeyByteChainedHashMap.class", "Java", 0, 0, 0, 0, 107, 0, 0, 0, 0, 107
"d:\KG\EA\NALA\nala\target\classes\bak\pcj\map\ObjectKeyByteMap.class", "Java", 0, 0, 0, 0, 6, 0, 0, 0, 0, 6
"d:\KG\EA\NALA\nala\target\classes\bak\pcj\map\ObjectKeyByteMapIterator.class", "Java", 0, 0, 0, 0, 4, 0, 0, 0, 0, 4
"d:\KG\EA\NALA\nala\target\classes\bak\pcj\map\ObjectKeyByteOpenHashMap$1.class", "Java", 0, 0, 0, 0, 21, 0, 0, 0, 0, 21
"d:\KG\EA\NALA\nala\target\classes\bak\pcj\map\ObjectKeyByteOpenHashMap$KeySet$1.class", "Java", 0, 0, 0, 0, 19, 0, 0, 0, 0, 19
"d:\KG\EA\NALA\nala\target\classes\bak\pcj\map\ObjectKeyByteOpenHashMap$KeySet.class", "Java", 0, 0, 0, 0, 21, 0, 0, 0, 0, 21
"d:\KG\EA\NALA\nala\target\classes\bak\pcj\map\ObjectKeyByteOpenHashMap$ValueCollection$1.class", "Java", 0, 0, 0, 0, 20, 0, 0, 0, 0, 20
"d:\KG\EA\NALA\nala\target\classes\bak\pcj\map\ObjectKeyByteOpenHashMap$ValueCollection.class", "Java", 0, 0, 0, 0, 17, 0, 0, 0, 0, 17
"d:\KG\EA\NALA\nala\target\classes\bak\pcj\map\ObjectKeyByteOpenHashMap.class", "Java", 0, 0, 0, 0, 111, 0, 0, 0, 0, 111
"d:\KG\EA\NALA\nala\target\classes\bak\pcj\map\ObjectKeyCharChainedHashMap$1.class", "Java", 0, 0, 0, 0, 24, 0, 0, 0, 2, 26
"d:\KG\EA\NALA\nala\target\classes\bak\pcj\map\ObjectKeyCharChainedHashMap$Entry.class", "Java", 0, 0, 0, 0, 18, 0, 0, 0, 1, 19
"d:\KG\EA\NALA\nala\target\classes\bak\pcj\map\ObjectKeyCharChainedHashMap$KeySet$1.class", "Java", 0, 0, 0, 0, 21, 0, 0, 0, 1, 22
"d:\KG\EA\NALA\nala\target\classes\bak\pcj\map\ObjectKeyCharChainedHashMap$KeySet.class", "Java", 0, 0, 0, 0, 24, 0, 0, 0, 0, 24
"d:\KG\EA\NALA\nala\target\classes\bak\pcj\map\ObjectKeyCharChainedHashMap$ValueCollection$1.class", "Java", 0, 0, 0, 0, 20, 0, 0, 0, 1, 21
"d:\KG\EA\NALA\nala\target\classes\bak\pcj\map\ObjectKeyCharChainedHashMap$ValueCollection.class", "Java", 0, 0, 0, 0, 17, 0, 0, 0, 0, 17
"d:\KG\EA\NALA\nala\target\classes\bak\pcj\map\ObjectKeyCharChainedHashMap.class", "Java", 0, 0, 0, 0, 107, 0, 0, 0, 0, 107
"d:\KG\EA\NALA\nala\target\classes\bak\pcj\map\ObjectKeyCharMap.class", "Java", 0, 0, 0, 0, 6, 0, 0, 0, 0, 6
"d:\KG\EA\NALA\nala\target\classes\bak\pcj\map\ObjectKeyCharMapIterator.class", "Java", 0, 0, 0, 0, 4, 0, 0, 0, 0, 4
"d:\KG\EA\NALA\nala\target\classes\bak\pcj\map\ObjectKeyCharOpenHashMap$1.class", "Java", 0, 0, 0, 0, 21, 0, 0, 0, 0, 21
"d:\KG\EA\NALA\nala\target\classes\bak\pcj\map\ObjectKeyCharOpenHashMap$KeySet$1.class", "Java", 0, 0, 0, 0, 19, 0, 0, 0, 0, 19
"d:\KG\EA\NALA\nala\target\classes\bak\pcj\map\ObjectKeyCharOpenHashMap$KeySet.class", "Java", 0, 0, 0, 0, 21, 0, 0, 0, 0, 21
"d:\KG\EA\NALA\nala\target\classes\bak\pcj\map\ObjectKeyCharOpenHashMap$ValueCollection$1.class", "Java", 0, 0, 0, 0, 20, 0, 0, 0, 0, 20
"d:\KG\EA\NALA\nala\target\classes\bak\pcj\map\ObjectKeyCharOpenHashMap$ValueCollection.class", "Java", 0, 0, 0, 0, 17, 0, 0, 0, 0, 17
"d:\KG\EA\NALA\nala\target\classes\bak\pcj\map\ObjectKeyCharOpenHashMap.class", "Java", 0, 0, 0, 0, 112, 0, 0, 0, 0, 112
"d:\KG\EA\NALA\nala\target\classes\bak\pcj\map\ObjectKeyDoubleChainedHashMap$1.class", "Java", 0, 0, 0, 0, 24, 0, 0, 0, 2, 26
"d:\KG\EA\NALA\nala\target\classes\bak\pcj\map\ObjectKeyDoubleChainedHashMap$Entry.class", "Java", 0, 0, 0, 0, 18, 0, 0, 0, 1, 19
"d:\KG\EA\NALA\nala\target\classes\bak\pcj\map\ObjectKeyDoubleChainedHashMap$KeySet$1.class", "Java", 0, 0, 0, 0, 21, 0, 0, 0, 1, 22
"d:\KG\EA\NALA\nala\target\classes\bak\pcj\map\ObjectKeyDoubleChainedHashMap$KeySet.class", "Java", 0, 0, 0, 0, 24, 0, 0, 0, 0, 24
"d:\KG\EA\NALA\nala\target\classes\bak\pcj\map\ObjectKeyDoubleChainedHashMap$ValueCollection$1.class", "Java", 0, 0, 0, 0, 20, 0, 0, 0, 1, 21
"d:\KG\EA\NALA\nala\target\classes\bak\pcj\map\ObjectKeyDoubleChainedHashMap$ValueCollection.class", "Java", 0, 0, 0, 0, 17, 0, 0, 0, 0, 17
"d:\KG\EA\NALA\nala\target\classes\bak\pcj\map\ObjectKeyDoubleChainedHashMap.class", "Java", 0, 0, 0, 0, 111, 0, 0, 0, 0, 111
"d:\KG\EA\NALA\nala\target\classes\bak\pcj\map\ObjectKeyDoubleMap.class", "Java", 0, 0, 0, 0, 6, 0, 0, 0, 0, 6
"d:\KG\EA\NALA\nala\target\classes\bak\pcj\map\ObjectKeyDoubleMapIterator.class", "Java", 0, 0, 0, 0, 4, 0, 0, 0, 0, 4
"d:\KG\EA\NALA\nala\target\classes\bak\pcj\map\ObjectKeyDoubleOpenHashMap$1.class", "Java", 0, 0, 0, 0, 21, 0, 0, 0, 0, 21
"d:\KG\EA\NALA\nala\target\classes\bak\pcj\map\ObjectKeyDoubleOpenHashMap$KeySet$1.class", "Java", 0, 0, 0, 0, 19, 0, 0, 0, 0, 19
"d:\KG\EA\NALA\nala\target\classes\bak\pcj\map\ObjectKeyDoubleOpenHashMap$KeySet.class", "Java", 0, 0, 0, 0, 21, 0, 0, 0, 0, 21
"d:\KG\EA\NALA\nala\target\classes\bak\pcj\map\ObjectKeyDoubleOpenHashMap$ValueCollection$1.class", "Java", 0, 0, 0, 0, 20, 0, 0, 0, 0, 20
"d:\KG\EA\NALA\nala\target\classes\bak\pcj\map\ObjectKeyDoubleOpenHashMap$ValueCollection.class", "Java", 0, 0, 0, 0, 17, 0, 0, 0, 0, 17
"d:\KG\EA\NALA\nala\target\classes\bak\pcj\map\ObjectKeyDoubleOpenHashMap.class", "Java", 0, 0, 0, 0, 110, 0, 0, 0, 0, 110
"d:\KG\EA\NALA\nala\target\classes\bak\pcj\map\ObjectKeyFloatChainedHashMap$1.class", "Java", 0, 0, 0, 0, 24, 0, 0, 0, 2, 26
"d:\KG\EA\NALA\nala\target\classes\bak\pcj\map\ObjectKeyFloatChainedHashMap$Entry.class", "Java", 0, 0, 0, 0, 18, 0, 0, 0, 1, 19
"d:\KG\EA\NALA\nala\target\classes\bak\pcj\map\ObjectKeyFloatChainedHashMap$KeySet$1.class", "Java", 0, 0, 0, 0, 21, 0, 0, 0, 1, 22
"d:\KG\EA\NALA\nala\target\classes\bak\pcj\map\ObjectKeyFloatChainedHashMap$KeySet.class", "Java", 0, 0, 0, 0, 24, 0, 0, 0, 0, 24
"d:\KG\EA\NALA\nala\target\classes\bak\pcj\map\ObjectKeyFloatChainedHashMap$ValueCollection$1.class", "Java", 0, 0, 0, 0, 20, 0, 0, 0, 1, 21
"d:\KG\EA\NALA\nala\target\classes\bak\pcj\map\ObjectKeyFloatChainedHashMap$ValueCollection.class", "Java", 0, 0, 0, 0, 17, 0, 0, 0, 0, 17
"d:\KG\EA\NALA\nala\target\classes\bak\pcj\map\ObjectKeyFloatChainedHashMap.class", "Java", 0, 0, 0, 0, 109, 0, 0, 0, 0, 109
"d:\KG\EA\NALA\nala\target\classes\bak\pcj\map\ObjectKeyFloatMap.class", "Java", 0, 0, 0, 0, 6, 0, 0, 0, 0, 6
"d:\KG\EA\NALA\nala\target\classes\bak\pcj\map\ObjectKeyFloatMapIterator.class", "Java", 0, 0, 0, 0, 4, 0, 0, 0, 0, 4
"d:\KG\EA\NALA\nala\target\classes\bak\pcj\map\ObjectKeyFloatOpenHashMap$1.class", "Java", 0, 0, 0, 0, 21, 0, 0, 0, 0, 21
"d:\KG\EA\NALA\nala\target\classes\bak\pcj\map\ObjectKeyFloatOpenHashMap$KeySet$1.class", "Java", 0, 0, 0, 0, 19, 0, 0, 0, 0, 19
"d:\KG\EA\NALA\nala\target\classes\bak\pcj\map\ObjectKeyFloatOpenHashMap$KeySet.class", "Java", 0, 0, 0, 0, 21, 0, 0, 0, 0, 21
"d:\KG\EA\NALA\nala\target\classes\bak\pcj\map\ObjectKeyFloatOpenHashMap$ValueCollection$1.class", "Java", 0, 0, 0, 0, 20, 0, 0, 0, 0, 20
"d:\KG\EA\NALA\nala\target\classes\bak\pcj\map\ObjectKeyFloatOpenHashMap$ValueCollection.class", "Java", 0, 0, 0, 0, 17, 0, 0, 0, 0, 17
"d:\KG\EA\NALA\nala\target\classes\bak\pcj\map\ObjectKeyFloatOpenHashMap.class", "Java", 0, 0, 0, 0, 113, 0, 0, 0, 0, 113
"d:\KG\EA\NALA\nala\target\classes\bak\pcj\map\ObjectKeyIntChainedHashMap$1.class", "Java", 0, 0, 0, 0, 24, 0, 0, 0, 2, 26
"d:\KG\EA\NALA\nala\target\classes\bak\pcj\map\ObjectKeyIntChainedHashMap$Entry.class", "Java", 0, 0, 0, 0, 18, 0, 0, 0, 1, 19
"d:\KG\EA\NALA\nala\target\classes\bak\pcj\map\ObjectKeyIntChainedHashMap$KeySet$1.class", "Java", 0, 0, 0, 0, 21, 0, 0, 0, 1, 22
"d:\KG\EA\NALA\nala\target\classes\bak\pcj\map\ObjectKeyIntChainedHashMap$KeySet.class", "Java", 0, 0, 0, 0, 24, 0, 0, 0, 0, 24
"d:\KG\EA\NALA\nala\target\classes\bak\pcj\map\ObjectKeyIntChainedHashMap$ValueCollection$1.class", "Java", 0, 0, 0, 0, 21, 0, 0, 0, 1, 22
"d:\KG\EA\NALA\nala\target\classes\bak\pcj\map\ObjectKeyIntChainedHashMap$ValueCollection.class", "Java", 0, 0, 0, 0, 17, 0, 0, 0, 0, 17
"d:\KG\EA\NALA\nala\target\classes\bak\pcj\map\ObjectKeyIntChainedHashMap.class", "Java", 0, 0, 0, 0, 107, 0, 0, 0, 0, 107
"d:\KG\EA\NALA\nala\target\classes\bak\pcj\map\ObjectKeyIntMap.class", "Java", 0, 0, 0, 0, 6, 0, 0, 0, 0, 6
"d:\KG\EA\NALA\nala\target\classes\bak\pcj\map\ObjectKeyIntMapIterator.class", "Java", 0, 0, 0, 0, 4, 0, 0, 0, 0, 4
"d:\KG\EA\NALA\nala\target\classes\bak\pcj\map\ObjectKeyIntOpenHashMap$1.class", "Java", 0, 0, 0, 0, 21, 0, 0, 0, 0, 21
"d:\KG\EA\NALA\nala\target\classes\bak\pcj\map\ObjectKeyIntOpenHashMap$KeySet$1.class", "Java", 0, 0, 0, 0, 19, 0, 0, 0, 0, 19
"d:\KG\EA\NALA\nala\target\classes\bak\pcj\map\ObjectKeyIntOpenHashMap$KeySet.class", "Java", 0, 0, 0, 0, 21, 0, 0, 0, 0, 21
"d:\KG\EA\NALA\nala\target\classes\bak\pcj\map\ObjectKeyIntOpenHashMap$ValueCollection$1.class", "Java", 0, 0, 0, 0, 20, 0, 0, 0, 0, 20
"d:\KG\EA\NALA\nala\target\classes\bak\pcj\map\ObjectKeyIntOpenHashMap$ValueCollection.class", "Java", 0, 0, 0, 0, 17, 0, 0, 0, 0, 17
"d:\KG\EA\NALA\nala\target\classes\bak\pcj\map\ObjectKeyIntOpenHashMap.class", "Java", 0, 0, 0, 0, 114, 0, 0, 0, 0, 114
"d:\KG\EA\NALA\nala\target\classes\bak\pcj\map\ObjectKeyLongChainedHashMap$1.class", "Java", 0, 0, 0, 0, 24, 0, 0, 0, 2, 26
"d:\KG\EA\NALA\nala\target\classes\bak\pcj\map\ObjectKeyLongChainedHashMap$Entry.class", "Java", 0, 0, 0, 0, 18, 0, 0, 0, 1, 19
"d:\KG\EA\NALA\nala\target\classes\bak\pcj\map\ObjectKeyLongChainedHashMap$KeySet$1.class", "Java", 0, 0, 0, 0, 21, 0, 0, 0, 1, 22
"d:\KG\EA\NALA\nala\target\classes\bak\pcj\map\ObjectKeyLongChainedHashMap$KeySet.class", "Java", 0, 0, 0, 0, 24, 0, 0, 0, 0, 24
"d:\KG\EA\NALA\nala\target\classes\bak\pcj\map\ObjectKeyLongChainedHashMap$ValueCollection$1.class", "Java", 0, 0, 0, 0, 20, 0, 0, 0, 1, 21
"d:\KG\EA\NALA\nala\target\classes\bak\pcj\map\ObjectKeyLongChainedHashMap$ValueCollection.class", "Java", 0, 0, 0, 0, 17, 0, 0, 0, 0, 17
"d:\KG\EA\NALA\nala\target\classes\bak\pcj\map\ObjectKeyLongChainedHashMap.class", "Java", 0, 0, 0, 0, 110, 0, 0, 0, 0, 110
"d:\KG\EA\NALA\nala\target\classes\bak\pcj\map\ObjectKeyLongMap.class", "Java", 0, 0, 0, 0, 6, 0, 0, 0, 0, 6
"d:\KG\EA\NALA\nala\target\classes\bak\pcj\map\ObjectKeyLongMapIterator.class", "Java", 0, 0, 0, 0, 4, 0, 0, 0, 0, 4
"d:\KG\EA\NALA\nala\target\classes\bak\pcj\map\ObjectKeyLongOpenHashMap$1.class", "Java", 0, 0, 0, 0, 21, 0, 0, 0, 0, 21
"d:\KG\EA\NALA\nala\target\classes\bak\pcj\map\ObjectKeyLongOpenHashMap$KeySet$1.class", "Java", 0, 0, 0, 0, 19, 0, 0, 0, 0, 19
"d:\KG\EA\NALA\nala\target\classes\bak\pcj\map\ObjectKeyLongOpenHashMap$KeySet.class", "Java", 0, 0, 0, 0, 21, 0, 0, 0, 0, 21
"d:\KG\EA\NALA\nala\target\classes\bak\pcj\map\ObjectKeyLongOpenHashMap$ValueCollection$1.class", "Java", 0, 0, 0, 0, 20, 0, 0, 0, 0, 20
"d:\KG\EA\NALA\nala\target\classes\bak\pcj\map\ObjectKeyLongOpenHashMap$ValueCollection.class", "Java", 0, 0, 0, 0, 17, 0, 0, 0, 0, 17
"d:\KG\EA\NALA\nala\target\classes\bak\pcj\map\ObjectKeyLongOpenHashMap.class", "Java", 0, 0, 0, 0, 105, 0, 0, 0, 0, 105
"d:\KG\EA\NALA\nala\target\classes\bak\pcj\map\ObjectKeyShortChainedHashMap$1.class", "Java", 0, 0, 0, 0, 24, 0, 0, 0, 2, 26
"d:\KG\EA\NALA\nala\target\classes\bak\pcj\map\ObjectKeyShortChainedHashMap$Entry.class", "Java", 0, 0, 0, 0, 18, 0, 0, 0, 1, 19
"d:\KG\EA\NALA\nala\target\classes\bak\pcj\map\ObjectKeyShortChainedHashMap$KeySet$1.class", "Java", 0, 0, 0, 0, 21, 0, 0, 0, 1, 22
"d:\KG\EA\NALA\nala\target\classes\bak\pcj\map\ObjectKeyShortChainedHashMap$KeySet.class", "Java", 0, 0, 0, 0, 24, 0, 0, 0, 0, 24
"d:\KG\EA\NALA\nala\target\classes\bak\pcj\map\ObjectKeyShortChainedHashMap$ValueCollection$1.class", "Java", 0, 0, 0, 0, 20, 0, 0, 0, 1, 21
"d:\KG\EA\NALA\nala\target\classes\bak\pcj\map\ObjectKeyShortChainedHashMap$ValueCollection.class", "Java", 0, 0, 0, 0, 17, 0, 0, 0, 0, 17
"d:\KG\EA\NALA\nala\target\classes\bak\pcj\map\ObjectKeyShortChainedHashMap.class", "Java", 0, 0, 0, 0, 108, 0, 0, 0, 0, 108
"d:\KG\EA\NALA\nala\target\classes\bak\pcj\map\ObjectKeyShortMap.class", "Java", 0, 0, 0, 0, 6, 0, 0, 0, 0, 6
"d:\KG\EA\NALA\nala\target\classes\bak\pcj\map\ObjectKeyShortMapIterator.class", "Java", 0, 0, 0, 0, 4, 0, 0, 0, 0, 4
"d:\KG\EA\NALA\nala\target\classes\bak\pcj\map\ObjectKeyShortOpenHashMap$1.class", "Java", 0, 0, 0, 0, 21, 0, 0, 0, 0, 21
"d:\KG\EA\NALA\nala\target\classes\bak\pcj\map\ObjectKeyShortOpenHashMap$KeySet$1.class", "Java", 0, 0, 0, 0, 19, 0, 0, 0, 0, 19
"d:\KG\EA\NALA\nala\target\classes\bak\pcj\map\ObjectKeyShortOpenHashMap$KeySet.class", "Java", 0, 0, 0, 0, 21, 0, 0, 0, 0, 21
"d:\KG\EA\NALA\nala\target\classes\bak\pcj\map\ObjectKeyShortOpenHashMap$ValueCollection$1.class", "Java", 0, 0, 0, 0, 20, 0, 0, 0, 0, 20
"d:\KG\EA\NALA\nala\target\classes\bak\pcj\map\ObjectKeyShortOpenHashMap$ValueCollection.class", "Java", 0, 0, 0, 0, 17, 0, 0, 0, 0, 17
"d:\KG\EA\NALA\nala\target\classes\bak\pcj\map\ObjectKeyShortOpenHashMap.class", "Java", 0, 0, 0, 0, 113, 0, 0, 0, 0, 113
"d:\KG\EA\NALA\nala\target\classes\bak\pcj\map\ShortKeyBooleanChainedHashMap$1.class", "Java", 0, 0, 0, 0, 24, 0, 0, 0, 2, 26
"d:\KG\EA\NALA\nala\target\classes\bak\pcj\map\ShortKeyBooleanChainedHashMap$Entry.class", "Java", 0, 0, 0, 0, 17, 0, 0, 0, 1, 18
"d:\KG\EA\NALA\nala\target\classes\bak\pcj\map\ShortKeyBooleanChainedHashMap$KeySet$1.class", "Java", 0, 0, 0, 0, 20, 0, 0, 0, 1, 21
"d:\KG\EA\NALA\nala\target\classes\bak\pcj\map\ShortKeyBooleanChainedHashMap$KeySet.class", "Java", 0, 0, 0, 0, 24, 0, 0, 0, 0, 24
"d:\KG\EA\NALA\nala\target\classes\bak\pcj\map\ShortKeyBooleanChainedHashMap$ValueCollection$1.class", "Java", 0, 0, 0, 0, 20, 0, 0, 0, 1, 21
"d:\KG\EA\NALA\nala\target\classes\bak\pcj\map\ShortKeyBooleanChainedHashMap$ValueCollection.class", "Java", 0, 0, 0, 0, 17, 0, 0, 0, 0, 17
"d:\KG\EA\NALA\nala\target\classes\bak\pcj\map\ShortKeyBooleanChainedHashMap.class", "Java", 0, 0, 0, 0, 124, 0, 0, 7, 0, 131
"d:\KG\EA\NALA\nala\target\classes\bak\pcj\map\ShortKeyBooleanMap.class", "Java", 0, 0, 0, 0, 6, 0, 0, 0, 0, 6
"d:\KG\EA\NALA\nala\target\classes\bak\pcj\map\ShortKeyBooleanMapIterator.class", "Java", 0, 0, 0, 0, 4, 0, 0, 0, 0, 4
"d:\KG\EA\NALA\nala\target\classes\bak\pcj\map\ShortKeyBooleanOpenHashMap$1.class", "Java", 0, 0, 0, 0, 21, 0, 0, 0, 0, 21
"d:\KG\EA\NALA\nala\target\classes\bak\pcj\map\ShortKeyBooleanOpenHashMap$KeySet$1.class", "Java", 0, 0, 0, 0, 19, 0, 0, 0, 0, 19
"d:\KG\EA\NALA\nala\target\classes\bak\pcj\map\ShortKeyBooleanOpenHashMap$KeySet.class", "Java", 0, 0, 0, 0, 21, 0, 0, 0, 0, 21
"d:\KG\EA\NALA\nala\target\classes\bak\pcj\map\ShortKeyBooleanOpenHashMap$ValueCollection$1.class", "Java", 0, 0, 0, 0, 20, 0, 0, 0, 0, 20
"d:\KG\EA\NALA\nala\target\classes\bak\pcj\map\ShortKeyBooleanOpenHashMap$ValueCollection.class", "Java", 0, 0, 0, 0, 17, 0, 0, 0, 0, 17
"d:\KG\EA\NALA\nala\target\classes\bak\pcj\map\ShortKeyBooleanOpenHashMap.class", "Java", 0, 0, 0, 0, 138, 0, 0, 0, 0, 138
"d:\KG\EA\NALA\nala\target\classes\bak\pcj\map\ShortKeyByteChainedHashMap$1.class", "Java", 0, 0, 0, 0, 24, 0, 0, 0, 2, 26
"d:\KG\EA\NALA\nala\target\classes\bak\pcj\map\ShortKeyByteChainedHashMap$Entry.class", "Java", 0, 0, 0, 0, 17, 0, 0, 0, 1, 18
"d:\KG\EA\NALA\nala\target\classes\bak\pcj\map\ShortKeyByteChainedHashMap$KeySet$1.class", "Java", 0, 0, 0, 0, 20, 0, 0, 0, 1, 21
"d:\KG\EA\NALA\nala\target\classes\bak\pcj\map\ShortKeyByteChainedHashMap$KeySet.class", "Java", 0, 0, 0, 0, 24, 0, 0, 0, 0, 24
"d:\KG\EA\NALA\nala\target\classes\bak\pcj\map\ShortKeyByteChainedHashMap$ValueCollection$1.class", "Java", 0, 0, 0, 0, 20, 0, 0, 0, 1, 21
"d:\KG\EA\NALA\nala\target\classes\bak\pcj\map\ShortKeyByteChainedHashMap$ValueCollection.class", "Java", 0, 0, 0, 0, 17, 0, 0, 0, 0, 17
"d:\KG\EA\NALA\nala\target\classes\bak\pcj\map\ShortKeyByteChainedHashMap.class", "Java", 0, 0, 0, 0, 124, 0, 0, 6, 0, 130
"d:\KG\EA\NALA\nala\target\classes\bak\pcj\map\ShortKeyByteMap.class", "Java", 0, 0, 0, 0, 6, 0, 0, 0, 0, 6
"d:\KG\EA\NALA\nala\target\classes\bak\pcj\map\ShortKeyByteMapIterator.class", "Java", 0, 0, 0, 0, 4, 0, 0, 0, 0, 4
"d:\KG\EA\NALA\nala\target\classes\bak\pcj\map\ShortKeyByteOpenHashMap$1.class", "Java", 0, 0, 0, 0, 21, 0, 0, 0, 0, 21
"d:\KG\EA\NALA\nala\target\classes\bak\pcj\map\ShortKeyByteOpenHashMap$KeySet$1.class", "Java", 0, 0, 0, 0, 19, 0, 0, 0, 0, 19
"d:\KG\EA\NALA\nala\target\classes\bak\pcj\map\ShortKeyByteOpenHashMap$KeySet.class", "Java", 0, 0, 0, 0, 21, 0, 0, 0, 0, 21
"d:\KG\EA\NALA\nala\target\classes\bak\pcj\map\ShortKeyByteOpenHashMap$ValueCollection$1.class", "Java", 0, 0, 0, 0, 20, 0, 0, 0, 0, 20
"d:\KG\EA\NALA\nala\target\classes\bak\pcj\map\ShortKeyByteOpenHashMap$ValueCollection.class", "Java", 0, 0, 0, 0, 17, 0, 0, 0, 0, 17
"d:\KG\EA\NALA\nala\target\classes\bak\pcj\map\ShortKeyByteOpenHashMap.class", "Java", 0, 0, 0, 0, 138, 0, 0, 0, 0, 138
"d:\KG\EA\NALA\nala\target\classes\bak\pcj\map\ShortKeyChainedHashMap$1.class", "Java", 0, 0, 0, 0, 24, 0, 0, 0, 2, 26
"d:\KG\EA\NALA\nala\target\classes\bak\pcj\map\ShortKeyChainedHashMap$Entry.class", "Java", 0, 0, 0, 0, 18, 0, 0, 0, 1, 19
"d:\KG\EA\NALA\nala\target\classes\bak\pcj\map\ShortKeyChainedHashMap$KeySet$1.class", "Java", 0, 0, 0, 0, 20, 0, 0, 0, 1, 21
"d:\KG\EA\NALA\nala\target\classes\bak\pcj\map\ShortKeyChainedHashMap$KeySet.class", "Java", 0, 0, 0, 0, 24, 0, 0, 0, 0, 24
"d:\KG\EA\NALA\nala\target\classes\bak\pcj\map\ShortKeyChainedHashMap$ValueCollection$1.class", "Java", 0, 0, 0, 0, 20, 0, 0, 0, 1, 21
"d:\KG\EA\NALA\nala\target\classes\bak\pcj\map\ShortKeyChainedHashMap$ValueCollection.class", "Java", 0, 0, 0, 0, 17, 0, 0, 0, 0, 17
"d:\KG\EA\NALA\nala\target\classes\bak\pcj\map\ShortKeyChainedHashMap.class", "Java", 0, 0, 0, 0, 126, 0, 0, 1, 0, 127
"d:\KG\EA\NALA\nala\target\classes\bak\pcj\map\ShortKeyCharChainedHashMap$1.class", "Java", 0, 0, 0, 0, 24, 0, 0, 0, 2, 26
"d:\KG\EA\NALA\nala\target\classes\bak\pcj\map\ShortKeyCharChainedHashMap$Entry.class", "Java", 0, 0, 0, 0, 17, 0, 0, 0, 1, 18
"d:\KG\EA\NALA\nala\target\classes\bak\pcj\map\ShortKeyCharChainedHashMap$KeySet$1.class", "Java", 0, 0, 0, 0, 20, 0, 0, 0, 1, 21
"d:\KG\EA\NALA\nala\target\classes\bak\pcj\map\ShortKeyCharChainedHashMap$KeySet.class", "Java", 0, 0, 0, 0, 24, 0, 0, 0, 0, 24
"d:\KG\EA\NALA\nala\target\classes\bak\pcj\map\ShortKeyCharChainedHashMap$ValueCollection$1.class", "Java", 0, 0, 0, 0, 20, 0, 0, 0, 1, 21
"d:\KG\EA\NALA\nala\target\classes\bak\pcj\map\ShortKeyCharChainedHashMap$ValueCollection.class", "Java", 0, 0, 0, 0, 17, 0, 0, 0, 0, 17
"d:\KG\EA\NALA\nala\target\classes\bak\pcj\map\ShortKeyCharChainedHashMap.class", "Java", 0, 0, 0, 0, 124, 0, 0, 6, 0, 130
"d:\KG\EA\NALA\nala\target\classes\bak\pcj\map\ShortKeyCharMap.class", "Java", 0, 0, 0, 0, 6, 0, 0, 0, 0, 6
"d:\KG\EA\NALA\nala\target\classes\bak\pcj\map\ShortKeyCharMapIterator.class", "Java", 0, 0, 0, 0, 4, 0, 0, 0, 0, 4
"d:\KG\EA\NALA\nala\target\classes\bak\pcj\map\ShortKeyCharOpenHashMap$1.class", "Java", 0, 0, 0, 0, 21, 0, 0, 0, 0, 21
"d:\KG\EA\NALA\nala\target\classes\bak\pcj\map\ShortKeyCharOpenHashMap$KeySet$1.class", "Java", 0, 0, 0, 0, 19, 0, 0, 0, 0, 19
"d:\KG\EA\NALA\nala\target\classes\bak\pcj\map\ShortKeyCharOpenHashMap$KeySet.class", "Java", 0, 0, 0, 0, 21, 0, 0, 0, 0, 21
"d:\KG\EA\NALA\nala\target\classes\bak\pcj\map\ShortKeyCharOpenHashMap$ValueCollection$1.class", "Java", 0, 0, 0, 0, 20, 0, 0, 0, 0, 20
"d:\KG\EA\NALA\nala\target\classes\bak\pcj\map\ShortKeyCharOpenHashMap$ValueCollection.class", "Java", 0, 0, 0, 0, 17, 0, 0, 0, 0, 17
"d:\KG\EA\NALA\nala\target\classes\bak\pcj\map\ShortKeyCharOpenHashMap.class", "Java", 0, 0, 0, 0, 138, 0, 0, 0, 0, 138
"d:\KG\EA\NALA\nala\target\classes\bak\pcj\map\ShortKeyDoubleChainedHashMap$1.class", "Java", 0, 0, 0, 0, 24, 0, 0, 0, 2, 26
"d:\KG\EA\NALA\nala\target\classes\bak\pcj\map\ShortKeyDoubleChainedHashMap$Entry.class", "Java", 0, 0, 0, 0, 17, 0, 0, 0, 1, 18
"d:\KG\EA\NALA\nala\target\classes\bak\pcj\map\ShortKeyDoubleChainedHashMap$KeySet$1.class", "Java", 0, 0, 0, 0, 20, 0, 0, 0, 1, 21
"d:\KG\EA\NALA\nala\target\classes\bak\pcj\map\ShortKeyDoubleChainedHashMap$KeySet.class", "Java", 0, 0, 0, 0, 24, 0, 0, 0, 0, 24
"d:\KG\EA\NALA\nala\target\classes\bak\pcj\map\ShortKeyDoubleChainedHashMap$ValueCollection$1.class", "Java", 0, 0, 0, 0, 20, 0, 0, 0, 1, 21
"d:\KG\EA\NALA\nala\target\classes\bak\pcj\map\ShortKeyDoubleChainedHashMap$ValueCollection.class", "Java", 0, 0, 0, 0, 17, 0, 0, 0, 0, 17
"d:\KG\EA\NALA\nala\target\classes\bak\pcj\map\ShortKeyDoubleChainedHashMap.class", "Java", 0, 0, 0, 0, 129, 0, 0, 7, 0, 136
"d:\KG\EA\NALA\nala\target\classes\bak\pcj\map\ShortKeyDoubleMap.class", "Java", 0, 0, 0, 0, 6, 0, 0, 0, 0, 6
"d:\KG\EA\NALA\nala\target\classes\bak\pcj\map\ShortKeyDoubleMapIterator.class", "Java", 0, 0, 0, 0, 4, 0, 0, 0, 0, 4
"d:\KG\EA\NALA\nala\target\classes\bak\pcj\map\ShortKeyDoubleOpenHashMap$1.class", "Java", 0, 0, 0, 0, 21, 0, 0, 0, 0, 21
"d:\KG\EA\NALA\nala\target\classes\bak\pcj\map\ShortKeyDoubleOpenHashMap$KeySet$1.class", "Java", 0, 0, 0, 0, 19, 0, 0, 0, 0, 19
"d:\KG\EA\NALA\nala\target\classes\bak\pcj\map\ShortKeyDoubleOpenHashMap$KeySet.class", "Java", 0, 0, 0, 0, 21, 0, 0, 0, 0, 21
"d:\KG\EA\NALA\nala\target\classes\bak\pcj\map\ShortKeyDoubleOpenHashMap$ValueCollection$1.class", "Java", 0, 0, 0, 0, 20, 0, 0, 0, 0, 20
"d:\KG\EA\NALA\nala\target\classes\bak\pcj\map\ShortKeyDoubleOpenHashMap$ValueCollection.class", "Java", 0, 0, 0, 0, 17, 0, 0, 0, 0, 17
"d:\KG\EA\NALA\nala\target\classes\bak\pcj\map\ShortKeyDoubleOpenHashMap.class", "Java", 0, 0, 0, 0, 132, 0, 0, 0, 0, 132
"d:\KG\EA\NALA\nala\target\classes\bak\pcj\map\ShortKeyFloatChainedHashMap$1.class", "Java", 0, 0, 0, 0, 24, 0, 0, 0, 2, 26
"d:\KG\EA\NALA\nala\target\classes\bak\pcj\map\ShortKeyFloatChainedHashMap$Entry.class", "Java", 0, 0, 0, 0, 17, 0, 0, 0, 1, 18
"d:\KG\EA\NALA\nala\target\classes\bak\pcj\map\ShortKeyFloatChainedHashMap$KeySet$1.class", "Java", 0, 0, 0, 0, 20, 0, 0, 0, 1, 21
"d:\KG\EA\NALA\nala\target\classes\bak\pcj\map\ShortKeyFloatChainedHashMap$KeySet.class", "Java", 0, 0, 0, 0, 24, 0, 0, 0, 0, 24
"d:\KG\EA\NALA\nala\target\classes\bak\pcj\map\ShortKeyFloatChainedHashMap$ValueCollection$1.class", "Java", 0, 0, 0, 0, 20, 0, 0, 0, 1, 21
"d:\KG\EA\NALA\nala\target\classes\bak\pcj\map\ShortKeyFloatChainedHashMap$ValueCollection.class", "Java", 0, 0, 0, 0, 17, 0, 0, 0, 0, 17
"d:\KG\EA\NALA\nala\target\classes\bak\pcj\map\ShortKeyFloatChainedHashMap.class", "Java", 0, 0, 0, 0, 126, 0, 0, 6, 0, 132
"d:\KG\EA\NALA\nala\target\classes\bak\pcj\map\ShortKeyFloatMap.class", "Java", 0, 0, 0, 0, 6, 0, 0, 0, 0, 6
"d:\KG\EA\NALA\nala\target\classes\bak\pcj\map\ShortKeyFloatMapIterator.class", "Java", 0, 0, 0, 0, 4, 0, 0, 0, 0, 4
"d:\KG\EA\NALA\nala\target\classes\bak\pcj\map\ShortKeyFloatOpenHashMap$1.class", "Java", 0, 0, 0, 0, 21, 0, 0, 0, 0, 21
"d:\KG\EA\NALA\nala\target\classes\bak\pcj\map\ShortKeyFloatOpenHashMap$KeySet$1.class", "Java", 0, 0, 0, 0, 19, 0, 0, 0, 0, 19
"d:\KG\EA\NALA\nala\target\classes\bak\pcj\map\ShortKeyFloatOpenHashMap$KeySet.class", "Java", 0, 0, 0, 0, 21, 0, 0, 0, 0, 21
"d:\KG\EA\NALA\nala\target\classes\bak\pcj\map\ShortKeyFloatOpenHashMap$ValueCollection$1.class", "Java", 0, 0, 0, 0, 20, 0, 0, 0, 0, 20
"d:\KG\EA\NALA\nala\target\classes\bak\pcj\map\ShortKeyFloatOpenHashMap$ValueCollection.class", "Java", 0, 0, 0, 0, 17, 0, 0, 0, 0, 17
"d:\KG\EA\NALA\nala\target\classes\bak\pcj\map\ShortKeyFloatOpenHashMap.class", "Java", 0, 0, 0, 0, 139, 0, 0, 0, 0, 139
"d:\KG\EA\NALA\nala\target\classes\bak\pcj\map\ShortKeyIntChainedHashMap$1.class", "Java", 0, 0, 0, 0, 24, 0, 0, 0, 2, 26
"d:\KG\EA\NALA\nala\target\classes\bak\pcj\map\ShortKeyIntChainedHashMap$Entry.class", "Java", 0, 0, 0, 0, 17, 0, 0, 0, 1, 18
"d:\KG\EA\NALA\nala\target\classes\bak\pcj\map\ShortKeyIntChainedHashMap$KeySet$1.class", "Java", 0, 0, 0, 0, 20, 0, 0, 0, 1, 21
"d:\KG\EA\NALA\nala\target\classes\bak\pcj\map\ShortKeyIntChainedHashMap$KeySet.class", "Java", 0, 0, 0, 0, 24, 0, 0, 0, 0, 24
"d:\KG\EA\NALA\nala\target\classes\bak\pcj\map\ShortKeyIntChainedHashMap$ValueCollection$1.class", "Java", 0, 0, 0, 0, 21, 0, 0, 0, 1, 22
"d:\KG\EA\NALA\nala\target\classes\bak\pcj\map\ShortKeyIntChainedHashMap$ValueCollection.class", "Java", 0, 0, 0, 0, 17, 0, 0, 0, 0, 17
"d:\KG\EA\NALA\nala\target\classes\bak\pcj\map\ShortKeyIntChainedHashMap.class", "Java", 0, 0, 0, 0, 123, 0, 0, 7, 0, 130
"d:\KG\EA\NALA\nala\target\classes\bak\pcj\map\ShortKeyIntMap.class", "Java", 0, 0, 0, 0, 6, 0, 0, 0, 0, 6
"d:\KG\EA\NALA\nala\target\classes\bak\pcj\map\ShortKeyIntMapIterator.class", "Java", 0, 0, 0, 0, 4, 0, 0, 0, 0, 4
"d:\KG\EA\NALA\nala\target\classes\bak\pcj\map\ShortKeyIntOpenHashMap$1.class", "Java", 0, 0, 0, 0, 21, 0, 0, 0, 0, 21
"d:\KG\EA\NALA\nala\target\classes\bak\pcj\map\ShortKeyIntOpenHashMap$KeySet$1.class", "Java", 0, 0, 0, 0, 19, 0, 0, 0, 0, 19
"d:\KG\EA\NALA\nala\target\classes\bak\pcj\map\ShortKeyIntOpenHashMap$KeySet.class", "Java", 0, 0, 0, 0, 21, 0, 0, 0, 0, 21
"d:\KG\EA\NALA\nala\target\classes\bak\pcj\map\ShortKeyIntOpenHashMap$ValueCollection$1.class", "Java", 0, 0, 0, 0, 20, 0, 0, 0, 0, 20
"d:\KG\EA\NALA\nala\target\classes\bak\pcj\map\ShortKeyIntOpenHashMap$ValueCollection.class", "Java", 0, 0, 0, 0, 17, 0, 0, 0, 0, 17
"d:\KG\EA\NALA\nala\target\classes\bak\pcj\map\ShortKeyIntOpenHashMap.class", "Java", 0, 0, 0, 0, 141, 0, 0, 0, 0, 141
"d:\KG\EA\NALA\nala\target\classes\bak\pcj\map\ShortKeyLongChainedHashMap$1.class", "Java", 0, 0, 0, 0, 24, 0, 0, 0, 2, 26
"d:\KG\EA\NALA\nala\target\classes\bak\pcj\map\ShortKeyLongChainedHashMap$Entry.class", "Java", 0, 0, 0, 0, 17, 0, 0, 0, 1, 18
"d:\KG\EA\NALA\nala\target\classes\bak\pcj\map\ShortKeyLongChainedHashMap$KeySet$1.class", "Java", 0, 0, 0, 0, 20, 0, 0, 0, 1, 21
"d:\KG\EA\NALA\nala\target\classes\bak\pcj\map\ShortKeyLongChainedHashMap$KeySet.class", "Java", 0, 0, 0, 0, 24, 0, 0, 0, 0, 24
"d:\KG\EA\NALA\nala\target\classes\bak\pcj\map\ShortKeyLongChainedHashMap$ValueCollection$1.class", "Java", 0, 0, 0, 0, 20, 0, 0, 0, 1, 21
"d:\KG\EA\NALA\nala\target\classes\bak\pcj\map\ShortKeyLongChainedHashMap$ValueCollection.class", "Java", 0, 0, 0, 0, 17, 0, 0, 0, 0, 17
"d:\KG\EA\NALA\nala\target\classes\bak\pcj\map\ShortKeyLongChainedHashMap.class", "Java", 0, 0, 0, 0, 127, 0, 0, 6, 0, 133
"d:\KG\EA\NALA\nala\target\classes\bak\pcj\map\ShortKeyLongMap.class", "Java", 0, 0, 0, 0, 6, 0, 0, 0, 0, 6
"d:\KG\EA\NALA\nala\target\classes\bak\pcj\map\ShortKeyLongMapIterator.class", "Java", 0, 0, 0, 0, 4, 0, 0, 0, 0, 4
"d:\KG\EA\NALA\nala\target\classes\bak\pcj\map\ShortKeyLongOpenHashMap$1.class", "Java", 0, 0, 0, 0, 21, 0, 0, 0, 0, 21
"d:\KG\EA\NALA\nala\target\classes\bak\pcj\map\ShortKeyLongOpenHashMap$KeySet$1.class", "Java", 0, 0, 0, 0, 19, 0, 0, 0, 0, 19
"d:\KG\EA\NALA\nala\target\classes\bak\pcj\map\ShortKeyLongOpenHashMap$KeySet.class", "Java", 0, 0, 0, 0, 21, 0, 0, 0, 0, 21
"d:\KG\EA\NALA\nala\target\classes\bak\pcj\map\ShortKeyLongOpenHashMap$ValueCollection$1.class", "Java", 0, 0, 0, 0, 20, 0, 0, 0, 0, 20
"d:\KG\EA\NALA\nala\target\classes\bak\pcj\map\ShortKeyLongOpenHashMap$ValueCollection.class", "Java", 0, 0, 0, 0, 17, 0, 0, 0, 0, 17
"d:\KG\EA\NALA\nala\target\classes\bak\pcj\map\ShortKeyLongOpenHashMap.class", "Java", 0, 0, 0, 0, 131, 0, 0, 0, 0, 131
"d:\KG\EA\NALA\nala\target\classes\bak\pcj\map\ShortKeyMap.class", "Java", 0, 0, 0, 0, 6, 0, 0, 0, 0, 6
"d:\KG\EA\NALA\nala\target\classes\bak\pcj\map\ShortKeyMapIterator.class", "Java", 0, 0, 0, 0, 4, 0, 0, 0, 0, 4
"d:\KG\EA\NALA\nala\target\classes\bak\pcj\map\ShortKeyOpenHashMap$1.class", "Java", 0, 0, 0, 0, 21, 0, 0, 0, 0, 21
"d:\KG\EA\NALA\nala\target\classes\bak\pcj\map\ShortKeyOpenHashMap$KeySet$1.class", "Java", 0, 0, 0, 0, 20, 0, 0, 0, 0, 20
"d:\KG\EA\NALA\nala\target\classes\bak\pcj\map\ShortKeyOpenHashMap$KeySet.class", "Java", 0, 0, 0, 0, 21, 0, 0, 0, 0, 21
"d:\KG\EA\NALA\nala\target\classes\bak\pcj\map\ShortKeyOpenHashMap$ValueCollection$1.class", "Java", 0, 0, 0, 0, 20, 0, 0, 0, 0, 20
"d:\KG\EA\NALA\nala\target\classes\bak\pcj\map\ShortKeyOpenHashMap$ValueCollection.class", "Java", 0, 0, 0, 0, 17, 0, 0, 0, 0, 17
"d:\KG\EA\NALA\nala\target\classes\bak\pcj\map\ShortKeyOpenHashMap.class", "Java", 0, 0, 0, 0, 129, 0, 0, 0, 0, 129
"d:\KG\EA\NALA\nala\target\classes\bak\pcj\map\ShortKeyShortChainedHashMap$1.class", "Java", 0, 0, 0, 0, 24, 0, 0, 0, 2, 26
"d:\KG\EA\NALA\nala\target\classes\bak\pcj\map\ShortKeyShortChainedHashMap$Entry.class", "Java", 0, 0, 0, 0, 10, 0, 0, 0, 1, 11
"d:\KG\EA\NALA\nala\target\classes\bak\pcj\map\ShortKeyShortChainedHashMap$KeySet$1.class", "Java", 0, 0, 0, 0, 20, 0, 0, 0, 1, 21
"d:\KG\EA\NALA\nala\target\classes\bak\pcj\map\ShortKeyShortChainedHashMap$KeySet.class", "Java", 0, 0, 0, 0, 24, 0, 0, 0, 0, 24
"d:\KG\EA\NALA\nala\target\classes\bak\pcj\map\ShortKeyShortChainedHashMap$ValueCollection$1.class", "Java", 0, 0, 0, 0, 20, 0, 0, 0, 1, 21
"d:\KG\EA\NALA\nala\target\classes\bak\pcj\map\ShortKeyShortChainedHashMap$ValueCollection.class", "Java", 0, 0, 0, 0, 17, 0, 0, 0, 0, 17
"d:\KG\EA\NALA\nala\target\classes\bak\pcj\map\ShortKeyShortChainedHashMap.class", "Java", 0, 0, 0, 0, 122, 0, 0, 8, 0, 130
"d:\KG\EA\NALA\nala\target\classes\bak\pcj\map\ShortKeyShortMap.class", "Java", 0, 0, 0, 0, 6, 0, 0, 0, 0, 6
"d:\KG\EA\NALA\nala\target\classes\bak\pcj\map\ShortKeyShortMapIterator.class", "Java", 0, 0, 0, 0, 4, 0, 0, 0, 0, 4
"d:\KG\EA\NALA\nala\target\classes\bak\pcj\map\ShortKeyShortOpenHashMap$1.class", "Java", 0, 0, 0, 0, 21, 0, 0, 0, 0, 21
"d:\KG\EA\NALA\nala\target\classes\bak\pcj\map\ShortKeyShortOpenHashMap$KeySet$1.class", "Java", 0, 0, 0, 0, 19, 0, 0, 0, 0, 19
"d:\KG\EA\NALA\nala\target\classes\bak\pcj\map\ShortKeyShortOpenHashMap$KeySet.class", "Java", 0, 0, 0, 0, 21, 0, 0, 0, 0, 21
"d:\KG\EA\NALA\nala\target\classes\bak\pcj\map\ShortKeyShortOpenHashMap$ValueCollection$1.class", "Java", 0, 0, 0, 0, 20, 0, 0, 0, 0, 20
"d:\KG\EA\NALA\nala\target\classes\bak\pcj\map\ShortKeyShortOpenHashMap$ValueCollection.class", "Java", 0, 0, 0, 0, 17, 0, 0, 0, 0, 17
"d:\KG\EA\NALA\nala\target\classes\bak\pcj\map\ShortKeyShortOpenHashMap.class", "Java", 0, 0, 0, 0, 135, 0, 0, 0, 0, 135
"d:\KG\EA\NALA\nala\target\classes\bak\pcj\map\package.html", "HTML", 0, 0, 0, 0, 0, 6, 0, 0, 1, 7
"d:\KG\EA\NALA\nala\target\classes\bak\pcj\package.html", "HTML", 0, 0, 0, 0, 0, 6, 0, 0, 1, 7
"d:\KG\EA\NALA\nala\target\classes\bak\pcj\set\AbstractBooleanSet.class", "Java", 0, 0, 0, 0, 14, 0, 0, 0, 0, 14
"d:\KG\EA\NALA\nala\target\classes\bak\pcj\set\AbstractByteSet.class", "Java", 0, 0, 0, 0, 14, 0, 0, 0, 0, 14
"d:\KG\EA\NALA\nala\target\classes\bak\pcj\set\AbstractCharSet.class", "Java", 0, 0, 0, 0, 14, 0, 0, 0, 0, 14
"d:\KG\EA\NALA\nala\target\classes\bak\pcj\set\AbstractDoubleSet.class", "Java", 0, 0, 0, 0, 14, 0, 0, 0, 0, 14
"d:\KG\EA\NALA\nala\target\classes\bak\pcj\set\AbstractFloatSet.class", "Java", 0, 0, 0, 0, 14, 0, 0, 0, 0, 14
"d:\KG\EA\NALA\nala\target\classes\bak\pcj\set\AbstractIntSet.class", "Java", 0, 0, 0, 0, 14, 0, 0, 0, 0, 14
"d:\KG\EA\NALA\nala\target\classes\bak\pcj\set\AbstractLongSet.class", "Java", 0, 0, 0, 0, 14, 0, 0, 0, 0, 14
"d:\KG\EA\NALA\nala\target\classes\bak\pcj\set\AbstractShortSet.class", "Java", 0, 0, 0, 0, 14, 0, 0, 0, 0, 14
"d:\KG\EA\NALA\nala\target\classes\bak\pcj\set\BooleanDirectSet$BIterator.class", "Java", 0, 0, 0, 0, 21, 0, 0, 0, 0, 21
"d:\KG\EA\NALA\nala\target\classes\bak\pcj\set\BooleanDirectSet.class", "Java", 0, 0, 0, 0, 31, 0, 0, 0, 0, 31
"d:\KG\EA\NALA\nala\target\classes\bak\pcj\set\BooleanSet.class", "Java", 0, 0, 0, 0, 2, 0, 0, 0, 0, 2
"d:\KG\EA\NALA\nala\target\classes\bak\pcj\set\BooleanSortedSet.class", "Java", 0, 0, 0, 0, 5, 0, 0, 0, 0, 5
"d:\KG\EA\NALA\nala\target\classes\bak\pcj\set\ByteBitSet$1.class", "Java", 0, 0, 0, 0, 12, 0, 0, 0, 0, 12
"d:\KG\EA\NALA\nala\target\classes\bak\pcj\set\ByteBitSet$2.class", "Java", 0, 0, 0, 0, 27, 0, 0, 0, 0, 27
"d:\KG\EA\NALA\nala\target\classes\bak\pcj\set\ByteBitSet$SubSet$SubSetIterator.class", "Java", 0, 0, 0, 0, 41, 0, 0, 0, 0, 41
"d:\KG\EA\NALA\nala\target\classes\bak\pcj\set\ByteBitSet$SubSet.class", "Java", 0, 0, 0, 0, 45, 0, 0, 27, 0, 72
"d:\KG\EA\NALA\nala\target\classes\bak\pcj\set\ByteBitSet.class", "Java", 0, 0, 0, 0, 43, 0, 0, 54, 0, 97
"d:\KG\EA\NALA\nala\target\classes\bak\pcj\set\ByteChainedHashSet$1.class", "Java", 0, 0, 0, 0, 21, 0, 0, 0, 0, 21
"d:\KG\EA\NALA\nala\target\classes\bak\pcj\set\ByteChainedHashSet.class", "Java", 0, 0, 0, 0, 106, 0, 0, 6, 2, 114
"d:\KG\EA\NALA\nala\target\classes\bak\pcj\set\ByteOpenHashSet$1.class", "Java", 0, 0, 0, 0, 19, 0, 0, 0, 0, 19
"d:\KG\EA\NALA\nala\target\classes\bak\pcj\set\ByteOpenHashSet.class", "Java", 0, 0, 0, 0, 114, 0, 0, 0, 0, 114
"d:\KG\EA\NALA\nala\target\classes\bak\pcj\set\ByteRange.class", "Java", 0, 0, 0, 0, 48, 0, 0, 0, 0, 48
"d:\KG\EA\NALA\nala\target\classes\bak\pcj\set\ByteRangeSet$1.class", "Java", 0, 0, 0, 0, 18, 0, 0, 5, 0, 23
"d:\KG\EA\NALA\nala\target\classes\bak\pcj\set\ByteRangeSet$SubSet$EmptySubSetIterator.class", "Java", 0, 0, 0, 0, 11, 0, 0, 0, 0, 11
"d:\KG\EA\NALA\nala\target\classes\bak\pcj\set\ByteRangeSet$SubSet$NonEmptySubSetIterator.class", "Java", 0, 0, 0, 0, 41, 0, 0, 0, 0, 41
"d:\KG\EA\NALA\nala\target\classes\bak\pcj\set\ByteRangeSet$SubSet$SimpleSubSetIterator.class", "Java", 0, 0, 0, 0, 16, 0, 0, 2, 0, 18
"d:\KG\EA\NALA\nala\target\classes\bak\pcj\set\ByteRangeSet$SubSet.class", "Java", 0, 0, 0, 0, 47, 0, 0, 42, 0, 89
"d:\KG\EA\NALA\nala\target\classes\bak\pcj\set\ByteRangeSet.class", "Java", 0, 0, 0, 0, 74, 0, 0, 28, 0, 102
"d:\KG\EA\NALA\nala\target\classes\bak\pcj\set\ByteSet.class", "Java", 0, 0, 0, 0, 2, 0, 0, 0, 0, 2
"d:\KG\EA\NALA\nala\target\classes\bak\pcj\set\ByteSortedSet.class", "Java", 0, 0, 0, 0, 5, 0, 0, 0, 0, 5
"d:\KG\EA\NALA\nala\target\classes\bak\pcj\set\CharBitSet$1.class", "Java", 0, 0, 0, 0, 12, 0, 0, 0, 0, 12
"d:\KG\EA\NALA\nala\target\classes\bak\pcj\set\CharBitSet$2.class", "Java", 0, 0, 0, 0, 27, 0, 0, 0, 0, 27
"d:\KG\EA\NALA\nala\target\classes\bak\pcj\set\CharBitSet$SubSet$SubSetIterator.class", "Java", 0, 0, 0, 0, 41, 0, 0, 0, 0, 41
"d:\KG\EA\NALA\nala\target\classes\bak\pcj\set\CharBitSet$SubSet.class", "Java", 0, 0, 0, 0, 45, 0, 0, 27, 0, 72
"d:\KG\EA\NALA\nala\target\classes\bak\pcj\set\CharBitSet.class", "Java", 0, 0, 0, 0, 44, 0, 0, 54, 0, 98
"d:\KG\EA\NALA\nala\target\classes\bak\pcj\set\CharChainedHashSet$1.class", "Java", 0, 0, 0, 0, 21, 0, 0, 0, 0, 21
"d:\KG\EA\NALA\nala\target\classes\bak\pcj\set\CharChainedHashSet.class", "Java", 0, 0, 0, 0, 106, 0, 0, 6, 2, 114
"d:\KG\EA\NALA\nala\target\classes\bak\pcj\set\CharOpenHashSet$1.class", "Java", 0, 0, 0, 0, 19, 0, 0, 0, 0, 19
"d:\KG\EA\NALA\nala\target\classes\bak\pcj\set\CharOpenHashSet.class", "Java", 0, 0, 0, 0, 113, 0, 0, 0, 0, 113
"d:\KG\EA\NALA\nala\target\classes\bak\pcj\set\CharRange.class", "Java", 0, 0, 0, 0, 48, 0, 0, 0, 0, 48
"d:\KG\EA\NALA\nala\target\classes\bak\pcj\set\CharRangeSet$1.class", "Java", 0, 0, 0, 0, 18, 0, 0, 5, 0, 23
"d:\KG\EA\NALA\nala\target\classes\bak\pcj\set\CharRangeSet$SubSet$EmptySubSetIterator.class", "Java", 0, 0, 0, 0, 11, 0, 0, 0, 0, 11
"d:\KG\EA\NALA\nala\target\classes\bak\pcj\set\CharRangeSet$SubSet$NonEmptySubSetIterator.class", "Java", 0, 0, 0, 0, 41, 0, 0, 0, 0, 41
"d:\KG\EA\NALA\nala\target\classes\bak\pcj\set\CharRangeSet$SubSet$SimpleSubSetIterator.class", "Java", 0, 0, 0, 0, 16, 0, 0, 2, 0, 18
"d:\KG\EA\NALA\nala\target\classes\bak\pcj\set\CharRangeSet$SubSet.class", "Java", 0, 0, 0, 0, 47, 0, 0, 42, 0, 89
"d:\KG\EA\NALA\nala\target\classes\bak\pcj\set\CharRangeSet.class", "Java", 0, 0, 0, 0, 74, 0, 0, 28, 0, 102
"d:\KG\EA\NALA\nala\target\classes\bak\pcj\set\CharSet.class", "Java", 0, 0, 0, 0, 2, 0, 0, 0, 0, 2
"d:\KG\EA\NALA\nala\target\classes\bak\pcj\set\CharSortedSet.class", "Java", 0, 0, 0, 0, 5, 0, 0, 0, 0, 5
"d:\KG\EA\NALA\nala\target\classes\bak\pcj\set\DoubleChainedHashSet$1.class", "Java", 0, 0, 0, 0, 23, 0, 0, 0, 0, 23
"d:\KG\EA\NALA\nala\target\classes\bak\pcj\set\DoubleChainedHashSet.class", "Java", 0, 0, 0, 0, 107, 0, 0, 6, 2, 115
"d:\KG\EA\NALA\nala\target\classes\bak\pcj\set\DoubleOpenHashSet$1.class", "Java", 0, 0, 0, 0, 19, 0, 0, 0, 0, 19
"d:\KG\EA\NALA\nala\target\classes\bak\pcj\set\DoubleOpenHashSet.class", "Java", 0, 0, 0, 0, 117, 0, 0, 0, 0, 117
"d:\KG\EA\NALA\nala\target\classes\bak\pcj\set\DoubleSet.class", "Java", 0, 0, 0, 0, 2, 0, 0, 0, 0, 2
"d:\KG\EA\NALA\nala\target\classes\bak\pcj\set\DoubleSortedSet.class", "Java", 0, 0, 0, 0, 5, 0, 0, 0, 0, 5
"d:\KG\EA\NALA\nala\target\classes\bak\pcj\set\FloatChainedHashSet$1.class", "Java", 0, 0, 0, 0, 21, 0, 0, 0, 0, 21
"d:\KG\EA\NALA\nala\target\classes\bak\pcj\set\FloatChainedHashSet.class", "Java", 0, 0, 0, 0, 107, 0, 0, 7, 2, 116
"d:\KG\EA\NALA\nala\target\classes\bak\pcj\set\FloatOpenHashSet$1.class", "Java", 0, 0, 0, 0, 19, 0, 0, 0, 0, 19
"d:\KG\EA\NALA\nala\target\classes\bak\pcj\set\FloatOpenHashSet.class", "Java", 0, 0, 0, 0, 114, 0, 0, 0, 0, 114
"d:\KG\EA\NALA\nala\target\classes\bak\pcj\set\FloatSet.class", "Java", 0, 0, 0, 0, 3, 0, 0, 0, 0, 3
"d:\KG\EA\NALA\nala\target\classes\bak\pcj\set\FloatSortedSet.class", "Java", 0, 0, 0, 0, 5, 0, 0, 0, 0, 5
"d:\KG\EA\NALA\nala\target\classes\bak\pcj\set\IntBitSet$1.class", "Java", 0, 0, 0, 0, 12, 0, 0, 0, 0, 12
"d:\KG\EA\NALA\nala\target\classes\bak\pcj\set\IntBitSet$2.class", "Java", 0, 0, 0, 0, 27, 0, 0, 0, 0, 27
"d:\KG\EA\NALA\nala\target\classes\bak\pcj\set\IntBitSet$SubSet$SubSetIterator.class", "Java", 0, 0, 0, 0, 41, 0, 0, 0, 0, 41
"d:\KG\EA\NALA\nala\target\classes\bak\pcj\set\IntBitSet$SubSet.class", "Java", 0, 0, 0, 0, 45, 0, 0, 32, 0, 77
"d:\KG\EA\NALA\nala\target\classes\bak\pcj\set\IntBitSet.class", "Java", 0, 0, 0, 0, 43, 0, 0, 54, 0, 97
"d:\KG\EA\NALA\nala\target\classes\bak\pcj\set\IntChainedHashSet$1.class", "Java", 0, 0, 0, 0, 21, 0, 0, 0, 0, 21
"d:\KG\EA\NALA\nala\target\classes\bak\pcj\set\IntChainedHashSet.class", "Java", 0, 0, 0, 0, 108, 0, 0, 8, 2, 118
"d:\KG\EA\NALA\nala\target\classes\bak\pcj\set\IntOpenHashSet$1.class", "Java", 0, 0, 0, 0, 19, 0, 0, 0, 0, 19
"d:\KG\EA\NALA\nala\target\classes\bak\pcj\set\IntOpenHashSet.class", "Java", 0, 0, 0, 0, 116, 0, 0, 0, 0, 116
"d:\KG\EA\NALA\nala\target\classes\bak\pcj\set\IntRange.class", "Java", 0, 0, 0, 0, 52, 0, 0, 0, 0, 52
"d:\KG\EA\NALA\nala\target\classes\bak\pcj\set\IntRangeSet$1.class", "Java", 0, 0, 0, 0, 24, 0, 0, 0, 0, 24
"d:\KG\EA\NALA\nala\target\classes\bak\pcj\set\IntRangeSet$SubSet$EmptySubSetIterator.class", "Java", 0, 0, 0, 0, 11, 0, 0, 0, 0, 11
"d:\KG\EA\NALA\nala\target\classes\bak\pcj\set\IntRangeSet$SubSet$NonEmptySubSetIterator.class", "Java", 0, 0, 0, 0, 44, 0, 0, 0, 0, 44
"d:\KG\EA\NALA\nala\target\classes\bak\pcj\set\IntRangeSet$SubSet$SimpleSubSetIterator.class", "Java", 0, 0, 0, 0, 18, 0, 0, 0, 0, 18
"d:\KG\EA\NALA\nala\target\classes\bak\pcj\set\IntRangeSet$SubSet.class", "Java", 0, 0, 0, 0, 47, 0, 0, 51, 0, 98
"d:\KG\EA\NALA\nala\target\classes\bak\pcj\set\IntRangeSet.class", "Java", 0, 0, 0, 0, 74, 0, 0, 29, 0, 103
"d:\KG\EA\NALA\nala\target\classes\bak\pcj\set\IntSet.class", "Java", 0, 0, 0, 0, 2, 0, 0, 0, 0, 2
"d:\KG\EA\NALA\nala\target\classes\bak\pcj\set\IntSortedSet.class", "Java", 0, 0, 0, 0, 5, 0, 0, 0, 0, 5
"d:\KG\EA\NALA\nala\target\classes\bak\pcj\set\LongChainedHashSet$1.class", "Java", 0, 0, 0, 0, 21, 0, 0, 0, 0, 21
"d:\KG\EA\NALA\nala\target\classes\bak\pcj\set\LongChainedHashSet.class", "Java", 0, 0, 0, 0, 105, 0, 0, 7, 2, 114
"d:\KG\EA\NALA\nala\target\classes\bak\pcj\set\LongOpenHashSet$1.class", "Java", 0, 0, 0, 0, 19, 0, 0, 0, 0, 19
"d:\KG\EA\NALA\nala\target\classes\bak\pcj\set\LongOpenHashSet.class", "Java", 0, 0, 0, 0, 116, 0, 0, 0, 0, 116
"d:\KG\EA\NALA\nala\target\classes\bak\pcj\set\LongRange.class", "Java", 0, 0, 0, 0, 54, 0, 0, 0, 2, 56
"d:\KG\EA\NALA\nala\target\classes\bak\pcj\set\LongRangeSet$1.class", "Java", 0, 0, 0, 0, 18, 0, 0, 5, 0, 23
"d:\KG\EA\NALA\nala\target\classes\bak\pcj\set\LongRangeSet$SubSet$EmptySubSetIterator.class", "Java", 0, 0, 0, 0, 11, 0, 0, 0, 0, 11
"d:\KG\EA\NALA\nala\target\classes\bak\pcj\set\LongRangeSet$SubSet$NonEmptySubSetIterator.class", "Java", 0, 0, 0, 0, 40, 0, 0, 0, 0, 40
"d:\KG\EA\NALA\nala\target\classes\bak\pcj\set\LongRangeSet$SubSet$SimpleSubSetIterator.class", "Java", 0, 0, 0, 0, 17, 0, 0, 2, 0, 19
"d:\KG\EA\NALA\nala\target\classes\bak\pcj\set\LongRangeSet$SubSet.class", "Java", 0, 0, 0, 0, 47, 0, 0, 42, 0, 89
"d:\KG\EA\NALA\nala\target\classes\bak\pcj\set\LongRangeSet.class", "Java", 0, 0, 0, 0, 74, 0, 0, 42, 0, 116
"d:\KG\EA\NALA\nala\target\classes\bak\pcj\set\LongSet.class", "Java", 0, 0, 0, 0, 2, 0, 0, 0, 0, 2
"d:\KG\EA\NALA\nala\target\classes\bak\pcj\set\LongSortedSet.class", "Java", 0, 0, 0, 0, 5, 0, 0, 0, 0, 5
"d:\KG\EA\NALA\nala\target\classes\bak\pcj\set\ShortBitSet$1.class", "Java", 0, 0, 0, 0, 12, 0, 0, 0, 0, 12
"d:\KG\EA\NALA\nala\target\classes\bak\pcj\set\ShortBitSet$2.class", "Java", 0, 0, 0, 0, 27, 0, 0, 0, 0, 27
"d:\KG\EA\NALA\nala\target\classes\bak\pcj\set\ShortBitSet$SubSet$SubSetIterator.class", "Java", 0, 0, 0, 0, 41, 0, 0, 0, 0, 41
"d:\KG\EA\NALA\nala\target\classes\bak\pcj\set\ShortBitSet$SubSet.class", "Java", 0, 0, 0, 0, 45, 0, 0, 27, 0, 72
"d:\KG\EA\NALA\nala\target\classes\bak\pcj\set\ShortBitSet.class", "Java", 0, 0, 0, 0, 43, 0, 0, 54, 0, 97
"d:\KG\EA\NALA\nala\target\classes\bak\pcj\set\ShortChainedHashSet$1.class", "Java", 0, 0, 0, 0, 21, 0, 0, 0, 0, 21
"d:\KG\EA\NALA\nala\target\classes\bak\pcj\set\ShortChainedHashSet.class", "Java", 0, 0, 0, 0, 107, 0, 0, 6, 2, 115
"d:\KG\EA\NALA\nala\target\classes\bak\pcj\set\ShortOpenHashSet$1.class", "Java", 0, 0, 0, 0, 19, 0, 0, 0, 0, 19
"d:\KG\EA\NALA\nala\target\classes\bak\pcj\set\ShortOpenHashSet.class", "Java", 0, 0, 0, 0, 114, 0, 0, 0, 0, 114
"d:\KG\EA\NALA\nala\target\classes\bak\pcj\set\ShortRange.class", "Java", 0, 0, 0, 0, 48, 0, 0, 0, 0, 48
"d:\KG\EA\NALA\nala\target\classes\bak\pcj\set\ShortRangeSet$1.class", "Java", 0, 0, 0, 0, 18, 0, 0, 5, 0, 23
"d:\KG\EA\NALA\nala\target\classes\bak\pcj\set\ShortRangeSet$SubSet$EmptySubSetIterator.class", "Java", 0, 0, 0, 0, 11, 0, 0, 0, 0, 11
"d:\KG\EA\NALA\nala\target\classes\bak\pcj\set\ShortRangeSet$SubSet$NonEmptySubSetIterator.class", "Java", 0, 0, 0, 0, 41, 0, 0, 0, 0, 41
"d:\KG\EA\NALA\nala\target\classes\bak\pcj\set\ShortRangeSet$SubSet$SimpleSubSetIterator.class", "Java", 0, 0, 0, 0, 16, 0, 0, 2, 0, 18
"d:\KG\EA\NALA\nala\target\classes\bak\pcj\set\ShortRangeSet$SubSet.class", "Java", 0, 0, 0, 0, 47, 0, 0, 42, 0, 89
"d:\KG\EA\NALA\nala\target\classes\bak\pcj\set\ShortRangeSet.class", "Java", 0, 0, 0, 0, 74, 0, 0, 28, 0, 102
"d:\KG\EA\NALA\nala\target\classes\bak\pcj\set\ShortSet.class", "Java", 0, 0, 0, 0, 3, 0, 0, 0, 0, 3
"d:\KG\EA\NALA\nala\target\classes\bak\pcj\set\ShortSortedSet.class", "Java", 0, 0, 0, 0, 5, 0, 0, 0, 0, 5
"d:\KG\EA\NALA\nala\target\classes\bak\pcj\set\UnmodifiableBooleanSet.class", "Java", 0, 0, 0, 0, 6, 0, 0, 0, 0, 6
"d:\KG\EA\NALA\nala\target\classes\bak\pcj\set\UnmodifiableByteSet.class", "Java", 0, 0, 0, 0, 6, 0, 0, 0, 0, 6
"d:\KG\EA\NALA\nala\target\classes\bak\pcj\set\UnmodifiableCharSet.class", "Java", 0, 0, 0, 0, 6, 0, 0, 0, 0, 6
"d:\KG\EA\NALA\nala\target\classes\bak\pcj\set\UnmodifiableDoubleSet.class", "Java", 0, 0, 0, 0, 6, 0, 0, 0, 0, 6
"d:\KG\EA\NALA\nala\target\classes\bak\pcj\set\UnmodifiableFloatSet.class", "Java", 0, 0, 0, 0, 6, 0, 0, 0, 0, 6
"d:\KG\EA\NALA\nala\target\classes\bak\pcj\set\UnmodifiableIntSet.class", "Java", 0, 0, 0, 0, 6, 0, 0, 0, 0, 6
"d:\KG\EA\NALA\nala\target\classes\bak\pcj\set\UnmodifiableLongSet.class", "Java", 0, 0, 0, 0, 6, 0, 0, 0, 0, 6
"d:\KG\EA\NALA\nala\target\classes\bak\pcj\set\UnmodifiableShortSet.class", "Java", 0, 0, 0, 0, 6, 0, 0, 0, 0, 6
"d:\KG\EA\NALA\nala\target\classes\bak\pcj\set\package.html", "HTML", 0, 0, 0, 0, 0, 6, 0, 0, 1, 7
"d:\KG\EA\NALA\nala\target\classes\bak\pcj\util\Display.class", "Java", 0, 0, 0, 0, 25, 0, 0, 0, 0, 25
"d:\KG\EA\NALA\nala\target\classes\bak\pcj\util\Exceptions.class", "Java", 0, 0, 0, 0, 68, 0, 0, 0, 0, 68
"d:\KG\EA\NALA\nala\target\classes\javatools\administrative\Announce$Level.class", "Java", 0, 0, 0, 0, 16, 0, 0, 0, 0, 16
"d:\KG\EA\NALA\nala\target\classes\javatools\administrative\Announce.class", "Java", 0, 0, 0, 0, 176, 0, 0, 0, 0, 176
"d:\KG\EA\NALA\nala\target\classes\javatools\administrative\CallStack.class", "Java", 0, 0, 0, 0, 45, 0, 0, 0, 0, 45
"d:\KG\EA\NALA\nala\target\classes\javatools\administrative\D$1.class", "Java", 0, 0, 0, 0, 10, 0, 0, 0, 0, 10
"d:\KG\EA\NALA\nala\target\classes\javatools\administrative\D$2.class", "Java", 0, 0, 0, 0, 10, 0, 0, 0, 0, 10
"d:\KG\EA\NALA\nala\target\classes\javatools\administrative\D.class", "Java", 0, 0, 0, 0, 163, 0, 0, 0, 1, 164
"d:\KG\EA\NALA\nala\target\classes\javatools\administrative\NonsharedParameters$UndefinedParameterException.class", "Java", 0, 0, 0, 0, 17, 0, 0, 0, 0, 17
"d:\KG\EA\NALA\nala\target\classes\javatools\administrative\NonsharedParameters.class", "Java", 0, 0, 0, 0, 280, 0, 0, 0, 1, 281
"d:\KG\EA\NALA\nala\target\classes\javatools\administrative\Parameters$UndefinedParameterException.class", "Java", 0, 0, 0, 0, 17, 0, 0, 0, 0, 17
"d:\KG\EA\NALA\nala\target\classes\javatools\administrative\Parameters.class", "Java", 0, 0, 0, 0, 108, 0, 0, 0, 1, 109
"d:\KG\EA\NALA\nala\target\classes\javatools\administrative\Sleep.class", "Java", 0, 0, 0, 0, 30, 0, 0, 0, 0, 30
"d:\KG\EA\NALA\nala\target\classes\javatools\administrative\Tracer$TracerThread.class", "Java", 0, 0, 0, 0, 20, 0, 0, 0, 0, 20
"d:\KG\EA\NALA\nala\target\classes\javatools\administrative\Tracer.class", "Java", 0, 0, 0, 0, 29, 0, 0, 0, 0, 29
"d:\KG\EA\NALA\nala\target\classes\javatools\database\DBWordNet$Table.class", "Java", 0, 0, 0, 0, 62, 0, 0, 0, 2, 64
"d:\KG\EA\NALA\nala\target\classes\javatools\database\DBWordNet.class", "Java", 0, 0, 0, 0, 44, 0, 0, 0, 0, 44
"d:\KG\EA\NALA\nala\target\classes\javatools\database\Database$CommitTransactionSQLException.class", "Java", 0, 0, 0, 0, 17, 0, 0, 0, 0, 17
"d:\KG\EA\NALA\nala\target\classes\javatools\database\Database$ConnectionBrokenSQLException.class", "Java", 0, 0, 0, 0, 22, 0, 0, 0, 0, 22
"d:\KG\EA\NALA\nala\target\classes\javatools\database\Database$InitTransactionSQLException.class", "Java", 0, 0, 0, 0, 17, 0, 0, 0, 0, 17
"d:\KG\EA\NALA\nala\target\classes\javatools\database\Database$Inserter.class", "Java", 0, 0, 0, 0, 66, 0, 0, 0, 1, 67
"d:\KG\EA\NALA\nala\target\classes\javatools\database\Database$RollbackTransactionSQLException.class", "Java", 0, 0, 0, 0, 17, 0, 0, 0, 0, 17
"d:\KG\EA\NALA\nala\target\classes\javatools\database\Database$StartAutoCommitSQLException.class", "Java", 0, 0, 0, 0, 17, 0, 0, 0, 0, 17
"d:\KG\EA\NALA\nala\target\classes\javatools\database\Database$TransactionSQLException.class", "Java", 0, 0, 0, 0, 18, 0, 0, 0, 0, 18
"d:\KG\EA\NALA\nala\target\classes\javatools\database\Database.class", "Java", 0, 0, 0, 0, 282, 0, 0, 0, 4, 286
"d:\KG\EA\NALA\nala\target\classes\javatools\database\DummyDatabase$DummyResultSet$1.class", "Java", 0, 0, 0, 0, 22, 0, 0, 0, 0, 22
"d:\KG\EA\NALA\nala\target\classes\javatools\database\DummyDatabase$DummyResultSet.class", "Java", 0, 0, 0, 0, 57, 0, 0, 0, 0, 57
"d:\KG\EA\NALA\nala\target\classes\javatools\database\DummyDatabase.class", "Java", 0, 0, 0, 0, 52, 0, 0, 0, 0, 52
"d:\KG\EA\NALA\nala\target\classes\javatools\database\MySQLDatabase$ANSIvarcharBin.class", "Java", 0, 0, 0, 0, 20, 0, 0, 0, 0, 20
"d:\KG\EA\NALA\nala\target\classes\javatools\database\MySQLDatabase$Blob.class", "Java", 0, 0, 0, 0, 20, 0, 0, 0, 0, 20
"d:\KG\EA\NALA\nala\target\classes\javatools\database\MySQLDatabase$MysqlVarchar.class", "Java", 0, 0, 0, 0, 21, 0, 0, 0, 0, 21
"d:\KG\EA\NALA\nala\target\classes\javatools\database\MySQLDatabase.class", "Java", 0, 0, 0, 0, 48, 0, 0, 0, 0, 48
"d:\KG\EA\NALA\nala\target\classes\javatools\database\OracleDatabase$Bigint.class", "Java", 0, 0, 0, 0, 9, 0, 0, 0, 0, 9
"d:\KG\EA\NALA\nala\target\classes\javatools\database\OracleDatabase$Bool.class", "Java", 0, 0, 0, 0, 10, 0, 0, 0, 0, 10
"d:\KG\EA\NALA\nala\target\classes\javatools\database\OracleDatabase$Varchar.class", "Java", 0, 0, 0, 0, 24, 0, 0, 0, 0, 24
"d:\KG\EA\NALA\nala\target\classes\javatools\database\OracleDatabase.class", "Java", 0, 0, 0, 0, 67, 0, 0, 0, 0, 67
"d:\KG\EA\NALA\nala\target\classes\javatools\database\PostgresDatabase$PostgreVarchar.class", "Java", 0, 0, 0, 0, 21, 0, 0, 3, 0, 24
"d:\KG\EA\NALA\nala\target\classes\javatools\database\PostgresDatabase$Postgretext.class", "Java", 0, 0, 0, 0, 15, 0, 0, 0, 0, 15
"d:\KG\EA\NALA\nala\target\classes\javatools\database\PostgresDatabase.class", "Java", 0, 0, 0, 0, 92, 0, 0, 0, 0, 92
"d:\KG\EA\NALA\nala\target\classes\javatools\database\ResultIterator$1.class", "Java", 0, 0, 0, 0, 12, 0, 0, 0, 0, 12
"d:\KG\EA\NALA\nala\target\classes\javatools\database\ResultIterator$2.class", "Java", 0, 0, 0, 0, 10, 0, 0, 0, 0, 10
"d:\KG\EA\NALA\nala\target\classes\javatools\database\ResultIterator$3.class", "Java", 0, 0, 0, 0, 12, 0, 0, 0, 0, 12
"d:\KG\EA\NALA\nala\target\classes\javatools\database\ResultIterator$4.class", "Java", 0, 0, 0, 0, 14, 0, 0, 0, 0, 14
"d:\KG\EA\NALA\nala\target\classes\javatools\database\ResultIterator$5.class", "Java", 0, 0, 0, 0, 14, 0, 0, 0, 0, 14
"d:\KG\EA\NALA\nala\target\classes\javatools\database\ResultIterator$6.class", "Java", 0, 0, 0, 0, 12, 0, 0, 0, 0, 12
"d:\KG\EA\NALA\nala\target\classes\javatools\database\ResultIterator$7.class", "Java", 0, 0, 0, 0, 14, 0, 0, 0, 0, 14
"d:\KG\EA\NALA\nala\target\classes\javatools\database\ResultIterator$8.class", "Java", 0, 0, 0, 0, 12, 0, 0, 0, 0, 12
"d:\KG\EA\NALA\nala\target\classes\javatools\database\ResultIterator$ResultWrapper.class", "Java", 0, 0, 0, 0, 8, 0, 0, 0, 0, 8
"d:\KG\EA\NALA\nala\target\classes\javatools\database\ResultIterator.class", "Java", 0, 0, 0, 0, 28, 0, 0, 0, 0, 28
"d:\KG\EA\NALA\nala\target\classes\javatools\database\SQLType$ANSIBigint.class", "Java", 0, 0, 0, 0, 21, 0, 0, 0, 0, 21
"d:\KG\EA\NALA\nala\target\classes\javatools\database\SQLType$ANSIblob.class", "Java", 0, 0, 0, 0, 15, 0, 0, 0, 0, 15
"d:\KG\EA\NALA\nala\target\classes\javatools\database\SQLType$ANSIboolean.class", "Java", 0, 0, 0, 0, 16, 0, 0, 0, 0, 16
"d:\KG\EA\NALA\nala\target\classes\javatools\database\SQLType$ANSIchar.class", "Java", 0, 0, 0, 0, 18, 0, 0, 0, 0, 18
"d:\KG\EA\NALA\nala\target\classes\javatools\database\SQLType$ANSIfloat.class", "Java", 0, 0, 0, 0, 22, 0, 0, 0, 0, 22
"d:\KG\EA\NALA\nala\target\classes\javatools\database\SQLType$ANSIinteger.class", "Java", 0, 0, 0, 0, 29, 0, 0, 0, 0, 29
"d:\KG\EA\NALA\nala\target\classes\javatools\database\SQLType$ANSIsmallint.class", "Java", 0, 0, 0, 0, 29, 0, 0, 0, 0, 29
"d:\KG\EA\NALA\nala\target\classes\javatools\database\SQLType$ANSItext.class", "Java", 0, 0, 0, 0, 15, 0, 0, 0, 0, 15
"d:\KG\EA\NALA\nala\target\classes\javatools\database\SQLType$ANSItimestamp.class", "Java", 0, 0, 0, 0, 22, 0, 0, 0, 0, 22
"d:\KG\EA\NALA\nala\target\classes\javatools\database\SQLType$ANSIvarchar.class", "Java", 0, 0, 0, 0, 20, 0, 0, 0, 0, 20
"d:\KG\EA\NALA\nala\target\classes\javatools\database\SQLType.class", "Java", 0, 0, 0, 0, 30, 0, 0, 0, 0, 30
"d:\KG\EA\NALA\nala\target\classes\javatools\database\WordNet$Synset.class", "Java", 0, 0, 0, 0, 40, 0, 0, 0, 0, 40
"d:\KG\EA\NALA\nala\target\classes\javatools\database\WordNet$WordType.class", "Java", 0, 0, 0, 0, 12, 0, 0, 0, 0, 12
"d:\KG\EA\NALA\nala\target\classes\javatools\database\WordNet.class", "Java", 0, 0, 0, 0, 138, 0, 0, 0, 0, 138
"d:\KG\EA\NALA\nala\target\classes\javatools\datatypes\ArrayQueue.class", "Java", 0, 0, 0, 0, 32, 0, 0, 0, 0, 32
"d:\KG\EA\NALA\nala\target\classes\javatools\datatypes\BitVector$1.class", "Java", 0, 0, 0, 0, 12, 0, 0, 0, 0, 12
"d:\KG\EA\NALA\nala\target\classes\javatools\datatypes\BitVector.class", "Java", 0, 0, 0, 0, 32, 0, 0, 15, 1, 48
"d:\KG\EA\NALA\nala\target\classes\javatools\datatypes\ByteString.class", "Java", 0, 0, 0, 0, 31, 0, 0, 0, 0, 31
"d:\KG\EA\NALA\nala\target\classes\javatools\datatypes\CombinedIterable.class", "Java", 0, 0, 0, 0, 40, 0, 0, 0, 0, 40
"d:\KG\EA\NALA\nala\target\classes\javatools\datatypes\CombinedIterator.class", "Java", 0, 0, 0, 0, 37, 0, 0, 0, 0, 37
"d:\KG\EA\NALA\nala\target\classes\javatools\datatypes\CompressedString.class", "Java", 0, 0, 0, 0, 60, 0, 0, 0, 1, 61
"d:\KG\EA\NALA\nala\target\classes\javatools\datatypes\DirectedGraph$Node.class", "Java", 0, 0, 0, 0, 26, 0, 0, 0, 0, 26
"d:\KG\EA\NALA\nala\target\classes\javatools\datatypes\DirectedGraph.class", "Java", 0, 0, 0, 0, 35, 0, 0, 10, 0, 45
"d:\KG\EA\NALA\nala\target\classes\javatools\datatypes\DoubleHashMap$1.class", "Java", 0, 0, 0, 0, 14, 0, 0, 0, 1, 15
"d:\KG\EA\NALA\nala\target\classes\javatools\datatypes\DoubleHashMap$2.class", "Java", 0, 0, 0, 0, 12, 0, 0, 0, 0, 12
"d:\KG\EA\NALA\nala\target\classes\javatools\datatypes\DoubleHashMap$3.class", "Java", 0, 0, 0, 0, 12, 0, 0, 0, 0, 12
"d:\KG\EA\NALA\nala\target\classes\javatools\datatypes\DoubleHashMap.class", "Java", 0, 0, 0, 0, 113, 0, 0, 0, 1, 114
"d:\KG\EA\NALA\nala\target\classes\javatools\datatypes\FastFrequencyVector.class", "Java", 0, 0, 0, 0, 46, 0, 0, 0, 0, 46
"d:\KG\EA\NALA\nala\target\classes\javatools\datatypes\FilteredIterator$If.class", "Java", 0, 0, 0, 0, 5, 0, 0, 0, 0, 5
"d:\KG\EA\NALA\nala\target\classes\javatools\datatypes\FilteredIterator$IgnoreErrors.class", "Java", 0, 0, 0, 0, 8, 0, 0, 0, 0, 8
"d:\KG\EA\NALA\nala\target\classes\javatools\datatypes\FilteredIterator.class", "Java", 0, 0, 0, 0, 22, 0, 0, 0, 0, 22
"d:\KG\EA\NALA\nala\target\classes\javatools\datatypes\FinalMap.class", "Java", 0, 0, 0, 0, 19, 0, 0, 0, 0, 19
"d:\KG\EA\NALA\nala\target\classes\javatools\datatypes\FinalSet.class", "Java", 0, 0, 0, 0, 23, 0, 0, 0, 0, 23
"d:\KG\EA\NALA\nala\target\classes\javatools\datatypes\FrequencyVector$1.class", "Java", 0, 0, 0, 0, 9, 0, 0, 0, 0, 9
"d:\KG\EA\NALA\nala\target\classes\javatools\datatypes\FrequencyVector.class", "Java", 0, 0, 0, 0, 166, 0, 0, 0, 0, 166
"d:\KG\EA\NALA\nala\target\classes\javatools\datatypes\IdPriorityQueue.class", "Java", 0, 0, 0, 0, 44, 0, 0, 18, 0, 62
"d:\KG\EA\NALA\nala\target\classes\javatools\datatypes\Immutable$List.class", "Java", 0, 0, 0, 0, 14, 0, 0, 0, 0, 14
"d:\KG\EA\NALA\nala\target\classes\javatools\datatypes\Immutable$Set.class", "Java", 0, 0, 0, 0, 18, 0, 0, 0, 0, 18
"d:\KG\EA\NALA\nala\target\classes\javatools\datatypes\Immutable.class", "Java", 0, 0, 0, 0, 5, 0, 0, 0, 0, 5
"d:\KG\EA\NALA\nala\target\classes\javatools\datatypes\IntHashMap$1.class", "Java", 0, 0, 0, 0, 14, 0, 0, 0, 1, 15
"d:\KG\EA\NALA\nala\target\classes\javatools\datatypes\IntHashMap$2.class", "Java", 0, 0, 0, 0, 11, 0, 0, 0, 0, 11
"d:\KG\EA\NALA\nala\target\classes\javatools\datatypes\IntHashMap$3.class", "Java", 0, 0, 0, 0, 11, 0, 0, 0, 0, 11
"d:\KG\EA\NALA\nala\target\classes\javatools\datatypes\IntHashMap.class", "Java", 0, 0, 0, 0, 120, 0, 0, 0, 1, 121
"d:\KG\EA\NALA\nala\target\classes\javatools\datatypes\IntSet$1.class", "Java", 0, 0, 0, 0, 11, 0, 0, 0, 0, 11
"d:\KG\EA\NALA\nala\target\classes\javatools\datatypes\IntSet.class", "Java", 0, 0, 0, 0, 94, 0, 0, 0, 1, 95
"d:\KG\EA\NALA\nala\target\classes\javatools\datatypes\IterableForIterator.class", "Java", 0, 0, 0, 0, 11, 0, 0, 0, 0, 11
"d:\KG\EA\NALA\nala\target\classes\javatools\datatypes\IteratorForEnumeration.class", "Java", 0, 0, 0, 0, 25, 0, 0, 0, 0, 25
"d:\KG\EA\NALA\nala\target\classes\javatools\datatypes\MappedIterator$1.class", "Java", 0, 0, 0, 0, 9, 0, 0, 0, 0, 9
"d:\KG\EA\NALA\nala\target\classes\javatools\datatypes\MappedIterator$Map.class", "Java", 0, 0, 0, 0, 5, 0, 0, 0, 0, 5
"d:\KG\EA\NALA\nala\target\classes\javatools\datatypes\MappedIterator.class", "Java", 0, 0, 0, 0, 24, 0, 0, 0, 0, 24
"d:\KG\EA\NALA\nala\target\classes\javatools\datatypes\MultiMap$MultiMapIterator.class", "Java", 0, 0, 0, 0, 16, 0, 0, 0, 0, 16
"d:\KG\EA\NALA\nala\target\classes\javatools\datatypes\MultiMap.class", "Java", 0, 0, 0, 0, 22, 0, 0, 10, 0, 32
"d:\KG\EA\NALA\nala\target\classes\javatools\datatypes\PQRTree$1.class", "Java", 0, 0, 0, 0, 14, 0, 0, 0, 0, 14
"d:\KG\EA\NALA\nala\target\classes\javatools\datatypes\PQRTree$Color.class", "Java", 0, 0, 0, 0, 12, 0, 0, 0, 0, 12
"d:\KG\EA\NALA\nala\target\classes\javatools\datatypes\PQRTree$Leaf.class", "Java", 0, 0, 0, 0, 15, 0, 0, 0, 0, 15
"d:\KG\EA\NALA\nala\target\classes\javatools\datatypes\PQRTree$Node.class", "Java", 0, 0, 0, 0, 129, 0, 0, 0, 1, 130
"d:\KG\EA\NALA\nala\target\classes\javatools\datatypes\PQRTree$NodeType.class", "Java", 0, 0, 0, 0, 13, 0, 0, 0, 0, 13
"d:\KG\EA\NALA\nala\target\classes\javatools\datatypes\PQRTree.class", "Java", 0, 0, 0, 0, 58, 0, 0, 0, 0, 58
"d:\KG\EA\NALA\nala\target\classes\javatools\datatypes\Pair.class", "Java", 0, 0, 0, 0, 24, 0, 0, 0, 0, 24
"d:\KG\EA\NALA\nala\target\classes\javatools\datatypes\PeekIterator$1.class", "Java", 0, 0, 0, 0, 8, 0, 0, 0, 0, 8
"d:\KG\EA\NALA\nala\target\classes\javatools\datatypes\PeekIterator$ElementaryPeekIterator.class", "Java", 0, 0, 0, 0, 17, 0, 0, 0, 0, 17
"d:\KG\EA\NALA\nala\target\classes\javatools\datatypes\PeekIterator$SimplePeekIterator.class", "Java", 0, 0, 0, 0, 30, 0, 0, 0, 0, 30
"d:\KG\EA\NALA\nala\target\classes\javatools\datatypes\PeekIterator.class", "Java", 0, 0, 0, 0, 85, 0, 0, 0, 0, 85
"d:\KG\EA\NALA\nala\target\classes\javatools\datatypes\SVMModel$KernelType.class", "Java", 0, 0, 0, 0, 13, 0, 0, 0, 0, 13
"d:\KG\EA\NALA\nala\target\classes\javatools\datatypes\SVMModel.class", "Java", 0, 0, 0, 0, 68, 0, 0, 0, 3, 71
"d:\KG\EA\NALA\nala\target\classes\javatools\datatypes\SmallStack.class", "Java", 0, 0, 0, 0, 51, 0, 0, 0, 0, 51
"d:\KG\EA\NALA\nala\target\classes\javatools\datatypes\SparseVector$1.class", "Java", 0, 0, 0, 0, 7, 0, 0, 0, 0, 7
"d:\KG\EA\NALA\nala\target\classes\javatools\datatypes\SparseVector$2.class", "Java", 0, 0, 0, 0, 7, 0, 0, 0, 0, 7
"d:\KG\EA\NALA\nala\target\classes\javatools\datatypes\SparseVector$3.class", "Java", 0, 0, 0, 0, 22, 0, 0, 0, 1, 23
"d:\KG\EA\NALA\nala\target\classes\javatools\datatypes\SparseVector$Distance.class", "Java", 0, 0, 0, 0, 5, 0, 0, 0, 0, 5
"d:\KG\EA\NALA\nala\target\classes\javatools\datatypes\SparseVector.class", "Java", 0, 0, 0, 0, 166, 0, 0, 0, 3, 169
"d:\KG\EA\NALA\nala\target\classes\javatools\datatypes\StringModifier.class", "Java", 0, 0, 0, 0, 54, 0, 0, 0, 0, 54
"d:\KG\EA\NALA\nala\target\classes\javatools\datatypes\Tree$1.class", "Java", 0, 0, 0, 0, 29, 0, 0, 0, 0, 29
"d:\KG\EA\NALA\nala\target\classes\javatools\datatypes\Tree.class", "Java", 0, 0, 0, 0, 53, 0, 0, 0, 1, 54
"d:\KG\EA\NALA\nala\target\classes\javatools\datatypes\Trie$1.class", "Java", 0, 0, 0, 0, 22, 0, 0, 0, 0, 22
"d:\KG\EA\NALA\nala\target\classes\javatools\datatypes\Trie$2.class", "Java", 0, 0, 0, 0, 13, 0, 0, 0, 1, 14
"d:\KG\EA\NALA\nala\target\classes\javatools\datatypes\Trie.class", "Java", 0, 0, 0, 0, 52, 0, 0, 0, 0, 52
"d:\KG\EA\NALA\nala\target\classes\javatools\datatypes\Triple.class", "Java", 0, 0, 0, 0, 19, 0, 0, 0, 0, 19
"d:\KG\EA\NALA\nala\target\classes\javatools\datatypes\UndirectedGraph.class", "Java", 0, 0, 0, 0, 9, 0, 0, 4, 0, 13
"d:\KG\EA\NALA\nala\target\classes\javatools\datatypes\Visitable.class", "Java", 0, 0, 0, 0, 6, 0, 0, 0, 0, 6
"d:\KG\EA\NALA\nala\target\classes\javatools\datatypes\Visitor.class", "Java", 0, 0, 0, 0, 6, 0, 0, 0, 0, 6
"d:\KG\EA\NALA\nala\target\classes\javatools\filehandlers\ByteFileLines.class", "Java", 0, 0, 0, 0, 61, 0, 0, 0, 0, 61
"d:\KG\EA\NALA\nala\target\classes\javatools\filehandlers\ByteMatchReader.class", "Java", 0, 0, 0, 0, 40, 0, 0, 0, 0, 40
"d:\KG\EA\NALA\nala\target\classes\javatools\filehandlers\CSVFile.class", "Java", 0, 0, 0, 0, 85, 0, 0, 3, 0, 88
"d:\KG\EA\NALA\nala\target\classes\javatools\filehandlers\CSVLines.class", "Java", 0, 0, 0, 0, 64, 0, 0, 0, 1, 65
"d:\KG\EA\NALA\nala\target\classes\javatools\filehandlers\DeepFileSet$1.class", "Java", 0, 0, 0, 0, 15, 0, 0, 0, 0, 15
"d:\KG\EA\NALA\nala\target\classes\javatools\filehandlers\DeepFileSet.class", "Java", 0, 0, 0, 0, 41, 0, 0, 0, 1, 42
"d:\KG\EA\NALA\nala\target\classes\javatools\filehandlers\FigureProducer$Alignment.class", "Java", 0, 0, 0, 0, 15, 0, 0, 0, 0, 15
"d:\KG\EA\NALA\nala\target\classes\javatools\filehandlers\FigureProducer$ColumnDescriptor.class", "Java", 0, 0, 0, 0, 34, 0, 0, 0, 0, 34
"d:\KG\EA\NALA\nala\target\classes\javatools\filehandlers\FigureProducer$Table.class", "Java", 0, 0, 0, 0, 16, 0, 0, 0, 0, 16
"d:\KG\EA\NALA\nala\target\classes\javatools\filehandlers\FigureProducer.class", "Java", 0, 0, 0, 0, 97, 0, 0, 0, 2, 99
"d:\KG\EA\NALA\nala\target\classes\javatools\filehandlers\FileLines.class", "Java", 0, 0, 0, 0, 103, 0, 0, 0, 0, 103
"d:\KG\EA\NALA\nala\target\classes\javatools\filehandlers\FileSet$1.class", "Java", 0, 0, 0, 0, 10, 0, 0, 0, 1, 11
"d:\KG\EA\NALA\nala\target\classes\javatools\filehandlers\FileSet.class", "Java", 0, 0, 0, 0, 77, 0, 0, 0, 0, 77
"d:\KG\EA\NALA\nala\target\classes\javatools\filehandlers\HTMLReader.class", "Java", 0, 0, 0, 0, 77, 0, 0, 3, 0, 80
"d:\KG\EA\NALA\nala\target\classes\javatools\filehandlers\MatchReader$MyMatchResult.class", "Java", 0, 0, 0, 0, 20, 0, 0, 0, 0, 20
"d:\KG\EA\NALA\nala\target\classes\javatools\filehandlers\MatchReader.class", "Java", 0, 0, 0, 0, 71, 0, 0, 0, 0, 71
"d:\KG\EA\NALA\nala\target\classes\javatools\filehandlers\MultiWriter.class", "Java", 0, 0, 0, 0, 31, 0, 0, 0, 0, 31
"d:\KG\EA\NALA\nala\target\classes\javatools\filehandlers\RandomAccessFileInputStream.class", "Java", 0, 0, 0, 0, 15, 0, 0, 0, 0, 15
"d:\KG\EA\NALA\nala\target\classes\javatools\filehandlers\SimpleInputStreamReader.class", "Java", 0, 0, 0, 0, 34, 0, 0, 0, 0, 34
"d:\KG\EA\NALA\nala\target\classes\javatools\filehandlers\SimpleOutputStreamWriter.class", "Java", 0, 0, 0, 0, 35, 0, 0, 0, 0, 35
"d:\KG\EA\NALA\nala\target\classes\javatools\filehandlers\TSVFile.class", "Java", 0, 0, 0, 0, 29, 0, 0, 0, 0, 29
"d:\KG\EA\NALA\nala\target\classes\javatools\filehandlers\TSVWriter.class", "Java", 0, 0, 0, 0, 30, 0, 0, 0, 0, 30
"d:\KG\EA\NALA\nala\target\classes\javatools\filehandlers\UTF8Reader.class", "Java", 0, 0, 0, 0, 65, 0, 0, 0, 0, 65
"d:\KG\EA\NALA\nala\target\classes\javatools\filehandlers\UTF8Writer.class", "Java", 0, 0, 0, 0, 49, 0, 0, 0, 0, 49
"d:\KG\EA\NALA\nala\target\classes\javatools\parsers\BloomFilter.class", "Java", 0, 0, 0, 0, 60, 0, 0, 0, 0, 60
"d:\KG\EA\NALA\nala\target\classes\javatools\parsers\Char$1.class", "Java", 0, 0, 0, 0, 7, 0, 0, 0, 0, 7
"d:\KG\EA\NALA\nala\target\classes\javatools\parsers\Char$Char2StringFn.class", "Java", 0, 0, 0, 0, 6, 0, 0, 0, 0, 6
"d:\KG\EA\NALA\nala\target\classes\javatools\parsers\Char$Legal.class", "Java", 0, 0, 0, 0, 5, 0, 0, 0, 0, 5
"d:\KG\EA\NALA\nala\target\classes\javatools\parsers\Char.class", "Java", 0, 0, 0, 0, 291, 0, 0, 2, 1, 294
"d:\KG\EA\NALA\nala\target\classes\javatools\parsers\DateParser$FindReplace.class", "Java", 0, 0, 0, 0, 16, 0, 0, 0, 2, 18
"d:\KG\EA\NALA\nala\target\classes\javatools\parsers\DateParser.class", "Java", 0, 0, 0, 0, 225, 0, 0, 0, 3, 228
"d:\KG\EA\NALA\nala\target\classes\javatools\parsers\DateParser1$FindReplace.class", "Java", 0, 0, 0, 0, 16, 0, 0, 0, 2, 18
"d:\KG\EA\NALA\nala\target\classes\javatools\parsers\DateParser1.class", "Java", 0, 0, 0, 0, 126, 0, 0, 0, 2, 128
"d:\KG\EA\NALA\nala\target\classes\javatools\parsers\Language$LanguageNotSupportedException.class", "Java", 0, 0, 0, 0, 18, 0, 0, 0, 0, 18
"d:\KG\EA\NALA\nala\target\classes\javatools\parsers\Language.class", "Java", 0, 0, 0, 0, 53, 0, 0, 0, 1, 54
"d:\KG\EA\NALA\nala\target\classes\javatools\parsers\Name$Abbreviation.class", "Java", 0, 0, 0, 0, 19, 0, 0, 0, 0, 19
"d:\KG\EA\NALA\nala\target\classes\javatools\parsers\Name$CompanyName.class", "Java", 0, 0, 0, 0, 23, 0, 0, 0, 0, 23
"d:\KG\EA\NALA\nala\target\classes\javatools\parsers\Name$PersonName.class", "Java", 0, 0, 0, 0, 56, 0, 0, 0, 0, 56
"d:\KG\EA\NALA\nala\target\classes\javatools\parsers\Name.class", "Java", 0, 0, 0, 0, 557, 0, 0, 0, 5, 562
"d:\KG\EA\NALA\nala\target\classes\javatools\parsers\NameML$AbbreviationML.class", "Java", 0, 0, 0, 0, 19, 0, 0, 0, 0, 19
"d:\KG\EA\NALA\nala\target\classes\javatools\parsers\NameML$CompanyNameML.class", "Java", 0, 0, 0, 0, 24, 0, 0, 0, 0, 24
"d:\KG\EA\NALA\nala\target\classes\javatools\parsers\NameML$PersonNameML.class", "Java", 0, 0, 0, 0, 58, 0, 0, 0, 0, 58
"d:\KG\EA\NALA\nala\target\classes\javatools\parsers\NameML.class", "Java", 0, 0, 0, 0, 237, 0, 0, 0, 0, 237
"d:\KG\EA\NALA\nala\target\classes\javatools\parsers\NounGroup$1.class", "Java", 0, 0, 0, 0, 11, 0, 0, 0, 0, 11
"d:\KG\EA\NALA\nala\target\classes\javatools\parsers\NounGroup$String2Boolean.class", "Java", 0, 0, 0, 0, 5, 0, 0, 0, 0, 5
"d:\KG\EA\NALA\nala\target\classes\javatools\parsers\NounGroup.class", "Java", 0, 0, 0, 0, 51, 0, 0, 0, 0, 51
"d:\KG\EA\NALA\nala\target\classes\javatools\parsers\NumberFormatter.class", "Java", 0, 0, 0, 0, 68, 0, 0, 0, 0, 68
"d:\KG\EA\NALA\nala\target\classes\javatools\parsers\NumberParser$1.class", "Java", 0, 0, 0, 0, 46, 0, 0, 0, 1, 47
"d:\KG\EA\NALA\nala\target\classes\javatools\parsers\NumberParser$2.class", "Java", 0, 0, 0, 0, 37, 0, 0, 0, 1, 38
"d:\KG\EA\NALA\nala\target\classes\javatools\parsers\NumberParser$3.class", "Java", 0, 0, 0, 0, 36, 0, 0, 0, 1, 37
"d:\KG\EA\NALA\nala\target\classes\javatools\parsers\NumberParser$4.class", "Java", 0, 0, 0, 0, 34, 0, 0, 0, 1, 35
"d:\KG\EA\NALA\nala\target\classes\javatools\parsers\NumberParser$5.class", "Java", 0, 0, 0, 0, 22, 0, 0, 0, 1, 23
"d:\KG\EA\NALA\nala\target\classes\javatools\parsers\NumberParser$6.class", "Java", 0, 0, 0, 0, 34, 0, 0, 0, 1, 35
"d:\KG\EA\NALA\nala\target\classes\javatools\parsers\NumberParser$FindAdd.class", "Java", 0, 0, 0, 0, 7, 0, 0, 0, 1, 8
"d:\KG\EA\NALA\nala\target\classes\javatools\parsers\NumberParser$FindCompute.class", "Java", 0, 0, 0, 0, 39, 0, 0, 21, 0, 60
"d:\KG\EA\NALA\nala\target\classes\javatools\parsers\NumberParser$FindMultiply.class", "Java", 0, 0, 0, 0, 7, 0, 0, 0, 1, 8
"d:\KG\EA\NALA\nala\target\classes\javatools\parsers\NumberParser$FindReplace.class", "Java", 0, 0, 0, 0, 36, 0, 0, 0, 1, 37
"d:\KG\EA\NALA\nala\target\classes\javatools\parsers\NumberParser.class", "Java", 0, 0, 0, 0, 154, 0, 0, 0, 1, 155
"d:\KG\EA\NALA\nala\target\classes\javatools\parsers\PlingStemmer.class", "Java", 0, 0, 0, 0, 264, 0, 0, 0, 3, 267
"d:\KG\EA\NALA\nala\target\classes\javatools\parsers\PositionTracker$ForwardPositionTracker.class", "Java", 0, 0, 0, 0, 24, 0, 0, 0, 0, 24
"d:\KG\EA\NALA\nala\target\classes\javatools\parsers\PositionTracker.class", "Java", 0, 0, 0, 0, 15, 0, 0, 0, 0, 15
"d:\KG\EA\NALA\nala\target\classes\javatools\parsers\RegularExpression$1.class", "Java", 0, 0, 0, 0, 21, 0, 0, 0, 1, 22
"d:\KG\EA\NALA\nala\target\classes\javatools\parsers\RegularExpression$RegExState.class", "Java", 0, 0, 0, 0, 29, 0, 0, 0, 0, 29
"d:\KG\EA\NALA\nala\target\classes\javatools\parsers\RegularExpression.class", "Java", 0, 0, 0, 0, 74, 0, 0, 0, 1, 75
"d:\KG\EA\NALA\nala\target\classes\javatools\test\NewUTF8Reader.class", "Java", 0, 0, 0, 0, 58, 0, 0, 0, 0, 58
"d:\KG\EA\NALA\nala\target\classes\javatools\util\ArrayUtils.class", "Java", 0, 0, 0, 0, 10, 0, 0, 0, 0, 10
"d:\KG\EA\NALA\nala\target\classes\javatools\util\FileUtils.class", "Java", 0, 0, 0, 0, 41, 0, 0, 0, 0, 41
"d:\KG\EA\NALA\nala\target\classes\javatools\util\LatexChecker.class", "Java", 0, 0, 0, 0, 63, 0, 0, 0, 0, 63
"d:\KG\EA\NALA\nala\target\classes\nala\ArrayRelationNormalizer.class", "Java", 0, 0, 0, 0, 44, 0, 0, 0, 0, 44
"d:\KG\EA\NALA\nala\target\classes\nala\Config$EntityType.class", "Java", 0, 0, 0, 0, 13, 0, 0, 0, 0, 13
"d:\KG\EA\NALA\nala\target\classes\nala\Config.class", "Java", 0, 0, 0, 0, 69, 0, 0, 0, 2, 71
"d:\KG\EA\NALA\nala\target\classes\nala\EqualityStore$1.class", "Java", 0, 0, 0, 0, 11, 0, 0, 0, 0, 11
"d:\KG\EA\NALA\nala\target\classes\nala\EqualityStore.class", "Java", 0, 0, 0, 0, 308, 0, 0, 0, 5, 313
"d:\KG\EA\NALA\nala\target\classes\nala\EqualityStoreMultiple.class", "Java", 0, 0, 0, 0, 14, 0, 0, 0, 0, 14
"d:\KG\EA\NALA\nala\target\classes\nala\Evaluation$IterationResults.class", "Java", 0, 0, 0, 0, 12, 0, 0, 0, 0, 12
"d:\KG\EA\NALA\nala\target\classes\nala\Evaluation.class", "Java", 0, 0, 0, 0, 69, 0, 0, 0, 1, 70
"d:\KG\EA\NALA\nala\target\classes\nala\HashArrayNeighborhood.class", "Java", 0, 0, 0, 0, 45, 0, 0, 18, 0, 63
"d:\KG\EA\NALA\nala\target\classes\nala\HashRelationNormalizer.class", "Java", 0, 0, 0, 0, 40, 0, 0, 0, 0, 40
"d:\KG\EA\NALA\nala\target\classes\nala\HashSubRelationStore.class", "Java", 0, 0, 0, 0, 45, 0, 0, 0, 0, 45
"d:\KG\EA\NALA\nala\target\classes\nala\HashSubThingStore.class", "Java", 0, 0, 0, 0, 38, 0, 0, 0, 0, 38
"d:\KG\EA\NALA\nala\target\classes\nala\Info.class", "Java", 0, 0, 0, 0, 23, 0, 0, 0, 1, 24
"d:\KG\EA\NALA\nala\target\classes\nala\JoinRelation.class", "Java", 0, 0, 0, 0, 71, 0, 0, 0, 0, 71
"d:\KG\EA\NALA\nala\target\classes\nala\LevenshteinDistance.class", "Java", 0, 0, 0, 0, 19, 0, 0, 0, 0, 19
"d:\KG\EA\NALA\nala\target\classes\nala\MapperOutput.class", "Java", 0, 0, 0, 0, 56, 0, 0, 0, 1, 57
"d:\KG\EA\NALA\nala\target\classes\nala\MultiMap$Factory.class", "Java", 0, 0, 0, 0, 7, 0, 0, 0, 0, 7
"d:\KG\EA\NALA\nala\target\classes\nala\MultiMap$HashSetFactory.class", "Java", 0, 0, 0, 0, 16, 0, 0, 0, 0, 16
"d:\KG\EA\NALA\nala\target\classes\nala\MultiMap$MultiMapIterator.class", "Java", 0, 0, 0, 0, 20, 0, 0, 0, 0, 20
"d:\KG\EA\NALA\nala\target\classes\nala\MultiMap$VectorFactory.class", "Java", 0, 0, 0, 0, 17, 0, 0, 0, 0, 17
"d:\KG\EA\NALA\nala\target\classes\nala\MultiMap.class", "Java", 0, 0, 0, 0, 40, 0, 0, 0, 0, 40
"d:\KG\EA\NALA\nala\target\classes\nala\Nala$Mapper.class", "Java", 0, 0, 0, 0, 267, 0, 0, 56, 0, 323
"d:\KG\EA\NALA\nala\target\classes\nala\Nala.class", "Java", 0, 0, 0, 0, 318, 0, 0, 114, 2, 434
"d:\KG\EA\NALA\nala\target\classes\nala\Neighborhood.class", "Java", 0, 0, 0, 0, 52, 0, 0, 0, 1, 53
"d:\KG\EA\NALA\nala\target\classes\nala\Relation.class", "Java", 0, 0, 0, 0, 10, 0, 0, 0, 0, 10
"d:\KG\EA\NALA\nala\target\classes\nala\RelationNormalizer.class", "Java", 0, 0, 0, 0, 18, 0, 0, 1, 0, 19
"d:\KG\EA\NALA\nala\target\classes\nala\Result.class", "Java", 0, 0, 0, 0, 242, 0, 0, 0, 3, 245
"d:\KG\EA\NALA\nala\target\classes\nala\Setting$LiteralDistance.class", "Java", 0, 0, 0, 0, 34, 0, 0, 0, 1, 35
"d:\KG\EA\NALA\nala\target\classes\nala\Setting.class", "Java", 0, 0, 0, 0, 46, 0, 0, 0, 1, 47
"d:\KG\EA\NALA\nala\target\classes\nala\SimpleRelation.class", "Java", 0, 0, 0, 0, 15, 0, 0, 0, 0, 15
"d:\KG\EA\NALA\nala\target\classes\nala\SubClassStore.class", "Java", 0, 0, 0, 0, 25, 0, 0, 0, 1, 26
"d:\KG\EA\NALA\nala\target\classes\nala\SubRelationStore.class", "Java", 0, 0, 0, 0, 61, 0, 0, 0, 1, 62
"d:\KG\EA\NALA\nala\target\classes\nala\SubThingStore$SubPair.class", "Java", 0, 0, 0, 0, 25, 0, 0, 0, 0, 25
"d:\KG\EA\NALA\nala\target\classes\nala\SubThingStore.class", "Java", 0, 0, 0, 0, 55, 0, 0, 0, 1, 56
"d:\KG\EA\NALA\nala\target\classes\nala\lapjv\MatrixUtils.class", "Java", 0, 0, 0, 0, 26, 0, 0, 0, 0, 26
"d:\KG\EA\NALA\nala\target\classes\nala\lapjv\ValueLocationStruct.class", "Java", 0, 0, 0, 0, 6, 0, 0, 0, 0, 6
"d:\KG\EA\NALA\nala\target\classes\nala\lapjv\lapjv.class", "Java", 0, 0, 0, 0, 85, 0, 0, 0, 0, 85
"d:\KG\EA\NALA\nala\target\classes\nala\nal\AlignmentSentence.class", "Java", 0, 0, 0, 0, 58, 0, 0, 0, 0, 58
"d:\KG\EA\NALA\nala\target\classes\nala\nal\SimilarityStatement.class", "Java", 0, 0, 0, 0, 21, 0, 0, 0, 0, 21
"d:\KG\EA\NALA\nala\target\classes\nala\nal\Stamp$BaseEntry.class", "Java", 0, 0, 0, 0, 15, 0, 0, 0, 0, 15
"d:\KG\EA\NALA\nala\target\classes\nala\nal\Stamp.class", "Java", 0, 0, 0, 0, 39, 0, 0, 0, 1, 40
"d:\KG\EA\NALA\nala\target\classes\nala\nal\TruthFunctions.class", "Java", 0, 0, 0, 0, 124, 0, 0, 0, 1, 125
"d:\KG\EA\NALA\nala\target\classes\nala\nal\TruthValue.class", "Java", 0, 0, 0, 0, 78, 0, 0, 0, 0, 78
"d:\KG\EA\NALA\nala\target\classes\nala\shingling\HashTable.class", "Java", 0, 0, 0, 0, 13, 0, 0, 0, 0, 13
"d:\KG\EA\NALA\nala\target\classes\nala\shingling\QueryResult.class", "Java", 0, 0, 0, 0, 8, 0, 0, 0, 0, 8
"d:\KG\EA\NALA\nala\target\classes\nala\shingling\ShinglingTable$1.class", "Java", 0, 0, 0, 0, 12, 0, 0, 0, 0, 12
"d:\KG\EA\NALA\nala\target\classes\nala\shingling\ShinglingTable.class", "Java", 0, 0, 0, 0, 120, 0, 0, 0, 0, 120
"d:\KG\EA\NALA\nala\target\classes\nala\shingling\StringVector.class", "Java", 0, 0, 0, 0, 27, 0, 0, 0, 0, 27
"d:\KG\EA\NALA\nala\target\classes\nala\sparseLAPJV\LAPJV.class", "Java", 0, 0, 0, 0, 131, 0, 0, 0, 1, 132
"d:\KG\EA\NALA\nala\target\classes\nala\sparseLAPJV\SparseCostMatrix.class", "Java", 0, 0, 0, 0, 107, 0, 0, 0, 0, 107
"d:\KG\EA\NALA\nala\target\classes\nala\storage\FactStore$1.class", "Java", 0, 0, 0, 0, 17, 0, 0, 3, 1, 21
"d:\KG\EA\NALA\nala\target\classes\nala\storage\FactStore$PredicateAndObject.class", "Java", 0, 0, 0, 0, 17, 0, 0, 0, 0, 17
"d:\KG\EA\NALA\nala\target\classes\nala\storage\FactStore$SubjectAndObject.class", "Java", 0, 0, 0, 0, 7, 0, 0, 0, 0, 7
"d:\KG\EA\NALA\nala\target\classes\nala\storage\FactStore.class", "Java", 0, 0, 0, 0, 303, 0, 0, 0, 4, 307
"d:\KG\EA\NALA\nala\target\classes\nala\storage\LiteralFormatter$1.class", "Java", 0, 0, 0, 0, 10, 0, 0, 0, 0, 10
"d:\KG\EA\NALA\nala\target\classes\nala\storage\LiteralFormatter$2.class", "Java", 0, 0, 0, 0, 8, 0, 0, 0, 0, 8
"d:\KG\EA\NALA\nala\target\classes\nala\storage\LiteralFormatter$3.class", "Java", 0, 0, 0, 0, 9, 0, 0, 0, 0, 9
"d:\KG\EA\NALA\nala\target\classes\nala\storage\LiteralFormatter.class", "Java", 0, 0, 0, 0, 49, 0, 0, 0, 0, 49
"d:\KG\EA\NALA\nala\target\classes\nala\storage\Parser$ImdbParser$IMDBType.class", "Java", 0, 0, 0, 0, 15, 0, 0, 0, 0, 15
"d:\KG\EA\NALA\nala\target\classes\nala\storage\Parser$ImdbParser.class", "Java", 0, 0, 0, 0, 67, 0, 0, 0, 0, 67
"d:\KG\EA\NALA\nala\target\classes\nala\storage\Parser$TsvParser.class", "Java", 0, 0, 0, 0, 24, 0, 0, 0, 0, 24
"d:\KG\EA\NALA\nala\target\classes\nala\storage\Parser$TurtleParser.class", "Java", 0, 0, 0, 0, 38, 0, 0, 0, 0, 38
"d:\KG\EA\NALA\nala\target\classes\nala\storage\Parser.class", "Java", 0, 0, 0, 0, 51, 0, 0, 0, 1, 52
"d:\KG\EA\NALA\nala\target\maven-archiver\pom.properties", "Java Properties", 0, 0, 0, 0, 0, 0, 3, 1, 1, 5
"d:\KG\EA\NALA\nala\util\decode_percent.py", "Python", 0, 0, 7, 0, 0, 0, 0, 1, 4, 12
"d:\KG\EA\NALA\nala\util\fix_yago.sh", "Shell Script", 0, 0, 0, 4, 0, 0, 0, 2, 4, 10
"d:\KG\EA\NALA\nala\util\relation_occurrences_dbpedia.sh", "Shell Script", 0, 0, 0, 1, 0, 0, 0, 1, 2, 4
"d:\KG\EA\NALA\nala\util\relation_occurrences_imdb.sh", "Shell Script", 0, 0, 0, 7, 0, 0, 0, 3, 3, 13
"d:\KG\EA\NALA\nala\util\relation_occurrences_yago.sh", "Shell Script", 0, 0, 0, 6, 0, 0, 0, 1, 3, 10
"d:\KG\EA\NALA\nala\util\remove_yago.sh", "Shell Script", 0, 0, 0, 7, 0, 0, 0, 1, 4, 12
"d:\KG\EA\NALA\nala\util\uniq_yago.sh", "Shell Script", 0, 0, 0, 5, 0, 0, 0, 1, 3, 9
"Total", "-", 210, 23, 3030, 30, 221992, 94, 3, 151078, 36275, 412735